Order_ID,Order_Date,Customer_ID,Customer_Region,Customer_City,Product_Category,Product_Name,Supplier_Name,Shipping_Mode,Warehouse_Location,Quantity,Unit_Price,Total_Revenue,Expected_Delivery_Days,Actual_Delivery_Days,Delay_Days,Delivery_Status,Return_Status,Customer_Rating
ORD00001,2022-11-11,CUST3619,South,Chennai,Sports,Dumbbells,MegaSource Inc,Sea,Delhi WH,7,3178.84,22251.88,7,7,0,On-Time,Returned,5
ORD00002,2022-02-24,CUST1456,West,Ahmedabad,Sports,Cricket Bat,ReliableGoods,Air,Mumbai WH,15,2906.35,43595.25,9,9,0,On-Time,Not Returned,5
ORD00003,2022-11-11,CUST1102,North,Delhi,Furniture,Wardrobe,MegaSource Inc,Road,Bangalore WH,11,3503.89,38542.79,6,8,2,Delayed,Returned,4
ORD00004,2023-03-06,CUST4037,East,Bhubaneswar,Sports,Cycle,MegaSource Inc,Sea,Mumbai WH,8,80.14,641.12,4,4,0,On-Time,Not Returned,4
ORD00005,2023-01-23,CUST2126,East,Guwahati,Furniture,Bed,SwiftVendors,Sea,Bangalore WH,7,549.66,3847.62,7,7,0,On-Time,Not Returned,5
ORD00006,2023-07-15,CUST2003,North,Jaipur,Clothing,Jeans,MegaSource Inc,Sea,Bangalore WH,19,4351.27,82674.13,9,9,0,On-Time,Not Returned,5
ORD00007,2022-06-06,CUST1914,Central,Indore,Electronics,Camera,FastSupply Co,Rail,Kolkata WH,11,3424.66,37671.26,4,5,1,Delayed,Not Returned,3
ORD00008,2022-04-24,CUST1571,Central,Nagpur,Electronics,Headphones,FastSupply Co,Rail,Bangalore WH,11,609.01,6699.11,9,9,0,On-Time,Not Returned,4
ORD00009,2022-06-04,CUST4016,East,Bhubaneswar,Sports,Yoga Mat,MegaSource Inc,Road,Delhi WH,4,4218.27,16873.08,5,8,3,Delayed,Not Returned,1
ORD00010,2022-03-30,CUST1419,East,Guwahati,Sports,Cricket Bat,FastSupply Co,Air,Delhi WH,8,1249.04,9992.32,3,3,0,On-Time,Not Returned,4
ORD00011,2022-12-11,CUST3771,South,Bangalore,Furniture,Bed,ReliableGoods,Air,Hyderabad WH,3,2417.39,7252.17,7,7,0,On-Time,Returned,5
ORD00012,2023-10-15,CUST4033,South,Bangalore,Clothing,Jeans,FastSupply Co,Sea,Mumbai WH,2,768.72,1537.44,8,8,0,On-Time,Not Returned,5
ORD00013,2023-03-20,CUST4654,East,Patna,Furniture,Chair,QuickMart Ltd,Road,Mumbai WH,12,3565.04,42780.48,7,7,0,On-Time,Not Returned,4
ORD00014,2022-09-16,CUST3233,Central,Nagpur,Grocery,Pulses,ReliableGoods,Air,Kolkata WH,6,3350.93,20105.58,4,4,0,On-Time,Not Returned,4
ORD00015,2023-09-12,CUST1356,South,Hyderabad,Sports,Yoga Mat,FastSupply Co,Rail,Bangalore WH,2,1095.01,2190.02,5,5,0,On-Time,Not Returned,5
ORD00016,2022-12-31,CUST3418,North,Jaipur,Electronics,Camera,SwiftVendors,Air,Hyderabad WH,1,4323.83,4323.83,9,8,-1,Early,Not Returned,5
ORD00017,2022-06-17,CUST2728,South,Chennai,Electronics,Tablet,ReliableGoods,Rail,Hyderabad WH,12,2036.46,24437.52,6,7,1,Delayed,Not Returned,3
ORD00018,2023-01-01,CUST1130,South,Bangalore,Furniture,Sofa,SwiftVendors,Rail,Delhi WH,12,1497.95,17975.4,8,8,0,On-Time,Not Returned,4
ORD00019,2022-09-20,CUST1122,South,Kochi,Furniture,Wardrobe,SwiftVendors,Sea,Mumbai WH,17,804.03,13668.51,5,5,0,On-Time,Not Returned,5
ORD00020,2023-08-12,CUST1383,West,Surat,Sports,Dumbbells,QuickMart Ltd,Air,Delhi WH,10,1367.53,13675.3,7,12,5,Delayed,Returned,1
ORD00021,2022-06-26,CUST1895,North,Chandigarh,Furniture,Sofa,QuickMart Ltd,Rail,Mumbai WH,16,159.03,2544.48,6,6,0,On-Time,Not Returned,4
ORD00022,2022-01-18,CUST1952,East,Kolkata,Electronics,Tablet,FastSupply Co,Sea,Delhi WH,15,2937.12,44056.8,5,5,0,On-Time,Not Returned,5
ORD00023,2023-02-14,CUST3069,Central,Bhopal,Electronics,Laptop,FastSupply Co,Air,Mumbai WH,15,4219.04,63285.6,3,5,2,Delayed,Not Returned,3
ORD00024,2023-11-07,CUST3465,Central,Nagpur,Electronics,Laptop,MegaSource Inc,Road,Delhi WH,19,2767.45,52581.55,8,9,1,Delayed,Not Returned,3
ORD00025,2023-12-09,CUST1108,East,Guwahati,Grocery,Oil,QuickMart Ltd,Air,Mumbai WH,12,1135.41,13624.92,4,4,0,On-Time,Not Returned,5
ORD00026,2022-10-11,CUST3298,West,Pune,Furniture,Sofa,FastSupply Co,Air,Bangalore WH,3,216.66,649.98,5,5,0,On-Time,Returned,5
ORD00027,2022-10-17,CUST1814,Central,Bhopal,Sports,Cycle,ReliableGoods,Road,Delhi WH,5,1112.41,5562.05,5,5,0,On-Time,Not Returned,4
ORD00028,2023-10-21,CUST3932,South,Bangalore,Electronics,Mobile,FastSupply Co,Sea,Delhi WH,19,2109.8,40086.2,3,4,1,Delayed,Not Returned,3
ORD00029,2022-04-01,CUST3661,Central,Indore,Grocery,Sugar,FastSupply Co,Sea,Delhi WH,7,3810.08,26670.56,7,7,0,On-Time,Not Returned,5
ORD00030,2022-05-07,CUST3872,North,Delhi,Furniture,Table,ReliableGoods,Rail,Delhi WH,9,979.82,8818.38,9,9,0,On-Time,Not Returned,4
ORD00031,2022-04-14,CUST3232,North,Delhi,Clothing,T-Shirt,ReliableGoods,Air,Kolkata WH,7,3612.97,25290.79,9,9,0,On-Time,Not Returned,4
ORD00032,2023-11-18,CUST2718,East,Kolkata,Sports,Football,ReliableGoods,Air,Kolkata WH,18,4341.32,78143.76,8,8,0,On-Time,Not Returned,4
ORD00033,2023-12-29,CUST1902,West,Surat,Sports,Yoga Mat,SwiftVendors,Rail,Bangalore WH,4,2297.04,9188.16,8,15,7,Delayed,Not Returned,3
ORD00034,2023-09-20,CUST2839,West,Pune,Sports,Yoga Mat,ReliableGoods,Road,Delhi WH,14,4116.09,57625.26,4,7,3,Delayed,Returned,2
ORD00035,2023-05-20,CUST3413,Central,Bhopal,Sports,Football,QuickMart Ltd,Rail,Mumbai WH,18,2795.55,50319.9,5,7,2,Delayed,Not Returned,3
ORD00036,2022-07-20,CUST2139,West,Surat,Clothing,Saree,SwiftVendors,Sea,Delhi WH,9,3203.6,28832.4,6,6,0,On-Time,Not Returned,4
ORD00037,2023-07-14,CUST4315,West,Surat,Furniture,Chair,FastSupply Co,Rail,Bangalore WH,2,2655.08,5310.16,5,5,0,On-Time,Not Returned,4
ORD00038,2023-07-18,CUST4560,Central,Raipur,Furniture,Chair,MegaSource Inc,Air,Delhi WH,15,2342.7,35140.5,9,9,0,On-Time,Returned,5
ORD00039,2022-03-24,CUST1026,North,Delhi,Furniture,Sofa,ReliableGoods,Air,Mumbai WH,7,1211.53,8480.71,4,4,0,On-Time,Not Returned,4
ORD00040,2023-06-28,CUST4108,South,Kochi,Sports,Cricket Bat,ReliableGoods,Air,Delhi WH,12,1550.81,18609.72,5,4,-1,Early,Not Returned,4
ORD00041,2022-05-31,CUST4300,East,Bhubaneswar,Clothing,Saree,MegaSource Inc,Rail,Hyderabad WH,8,1485.35,11882.8,3,3,0,On-Time,Not Returned,5
ORD00042,2023-04-20,CUST1653,North,Jaipur,Grocery,Oil,QuickMart Ltd,Road,Mumbai WH,15,2838.28,42574.2,9,9,0,On-Time,Not Returned,4
ORD00043,2022-09-13,CUST3859,West,Surat,Sports,Cycle,MegaSource Inc,Rail,Kolkata WH,3,643.77,1931.31,5,5,0,On-Time,Not Returned,5
ORD00044,2022-01-03,CUST2731,West,Ahmedabad,Clothing,Shoes,SwiftVendors,Sea,Bangalore WH,14,4588.12,64233.68,5,6,1,Delayed,Returned,3
ORD00045,2023-11-16,CUST2393,Central,Bhopal,Electronics,Headphones,MegaSource Inc,Road,Mumbai WH,17,3617.24,61493.08,9,9,0,On-Time,Not Returned,5
ORD00046,2023-03-16,CUST2138,East,Guwahati,Furniture,Table,SwiftVendors,Rail,Kolkata WH,4,2037.16,8148.64,6,6,0,On-Time,Not Returned,5
ORD00047,2022-08-28,CUST1636,South,Bangalore,Sports,Dumbbells,FastSupply Co,Rail,Bangalore WH,18,835.19,15033.42,9,9,0,On-Time,Not Returned,5
ORD00048,2022-11-11,CUST1881,Central,Raipur,Sports,Cricket Bat,ReliableGoods,Sea,Kolkata WH,8,4415.86,35326.88,3,8,5,Delayed,Not Returned,1
ORD00049,2022-08-19,CUST4920,Central,Indore,Clothing,Jacket,ReliableGoods,Air,Delhi WH,4,4127.7,16510.8,3,3,0,On-Time,Not Returned,5
ORD00050,2022-12-12,CUST4127,South,Bangalore,Furniture,Sofa,SwiftVendors,Rail,Mumbai WH,2,3622.52,7245.04,5,10,5,Delayed,Not Returned,2
ORD00051,2023-11-25,CUST2378,South,Chennai,Grocery,Pulses,QuickMart Ltd,Air,Mumbai WH,6,1394.16,8364.96,8,11,3,Delayed,Not Returned,1
ORD00052,2023-08-24,CUST1418,West,Ahmedabad,Electronics,Mobile,QuickMart Ltd,Sea,Bangalore WH,10,2042.11,20421.1,6,6,0,On-Time,Not Returned,5
ORD00053,2022-10-22,CUST1379,Central,Indore,Clothing,Shoes,QuickMart Ltd,Rail,Hyderabad WH,4,558.6,2234.4,5,7,2,Delayed,Not Returned,3
ORD00054,2023-05-28,CUST2556,North,Lucknow,Grocery,Oil,SwiftVendors,Rail,Delhi WH,18,985.75,17743.5,9,9,0,On-Time,Not Returned,4
ORD00055,2023-05-30,CUST1396,North,Chandigarh,Grocery,Rice,QuickMart Ltd,Sea,Kolkata WH,12,3925.93,47111.16,5,4,-1,Early,Not Returned,5
ORD00056,2022-07-03,CUST2470,Central,Bhopal,Electronics,Camera,QuickMart Ltd,Air,Kolkata WH,2,3589.44,7178.88,4,4,0,On-Time,Not Returned,5
ORD00057,2022-03-08,CUST4471,South,Chennai,Electronics,Headphones,QuickMart Ltd,Air,Kolkata WH,10,2987.75,29877.5,4,4,0,On-Time,Not Returned,5
ORD00058,2023-06-25,CUST2408,East,Kolkata,Electronics,Camera,FastSupply Co,Rail,Bangalore WH,4,4483.85,17935.4,8,8,0,On-Time,Not Returned,4
ORD00059,2023-06-14,CUST3472,South,Chennai,Grocery,Rice,FastSupply Co,Rail,Kolkata WH,14,2937.17,41120.38,6,6,0,On-Time,Not Returned,5
ORD00060,2022-10-11,CUST2083,South,Kochi,Clothing,Shoes,ReliableGoods,Road,Hyderabad WH,16,2361.49,37783.84,7,5,-2,Early,Not Returned,5
ORD00061,2023-08-24,CUST4305,East,Bhubaneswar,Grocery,Flour,MegaSource Inc,Air,Mumbai WH,15,1734.84,26022.6,4,4,0,On-Time,Not Returned,4
ORD00062,2023-03-06,CUST1177,South,Hyderabad,Clothing,Jacket,SwiftVendors,Road,Hyderabad WH,8,4705.22,37641.76,7,8,1,Delayed,Not Returned,4
ORD00063,2023-07-04,CUST3988,East,Guwahati,Grocery,Sugar,FastSupply Co,Air,Hyderabad WH,14,459.44,6432.16,3,3,0,On-Time,Not Returned,4
ORD00064,2022-01-24,CUST2881,Central,Raipur,Electronics,Headphones,QuickMart Ltd,Rail,Delhi WH,8,4657.89,37263.12,4,11,7,Delayed,Returned,2
ORD00065,2023-02-19,CUST3196,East,Kolkata,Furniture,Table,QuickMart Ltd,Air,Delhi WH,16,4142.24,66275.84,4,4,0,On-Time,Not Returned,5
ORD00066,2023-02-19,CUST1511,North,Chandigarh,Sports,Football,MegaSource Inc,Air,Mumbai WH,13,693.15,9010.95,6,6,0,On-Time,Not Returned,5
ORD00067,2022-09-23,CUST4985,East,Guwahati,Grocery,Rice,QuickMart Ltd,Rail,Mumbai WH,18,2846.67,51240.06,8,8,0,On-Time,Not Returned,5
ORD00068,2022-01-19,CUST4777,South,Hyderabad,Sports,Cycle,MegaSource Inc,Rail,Delhi WH,15,4339.41,65091.15,7,9,2,Delayed,Not Returned,3
ORD00069,2022-12-22,CUST2550,Central,Raipur,Sports,Cycle,MegaSource Inc,Rail,Hyderabad WH,13,2880.46,37445.98,9,9,0,On-Time,Not Returned,5
ORD00070,2022-04-11,CUST1322,East,Guwahati,Sports,Cricket Bat,ReliableGoods,Air,Mumbai WH,9,4540.64,40865.76,4,4,0,On-Time,Returned,5
ORD00071,2022-04-14,CUST3261,South,Hyderabad,Grocery,Sugar,SwiftVendors,Road,Kolkata WH,15,4717.77,70766.55,4,4,0,On-Time,Not Returned,4
ORD00072,2022-02-14,CUST2200,East,Patna,Furniture,Bed,SwiftVendors,Road,Mumbai WH,13,2140.8,27830.4,6,8,2,Delayed,Not Returned,4
ORD00073,2022-07-06,CUST4397,Central,Indore,Sports,Cricket Bat,SwiftVendors,Air,Kolkata WH,1,1917.7,1917.7,6,6,0,On-Time,Not Returned,4
ORD00074,2022-04-04,CUST3574,Central,Nagpur,Grocery,Rice,SwiftVendors,Road,Bangalore WH,7,4684.79,32793.53,8,8,0,On-Time,Not Returned,5
ORD00075,2022-06-14,CUST3533,North,Jaipur,Grocery,Flour,MegaSource Inc,Air,Kolkata WH,9,3391.94,30527.46,7,7,0,On-Time,Not Returned,4
ORD00076,2023-01-15,CUST4626,Central,Indore,Grocery,Oil,QuickMart Ltd,Rail,Hyderabad WH,1,624.31,624.31,3,6,3,Delayed,Returned,1
ORD00077,2022-11-15,CUST4529,South,Bangalore,Grocery,Pulses,MegaSource Inc,Rail,Mumbai WH,12,259.34,3112.08,9,16,7,Delayed,Returned,3
ORD00078,2022-07-20,CUST2481,Central,Raipur,Grocery,Sugar,ReliableGoods,Air,Delhi WH,8,2844.91,22759.28,8,8,0,On-Time,Not Returned,5
ORD00079,2023-11-04,CUST3364,Central,Indore,Clothing,Shoes,MegaSource Inc,Rail,Hyderabad WH,11,4654.35,51197.85,3,3,0,On-Time,Not Returned,4
ORD00080,2022-10-13,CUST1787,South,Hyderabad,Clothing,Jacket,QuickMart Ltd,Rail,Hyderabad WH,19,4229.03,80351.57,5,5,0,On-Time,Not Returned,4
ORD00081,2022-03-26,CUST3885,South,Hyderabad,Sports,Football,SwiftVendors,Air,Delhi WH,17,3395.45,57722.65,4,4,0,On-Time,Not Returned,5
ORD00082,2022-07-10,CUST1284,Central,Raipur,Clothing,Shoes,FastSupply Co,Sea,Mumbai WH,8,738.62,5908.96,7,7,0,On-Time,Not Returned,5
ORD00083,2022-09-11,CUST1187,Central,Indore,Grocery,Rice,ReliableGoods,Air,Mumbai WH,3,1308.45,3925.35,8,9,1,Delayed,Not Returned,3
ORD00084,2022-01-31,CUST3708,East,Bhubaneswar,Grocery,Sugar,FastSupply Co,Rail,Bangalore WH,3,4383.78,13151.34,4,4,0,On-Time,Not Returned,4
ORD00085,2022-05-02,CUST1933,Central,Bhopal,Clothing,T-Shirt,QuickMart Ltd,Sea,Delhi WH,1,954.9,954.9,7,14,7,Delayed,Returned,1
ORD00086,2023-12-27,CUST4166,North,Chandigarh,Sports,Dumbbells,QuickMart Ltd,Air,Hyderabad WH,5,1428.28,7141.4,7,7,0,On-Time,Returned,4
ORD00087,2023-02-16,CUST2185,North,Jaipur,Sports,Cricket Bat,FastSupply Co,Rail,Bangalore WH,10,691.52,6915.2,7,8,1,Delayed,Not Returned,4
ORD00088,2022-02-22,CUST1326,North,Chandigarh,Electronics,Tablet,QuickMart Ltd,Rail,Mumbai WH,7,3396.74,23777.18,4,4,0,On-Time,Not Returned,4
ORD00089,2022-11-15,CUST4503,North,Delhi,Clothing,Saree,FastSupply Co,Air,Hyderabad WH,9,4722.71,42504.39,8,8,0,On-Time,Not Returned,5
ORD00090,2023-09-18,CUST1953,Central,Nagpur,Grocery,Oil,QuickMart Ltd,Road,Kolkata WH,7,1381.39,9669.73,9,9,0,On-Time,Not Returned,5
ORD00091,2023-06-25,CUST4549,East,Guwahati,Grocery,Flour,QuickMart Ltd,Air,Kolkata WH,9,2403.26,21629.34,6,6,0,On-Time,Not Returned,4
ORD00092,2023-03-11,CUST1413,South,Hyderabad,Electronics,Laptop,ReliableGoods,Air,Delhi WH,8,3189.98,25519.84,4,4,0,On-Time,Not Returned,5
ORD00093,2022-01-05,CUST2556,Central,Bhopal,Clothing,Shoes,MegaSource Inc,Air,Delhi WH,12,4997.36,59968.32,7,9,2,Delayed,Not Returned,3
ORD00094,2022-09-03,CUST2138,West,Pune,Sports,Dumbbells,FastSupply Co,Air,Hyderabad WH,2,568.8,1137.6,8,15,7,Delayed,Returned,2
ORD00095,2023-05-24,CUST2857,Central,Indore,Furniture,Chair,SwiftVendors,Sea,Mumbai WH,1,2517.93,2517.93,9,9,0,On-Time,Not Returned,4
ORD00096,2022-05-26,CUST3603,North,Delhi,Electronics,Headphones,ReliableGoods,Air,Delhi WH,16,1956.34,31301.44,5,5,0,On-Time,Not Returned,4
ORD00097,2022-04-13,CUST4416,West,Mumbai,Sports,Cricket Bat,ReliableGoods,Sea,Mumbai WH,5,4335.81,21679.05,3,3,0,On-Time,Not Returned,4
ORD00098,2024-01-01,CUST2494,Central,Nagpur,Grocery,Rice,MegaSource Inc,Rail,Kolkata WH,3,2406.04,7218.12,7,7,0,On-Time,Not Returned,4
ORD00099,2023-10-20,CUST1666,East,Guwahati,Electronics,Tablet,QuickMart Ltd,Sea,Kolkata WH,12,599.34,7192.08,5,5,0,On-Time,Returned,5
ORD00100,2023-06-02,CUST2516,East,Guwahati,Electronics,Laptop,SwiftVendors,Air,Mumbai WH,8,3190.4,25523.2,6,8,2,Delayed,Not Returned,4
ORD00101,2023-01-30,CUST2455,West,Mumbai,Furniture,Bed,ReliableGoods,Rail,Hyderabad WH,3,3865.36,11596.08,9,7,-2,Early,Returned,5
ORD00102,2022-02-24,CUST1858,South,Chennai,Sports,Yoga Mat,ReliableGoods,Road,Mumbai WH,1,64.26,64.26,9,16,7,Delayed,Returned,2
ORD00103,2022-03-01,CUST3745,West,Ahmedabad,Furniture,Sofa,QuickMart Ltd,Road,Bangalore WH,3,4301.84,12905.52,7,7,0,On-Time,Not Returned,5
ORD00104,2022-07-27,CUST2093,East,Bhubaneswar,Electronics,Headphones,ReliableGoods,Air,Kolkata WH,5,970.81,4854.05,9,14,5,Delayed,Not Returned,2
ORD00105,2022-06-17,CUST3874,West,Ahmedabad,Sports,Yoga Mat,SwiftVendors,Rail,Hyderabad WH,15,2782.74,41741.1,5,7,2,Delayed,Not Returned,4
ORD00106,2022-03-05,CUST4836,North,Delhi,Clothing,Jacket,MegaSource Inc,Road,Bangalore WH,14,2108.2,29514.8,7,7,0,On-Time,Not Returned,5
ORD00107,2023-12-17,CUST3799,North,Delhi,Electronics,Laptop,SwiftVendors,Road,Kolkata WH,3,3612.29,10836.87,4,4,0,On-Time,Not Returned,4
ORD00108,2022-07-26,CUST3654,South,Kochi,Furniture,Wardrobe,ReliableGoods,Air,Kolkata WH,1,1887.25,1887.25,8,11,3,Delayed,Not Returned,3
ORD00109,2022-04-18,CUST1292,West,Surat,Furniture,Sofa,FastSupply Co,Air,Kolkata WH,5,4355.33,21776.65,5,5,0,On-Time,Not Returned,5
ORD00110,2023-09-01,CUST3495,West,Ahmedabad,Furniture,Bed,MegaSource Inc,Sea,Mumbai WH,14,3665.96,51323.44,8,8,0,On-Time,Not Returned,4
ORD00111,2023-04-03,CUST3600,West,Mumbai,Furniture,Wardrobe,SwiftVendors,Road,Kolkata WH,7,3256.18,22793.26,4,4,0,On-Time,Not Returned,5
ORD00112,2023-07-18,CUST1700,West,Pune,Furniture,Chair,MegaSource Inc,Road,Delhi WH,9,3991.39,35922.51,4,4,0,On-Time,Not Returned,5
ORD00113,2023-08-30,CUST3187,South,Kochi,Grocery,Flour,MegaSource Inc,Road,Kolkata WH,15,3782.41,56736.15,8,8,0,On-Time,Not Returned,4
ORD00114,2023-09-30,CUST3986,East,Guwahati,Electronics,Headphones,QuickMart Ltd,Road,Delhi WH,15,227.9,3418.5,5,10,5,Delayed,Not Returned,1
ORD00115,2023-09-11,CUST2002,Central,Bhopal,Clothing,Jacket,MegaSource Inc,Sea,Mumbai WH,10,2003.94,20039.4,8,9,1,Delayed,Not Returned,3
ORD00116,2022-02-20,CUST1669,South,Bangalore,Clothing,Jacket,MegaSource Inc,Air,Hyderabad WH,13,4657.5,60547.5,8,9,1,Delayed,Not Returned,3
ORD00117,2022-03-24,CUST2893,East,Patna,Sports,Cricket Bat,ReliableGoods,Rail,Hyderabad WH,19,672.34,12774.46,3,3,0,On-Time,Returned,5
ORD00118,2022-04-02,CUST2554,East,Bhubaneswar,Grocery,Sugar,SwiftVendors,Road,Kolkata WH,7,3698.63,25890.41,5,6,1,Delayed,Not Returned,4
ORD00119,2022-10-10,CUST2105,East,Kolkata,Electronics,Camera,ReliableGoods,Sea,Bangalore WH,17,4874.23,82861.91,3,3,0,On-Time,Not Returned,5
ORD00120,2022-02-03,CUST4790,West,Pune,Furniture,Chair,FastSupply Co,Road,Bangalore WH,4,308.38,1233.52,7,7,0,On-Time,Not Returned,4
ORD00121,2022-01-14,CUST3621,South,Bangalore,Furniture,Chair,MegaSource Inc,Air,Mumbai WH,5,3426.86,17134.3,9,9,0,On-Time,Not Returned,5
ORD00122,2022-08-03,CUST3818,East,Kolkata,Clothing,Jeans,SwiftVendors,Sea,Bangalore WH,7,2367.36,16571.52,8,8,0,On-Time,Not Returned,4
ORD00123,2022-11-01,CUST3281,Central,Raipur,Clothing,T-Shirt,MegaSource Inc,Road,Hyderabad WH,13,2916.92,37919.96,7,7,0,On-Time,Not Returned,4
ORD00124,2023-05-02,CUST1899,Central,Nagpur,Grocery,Rice,FastSupply Co,Sea,Bangalore WH,15,472.44,7086.6,5,5,0,On-Time,Not Returned,4
ORD00125,2022-04-30,CUST3804,North,Delhi,Electronics,Mobile,MegaSource Inc,Road,Bangalore WH,11,262.88,2891.68,8,8,0,On-Time,Returned,4
ORD00126,2022-09-04,CUST2328,East,Bhubaneswar,Electronics,Laptop,ReliableGoods,Rail,Bangalore WH,4,3350.99,13403.96,9,9,0,On-Time,Not Returned,5
ORD00127,2022-04-20,CUST4452,South,Chennai,Sports,Yoga Mat,FastSupply Co,Rail,Mumbai WH,13,4125.38,53629.94,7,5,-2,Early,Not Returned,4
ORD00128,2023-12-08,CUST4147,West,Ahmedabad,Furniture,Bed,SwiftVendors,Road,Kolkata WH,7,3920.98,27446.86,6,6,0,On-Time,Not Returned,5
ORD00129,2023-05-24,CUST4178,North,Jaipur,Electronics,Mobile,QuickMart Ltd,Sea,Kolkata WH,19,2741.84,52094.96,4,5,1,Delayed,Not Returned,4
ORD00130,2022-04-12,CUST1229,East,Patna,Electronics,Mobile,FastSupply Co,Sea,Kolkata WH,2,544.34,1088.68,8,8,0,On-Time,Not Returned,5
ORD00131,2023-08-27,CUST1938,West,Surat,Grocery,Rice,QuickMart Ltd,Rail,Delhi WH,10,3455.82,34558.2,9,9,0,On-Time,Not Returned,4
ORD00132,2023-04-23,CUST4366,South,Kochi,Grocery,Oil,ReliableGoods,Rail,Bangalore WH,13,1247.35,16215.55,4,3,-1,Early,Not Returned,5
ORD00133,2023-10-30,CUST1131,South,Bangalore,Sports,Yoga Mat,FastSupply Co,Road,Hyderabad WH,6,4559.79,27358.74,3,3,0,On-Time,Not Returned,5
ORD00134,2023-07-23,CUST4297,North,Delhi,Furniture,Wardrobe,FastSupply Co,Air,Delhi WH,12,4199.41,50392.92,7,7,0,On-Time,Not Returned,5
ORD00135,2023-03-01,CUST2292,North,Delhi,Sports,Cricket Bat,SwiftVendors,Sea,Delhi WH,12,3561.45,42737.4,3,4,1,Delayed,Returned,4
ORD00136,2022-02-16,CUST2643,East,Kolkata,Grocery,Rice,MegaSource Inc,Rail,Hyderabad WH,11,4746.79,52214.69,9,9,0,On-Time,Not Returned,4
ORD00137,2022-04-18,CUST2096,West,Ahmedabad,Furniture,Sofa,QuickMart Ltd,Sea,Kolkata WH,7,205.54,1438.78,8,11,3,Delayed,Not Returned,1
ORD00138,2023-10-08,CUST1271,Central,Raipur,Grocery,Rice,MegaSource Inc,Air,Bangalore WH,1,3694.19,3694.19,4,4,0,On-Time,Not Returned,5
ORD00139,2023-02-02,CUST1864,West,Ahmedabad,Grocery,Rice,MegaSource Inc,Air,Mumbai WH,1,1684.7,1684.7,4,4,0,On-Time,Returned,4
ORD00140,2022-06-09,CUST4740,South,Hyderabad,Sports,Cricket Bat,ReliableGoods,Sea,Bangalore WH,13,4535.03,58955.39,7,7,0,On-Time,Not Returned,4
ORD00141,2022-12-30,CUST4862,South,Bangalore,Clothing,Saree,ReliableGoods,Road,Hyderabad WH,9,1370.04,12330.36,8,8,0,On-Time,Not Returned,5
ORD00142,2023-12-02,CUST3323,East,Bhubaneswar,Clothing,T-Shirt,SwiftVendors,Rail,Kolkata WH,3,3638.04,10914.12,6,11,5,Delayed,Not Returned,2
ORD00143,2023-09-24,CUST4589,Central,Indore,Sports,Yoga Mat,FastSupply Co,Road,Delhi WH,7,4394.35,30760.45,6,7,1,Delayed,Returned,3
ORD00144,2022-02-22,CUST3940,East,Guwahati,Grocery,Sugar,SwiftVendors,Road,Kolkata WH,6,256.2,1537.2,7,7,0,On-Time,Returned,4
ORD00145,2023-06-04,CUST2288,South,Chennai,Grocery,Pulses,QuickMart Ltd,Air,Delhi WH,8,2018.36,16146.88,8,8,0,On-Time,Not Returned,4
ORD00146,2022-09-22,CUST1870,South,Hyderabad,Grocery,Flour,ReliableGoods,Road,Delhi WH,9,3823.43,34410.87,7,8,1,Delayed,Not Returned,4
ORD00147,2022-04-11,CUST3684,West,Pune,Clothing,Saree,SwiftVendors,Road,Delhi WH,5,2301.85,11509.25,8,8,0,On-Time,Not Returned,4
ORD00148,2023-08-19,CUST3044,Central,Indore,Furniture,Table,QuickMart Ltd,Air,Kolkata WH,1,1372.9,1372.9,9,9,0,On-Time,Not Returned,4
ORD00149,2023-10-26,CUST2620,West,Mumbai,Electronics,Mobile,QuickMart Ltd,Road,Delhi WH,19,1138.04,21622.76,9,9,0,On-Time,Not Returned,5
ORD00150,2022-10-19,CUST4623,West,Mumbai,Sports,Dumbbells,QuickMart Ltd,Road,Kolkata WH,10,701.02,7010.2,3,3,0,On-Time,Not Returned,4
ORD00151,2023-10-14,CUST4745,East,Patna,Sports,Cycle,FastSupply Co,Air,Mumbai WH,12,4292.79,51513.48,7,8,1,Delayed,Not Returned,4
ORD00152,2023-04-23,CUST3633,West,Ahmedabad,Grocery,Rice,QuickMart Ltd,Air,Mumbai WH,15,2898.01,43470.15,8,7,-1,Early,Not Returned,4
ORD00153,2023-06-21,CUST2879,North,Delhi,Grocery,Oil,MegaSource Inc,Sea,Bangalore WH,9,428.11,3852.99,6,6,0,On-Time,Not Returned,5
ORD00154,2022-12-03,CUST1585,North,Lucknow,Clothing,Saree,SwiftVendors,Road,Delhi WH,17,1943.77,33044.09,8,8,0,On-Time,Not Returned,5
ORD00155,2023-01-09,CUST2084,West,Ahmedabad,Grocery,Oil,SwiftVendors,Road,Bangalore WH,17,1870.28,31794.76,9,9,0,On-Time,Not Returned,5
ORD00156,2022-01-10,CUST1571,Central,Indore,Furniture,Wardrobe,QuickMart Ltd,Rail,Delhi WH,12,949.61,11395.32,8,8,0,On-Time,Not Returned,5
ORD00157,2023-10-06,CUST2010,West,Surat,Sports,Cycle,SwiftVendors,Air,Kolkata WH,7,2205.76,15440.32,7,7,0,On-Time,Returned,5
ORD00158,2022-05-04,CUST4051,South,Kochi,Electronics,Tablet,SwiftVendors,Air,Delhi WH,2,1693.89,3387.78,3,6,3,Delayed,Returned,3
ORD00159,2022-03-20,CUST3299,South,Bangalore,Grocery,Rice,SwiftVendors,Road,Bangalore WH,3,1741.93,5225.79,3,3,0,On-Time,Not Returned,4
ORD00160,2022-07-30,CUST3207,Central,Raipur,Furniture,Wardrobe,FastSupply Co,Air,Hyderabad WH,17,3708.18,63039.06,3,3,0,On-Time,Not Returned,5
ORD00161,2023-03-25,CUST2076,East,Guwahati,Electronics,Camera,SwiftVendors,Air,Bangalore WH,5,1155.15,5775.75,3,3,0,On-Time,Returned,4
ORD00162,2022-12-15,CUST4059,North,Jaipur,Clothing,Jeans,MegaSource Inc,Sea,Bangalore WH,17,3227.21,54862.57,9,9,0,On-Time,Not Returned,4
ORD00163,2022-08-17,CUST3394,North,Delhi,Electronics,Camera,SwiftVendors,Air,Delhi WH,17,2874.72,48870.24,5,5,0,On-Time,Not Returned,4
ORD00164,2022-12-12,CUST2754,East,Guwahati,Sports,Cycle,QuickMart Ltd,Rail,Mumbai WH,17,2862.06,48655.02,7,9,2,Delayed,Not Returned,4
ORD00165,2023-06-27,CUST4677,West,Mumbai,Furniture,Bed,SwiftVendors,Road,Hyderabad WH,2,3331.89,6663.78,4,4,0,On-Time,Not Returned,4
ORD00166,2022-06-19,CUST3390,Central,Raipur,Sports,Yoga Mat,QuickMart Ltd,Sea,Hyderabad WH,2,2764.49,5528.98,7,8,1,Delayed,Not Returned,3
ORD00167,2023-12-25,CUST2635,West,Mumbai,Electronics,Headphones,MegaSource Inc,Road,Mumbai WH,5,4402.31,22011.55,5,5,0,On-Time,Not Returned,5
ORD00168,2022-05-03,CUST2482,East,Guwahati,Sports,Cycle,QuickMart Ltd,Road,Hyderabad WH,1,3394.12,3394.12,3,3,0,On-Time,Not Returned,4
ORD00169,2022-01-24,CUST1898,Central,Nagpur,Electronics,Mobile,FastSupply Co,Air,Kolkata WH,1,2757.47,2757.47,5,5,0,On-Time,Not Returned,5
ORD00170,2023-04-29,CUST1566,North,Chandigarh,Clothing,T-Shirt,QuickMart Ltd,Rail,Hyderabad WH,19,4157.33,78989.27,6,6,0,On-Time,Not Returned,4
ORD00171,2022-06-20,CUST3087,North,Lucknow,Sports,Yoga Mat,SwiftVendors,Rail,Hyderabad WH,2,3050.43,6100.86,6,6,0,On-Time,Not Returned,4
ORD00172,2023-07-26,CUST3021,West,Surat,Sports,Yoga Mat,QuickMart Ltd,Sea,Mumbai WH,12,1491.16,17893.92,9,9,0,On-Time,Not Returned,4
ORD00173,2023-06-26,CUST1372,South,Hyderabad,Sports,Cricket Bat,QuickMart Ltd,Sea,Hyderabad WH,6,1075.12,6450.72,7,8,1,Delayed,Not Returned,3
ORD00174,2023-11-24,CUST4095,East,Kolkata,Electronics,Headphones,SwiftVendors,Rail,Kolkata WH,4,804.02,3216.08,7,8,1,Delayed,Not Returned,4
ORD00175,2023-03-31,CUST1192,East,Patna,Sports,Dumbbells,SwiftVendors,Sea,Delhi WH,11,4502.3,49525.3,4,4,0,On-Time,Not Returned,4
ORD00176,2023-06-20,CUST4527,West,Pune,Sports,Football,ReliableGoods,Road,Delhi WH,17,3565.17,60607.89,9,9,0,On-Time,Not Returned,4
ORD00177,2022-01-04,CUST1449,East,Patna,Clothing,Jeans,QuickMart Ltd,Road,Bangalore WH,6,4690.02,28140.12,4,4,0,On-Time,Not Returned,5
ORD00178,2023-04-28,CUST1626,North,Delhi,Grocery,Rice,MegaSource Inc,Road,Mumbai WH,5,3036.29,15181.45,6,6,0,On-Time,Not Returned,5
ORD00179,2022-05-21,CUST3570,West,Surat,Sports,Cricket Bat,FastSupply Co,Sea,Hyderabad WH,2,2393.33,4786.66,3,3,0,On-Time,Not Returned,5
ORD00180,2023-04-25,CUST1655,North,Lucknow,Electronics,Tablet,ReliableGoods,Rail,Hyderabad WH,6,345.6,2073.6,5,10,5,Delayed,Returned,3
ORD00181,2023-09-06,CUST4244,Central,Bhopal,Electronics,Laptop,MegaSource Inc,Road,Kolkata WH,11,3374.63,37120.93,4,4,0,On-Time,Not Returned,5
ORD00182,2022-02-27,CUST3787,Central,Nagpur,Sports,Football,ReliableGoods,Road,Bangalore WH,16,2931.93,46910.88,8,8,0,On-Time,Not Returned,4
ORD00183,2022-08-21,CUST2729,South,Kochi,Clothing,T-Shirt,SwiftVendors,Sea,Delhi WH,16,4951.53,79224.48,4,4,0,On-Time,Not Returned,5
ORD00184,2023-04-25,CUST3442,East,Patna,Electronics,Mobile,ReliableGoods,Sea,Delhi WH,1,1233.84,1233.84,3,3,0,On-Time,Not Returned,5
ORD00185,2022-04-25,CUST1260,Central,Raipur,Furniture,Bed,ReliableGoods,Rail,Hyderabad WH,9,2677.15,24094.35,3,4,1,Delayed,Not Returned,4
ORD00186,2023-03-02,CUST2576,East,Bhubaneswar,Clothing,Jacket,ReliableGoods,Sea,Bangalore WH,6,3272.24,19633.44,7,7,0,On-Time,Not Returned,5
ORD00187,2022-04-19,CUST2563,North,Lucknow,Clothing,Jeans,MegaSource Inc,Air,Delhi WH,16,3240.73,51851.68,5,5,0,On-Time,Not Returned,5
ORD00188,2023-03-13,CUST3440,West,Pune,Sports,Cycle,QuickMart Ltd,Rail,Delhi WH,3,2828.4,8485.2,3,4,1,Delayed,Not Returned,3
ORD00189,2022-01-29,CUST2917,Central,Nagpur,Grocery,Rice,MegaSource Inc,Air,Bangalore WH,4,3895.79,15583.16,9,9,0,On-Time,Not Returned,5
ORD00190,2023-07-20,CUST3167,West,Surat,Electronics,Headphones,FastSupply Co,Sea,Kolkata WH,19,1064.66,20228.54,4,6,2,Delayed,Not Returned,4
ORD00191,2023-12-08,CUST2029,Central,Nagpur,Sports,Football,FastSupply Co,Sea,Delhi WH,3,3641.85,10925.55,4,4,0,On-Time,Not Returned,5
ORD00192,2023-06-09,CUST4977,East,Bhubaneswar,Sports,Dumbbells,MegaSource Inc,Road,Bangalore WH,19,3117.69,59236.11,6,6,0,On-Time,Not Returned,5
ORD00193,2022-04-24,CUST3266,Central,Nagpur,Furniture,Wardrobe,SwiftVendors,Air,Mumbai WH,7,4485.57,31398.99,3,4,1,Delayed,Not Returned,4
ORD00194,2023-09-23,CUST4525,Central,Raipur,Grocery,Pulses,MegaSource Inc,Air,Bangalore WH,9,4243.61,38192.49,8,8,0,On-Time,Not Returned,4
ORD00195,2023-04-27,CUST4860,North,Chandigarh,Sports,Yoga Mat,QuickMart Ltd,Sea,Hyderabad WH,1,1609.98,1609.98,7,7,0,On-Time,Not Returned,4
ORD00196,2022-06-08,CUST1047,South,Bangalore,Electronics,Headphones,SwiftVendors,Rail,Delhi WH,8,1417.37,11338.96,5,5,0,On-Time,Not Returned,4
ORD00197,2022-05-13,CUST3786,North,Chandigarh,Grocery,Flour,SwiftVendors,Road,Delhi WH,7,4909.18,34364.26,8,8,0,On-Time,Not Returned,5
ORD00198,2022-07-27,CUST3952,West,Pune,Electronics,Mobile,FastSupply Co,Sea,Delhi WH,18,2659.96,47879.28,7,8,1,Delayed,Not Returned,3
ORD00199,2023-11-25,CUST1469,East,Patna,Furniture,Wardrobe,FastSupply Co,Air,Bangalore WH,8,4536.78,36294.24,4,9,5,Delayed,Not Returned,2
ORD00200,2023-09-03,CUST3792,East,Bhubaneswar,Grocery,Rice,ReliableGoods,Rail,Delhi WH,1,861.21,861.21,8,6,-2,Early,Not Returned,4
ORD00201,2023-08-26,CUST4624,Central,Bhopal,Clothing,Jeans,QuickMart Ltd,Road,Mumbai WH,11,3231.95,35551.45,7,8,1,Delayed,Returned,4
ORD00202,2023-10-11,CUST3199,East,Kolkata,Grocery,Oil,QuickMart Ltd,Rail,Delhi WH,18,4058.81,73058.58,4,4,0,On-Time,Not Returned,4
ORD00203,2023-01-29,CUST4075,South,Chennai,Electronics,Headphones,ReliableGoods,Rail,Mumbai WH,10,4739.61,47396.1,4,4,0,On-Time,Not Returned,5
ORD00204,2022-09-15,CUST2092,South,Kochi,Sports,Cycle,QuickMart Ltd,Road,Mumbai WH,3,1719.83,5159.49,4,4,0,On-Time,Not Returned,5
ORD00205,2023-05-08,CUST4148,Central,Bhopal,Furniture,Bed,QuickMart Ltd,Sea,Bangalore WH,7,3638.66,25470.62,4,4,0,On-Time,Not Returned,4
ORD00206,2023-05-18,CUST3625,Central,Bhopal,Grocery,Pulses,ReliableGoods,Air,Hyderabad WH,16,2717.12,43473.92,9,9,0,On-Time,Not Returned,5
ORD00207,2022-05-04,CUST2393,West,Surat,Furniture,Wardrobe,QuickMart Ltd,Sea,Kolkata WH,16,350.11,5601.76,4,9,5,Delayed,Not Returned,2
ORD00208,2023-07-03,CUST1456,Central,Raipur,Electronics,Mobile,ReliableGoods,Air,Kolkata WH,17,3465.5,58913.5,6,6,0,On-Time,Not Returned,5
ORD00209,2022-07-22,CUST2202,North,Lucknow,Electronics,Tablet,ReliableGoods,Sea,Mumbai WH,2,3465.98,6931.96,8,8,0,On-Time,Not Returned,4
ORD00210,2023-05-12,CUST2780,North,Jaipur,Electronics,Mobile,SwiftVendors,Rail,Bangalore WH,1,4656.5,4656.5,7,7,0,On-Time,Not Returned,5
ORD00211,2022-12-13,CUST1647,North,Lucknow,Sports,Cricket Bat,QuickMart Ltd,Rail,Bangalore WH,16,2511.7,40187.2,6,9,3,Delayed,Returned,3
ORD00212,2022-08-21,CUST2858,South,Kochi,Clothing,Saree,QuickMart Ltd,Road,Bangalore WH,12,1189.74,14276.88,9,10,1,Delayed,Not Returned,3
ORD00213,2022-02-11,CUST1013,East,Bhubaneswar,Furniture,Bed,MegaSource Inc,Sea,Kolkata WH,5,270.59,1352.95,6,7,1,Delayed,Not Returned,4
ORD00214,2023-04-04,CUST4906,West,Ahmedabad,Clothing,Jeans,FastSupply Co,Road,Kolkata WH,5,2107.43,10537.15,3,3,0,On-Time,Not Returned,5
ORD00215,2023-03-06,CUST3957,Central,Indore,Clothing,Saree,QuickMart Ltd,Rail,Hyderabad WH,9,1544.49,13900.41,3,6,3,Delayed,Returned,2
ORD00216,2023-07-28,CUST4587,West,Pune,Furniture,Wardrobe,MegaSource Inc,Sea,Bangalore WH,9,3817.39,34356.51,3,3,0,On-Time,Not Returned,4
ORD00217,2022-04-19,CUST3947,South,Bangalore,Electronics,Laptop,QuickMart Ltd,Sea,Kolkata WH,3,1803.63,5410.89,5,10,5,Delayed,Not Returned,3
ORD00218,2022-01-08,CUST2078,Central,Bhopal,Clothing,Jeans,ReliableGoods,Rail,Bangalore WH,19,4747.9,90210.1,3,3,0,On-Time,Not Returned,4
ORD00219,2022-07-06,CUST4980,Central,Indore,Furniture,Bed,FastSupply Co,Road,Kolkata WH,16,4813.44,77015.04,7,7,0,On-Time,Not Returned,4
ORD00220,2022-10-21,CUST3050,South,Kochi,Grocery,Rice,SwiftVendors,Sea,Kolkata WH,16,3123.5,49976.0,6,6,0,On-Time,Returned,4
ORD00221,2023-07-15,CUST4120,East,Kolkata,Clothing,T-Shirt,QuickMart Ltd,Road,Hyderabad WH,3,4646.87,13940.61,7,8,1,Delayed,Returned,4
ORD00222,2022-01-16,CUST1731,Central,Raipur,Electronics,Mobile,QuickMart Ltd,Sea,Bangalore WH,1,3816.23,3816.23,8,8,0,On-Time,Not Returned,5
ORD00223,2023-11-21,CUST3079,East,Guwahati,Sports,Cricket Bat,ReliableGoods,Road,Bangalore WH,11,2756.96,30326.56,3,8,5,Delayed,Returned,1
ORD00224,2023-07-17,CUST4738,South,Bangalore,Furniture,Bed,QuickMart Ltd,Air,Delhi WH,17,942.52,16022.84,9,9,0,On-Time,Not Returned,4
ORD00225,2023-01-11,CUST1435,West,Surat,Clothing,Jeans,MegaSource Inc,Road,Bangalore WH,8,2320.06,18560.48,5,5,0,On-Time,Not Returned,4
ORD00226,2022-12-27,CUST4565,Central,Bhopal,Electronics,Headphones,MegaSource Inc,Sea,Delhi WH,4,2826.33,11305.32,8,8,0,On-Time,Returned,5
ORD00227,2023-04-22,CUST3561,East,Guwahati,Electronics,Laptop,FastSupply Co,Sea,Kolkata WH,6,4326.61,25959.66,9,9,0,On-Time,Not Returned,4
ORD00228,2023-05-28,CUST2222,Central,Raipur,Furniture,Bed,FastSupply Co,Road,Bangalore WH,8,2432.6,19460.8,5,5,0,On-Time,Returned,4
ORD00229,2022-02-02,CUST4447,East,Kolkata,Grocery,Pulses,SwiftVendors,Road,Hyderabad WH,3,4493.49,13480.47,8,8,0,On-Time,Not Returned,4
ORD00230,2022-01-16,CUST3617,Central,Bhopal,Electronics,Tablet,MegaSource Inc,Air,Kolkata WH,16,3388.03,54208.48,6,7,1,Delayed,Not Returned,3
ORD00231,2022-06-23,CUST3079,Central,Nagpur,Furniture,Sofa,SwiftVendors,Rail,Bangalore WH,3,728.15,2184.45,7,7,0,On-Time,Not Returned,5
ORD00232,2023-10-29,CUST3494,Central,Indore,Clothing,Saree,FastSupply Co,Rail,Kolkata WH,18,4975.16,89552.88,4,3,-1,Early,Not Returned,4
ORD00233,2022-09-21,CUST1814,West,Mumbai,Grocery,Rice,SwiftVendors,Rail,Kolkata WH,14,2659.8,37237.2,7,7,0,On-Time,Not Returned,4
ORD00234,2023-11-17,CUST1626,Central,Raipur,Furniture,Wardrobe,ReliableGoods,Air,Hyderabad WH,18,1989.7,35814.6,3,6,3,Delayed,Returned,1
ORD00235,2022-10-28,CUST2531,East,Patna,Furniture,Chair,QuickMart Ltd,Rail,Hyderabad WH,2,3312.61,6625.22,9,9,0,On-Time,Not Returned,5
ORD00236,2022-07-18,CUST4123,West,Ahmedabad,Grocery,Sugar,ReliableGoods,Rail,Kolkata WH,3,589.02,1767.06,4,4,0,On-Time,Not Returned,4
ORD00237,2022-05-19,CUST1661,North,Chandigarh,Electronics,Tablet,MegaSource Inc,Sea,Mumbai WH,16,3200.87,51213.92,5,5,0,On-Time,Not Returned,4
ORD00238,2022-08-07,CUST3209,East,Patna,Electronics,Mobile,FastSupply Co,Air,Kolkata WH,9,2516.27,22646.43,6,6,0,On-Time,Not Returned,4
ORD00239,2023-02-09,CUST4905,East,Bhubaneswar,Clothing,Jeans,SwiftVendors,Air,Delhi WH,4,2063.04,8252.16,6,9,3,Delayed,Not Returned,3
ORD00240,2022-07-10,CUST4189,North,Lucknow,Clothing,Jacket,SwiftVendors,Air,Bangalore WH,1,4767.45,4767.45,5,5,0,On-Time,Not Returned,5
ORD00241,2022-06-16,CUST4778,West,Surat,Sports,Dumbbells,ReliableGoods,Road,Delhi WH,4,2636.57,10546.28,3,3,0,On-Time,Not Returned,4
ORD00242,2022-05-05,CUST3172,Central,Raipur,Sports,Cycle,QuickMart Ltd,Rail,Mumbai WH,1,1134.63,1134.63,5,8,3,Delayed,Returned,2
ORD00243,2023-02-05,CUST4762,East,Patna,Clothing,Shoes,FastSupply Co,Rail,Delhi WH,14,2321.87,32506.18,8,8,0,On-Time,Not Returned,5
ORD00244,2023-08-23,CUST1002,North,Chandigarh,Grocery,Sugar,MegaSource Inc,Road,Bangalore WH,16,4600.97,73615.52,9,10,1,Delayed,Not Returned,3
ORD00245,2022-02-08,CUST3453,Central,Indore,Sports,Cricket Bat,MegaSource Inc,Road,Bangalore WH,8,921.67,7373.36,9,9,0,On-Time,Not Returned,4
ORD00246,2023-01-29,CUST2327,West,Surat,Sports,Cycle,FastSupply Co,Sea,Bangalore WH,7,1109.09,7763.63,3,6,3,Delayed,Returned,1
ORD00247,2023-09-09,CUST3001,East,Bhubaneswar,Grocery,Sugar,ReliableGoods,Air,Mumbai WH,3,114.5,343.5,4,4,0,On-Time,Not Returned,5
ORD00248,2023-11-16,CUST1079,Central,Indore,Electronics,Headphones,MegaSource Inc,Road,Hyderabad WH,17,120.24,2044.08,5,5,0,On-Time,Returned,4
ORD00249,2023-01-27,CUST1458,Central,Raipur,Furniture,Chair,FastSupply Co,Air,Mumbai WH,1,4155.49,4155.49,3,3,0,On-Time,Not Returned,4
ORD00250,2023-07-19,CUST4805,South,Hyderabad,Electronics,Laptop,ReliableGoods,Rail,Hyderabad WH,16,3674.01,58784.16,9,16,7,Delayed,Returned,2
ORD00251,2022-12-27,CUST2486,North,Jaipur,Furniture,Bed,ReliableGoods,Sea,Bangalore WH,12,1807.45,21689.4,4,4,0,On-Time,Not Returned,4
ORD00252,2023-04-12,CUST4599,Central,Raipur,Grocery,Flour,SwiftVendors,Rail,Hyderabad WH,19,3506.64,66626.16,5,5,0,On-Time,Not Returned,4
ORD00253,2022-09-23,CUST4406,West,Surat,Sports,Football,QuickMart Ltd,Air,Bangalore WH,14,2006.27,28087.78,6,7,1,Delayed,Not Returned,4
ORD00254,2023-02-12,CUST4304,South,Bangalore,Grocery,Sugar,ReliableGoods,Sea,Hyderabad WH,6,4766.84,28601.04,5,12,7,Delayed,Returned,3
ORD00255,2023-11-14,CUST2259,Central,Nagpur,Electronics,Mobile,MegaSource Inc,Road,Mumbai WH,6,4836.91,29021.46,7,10,3,Delayed,Returned,3
ORD00256,2023-04-29,CUST1980,Central,Nagpur,Grocery,Flour,QuickMart Ltd,Road,Bangalore WH,13,1994.33,25926.29,5,3,-2,Early,Not Returned,4
ORD00257,2022-01-21,CUST1237,West,Mumbai,Electronics,Mobile,SwiftVendors,Air,Delhi WH,19,4278.4,81289.6,7,7,0,On-Time,Not Returned,4
ORD00258,2023-02-03,CUST1986,South,Hyderabad,Grocery,Pulses,FastSupply Co,Rail,Kolkata WH,8,3876.79,31014.32,4,4,0,On-Time,Not Returned,5
ORD00259,2023-03-30,CUST4596,South,Bangalore,Clothing,Saree,FastSupply Co,Sea,Hyderabad WH,2,1584.5,3169.0,5,6,1,Delayed,Returned,4
ORD00260,2023-11-30,CUST3323,North,Jaipur,Electronics,Camera,SwiftVendors,Rail,Delhi WH,1,1198.6,1198.6,4,7,3,Delayed,Returned,3
ORD00261,2023-12-01,CUST4878,Central,Indore,Furniture,Wardrobe,SwiftVendors,Rail,Bangalore WH,15,2318.26,34773.9,4,4,0,On-Time,Not Returned,5
ORD00262,2023-01-01,CUST1322,North,Chandigarh,Sports,Cycle,MegaSource Inc,Road,Bangalore WH,1,3917.68,3917.68,9,9,0,On-Time,Not Returned,5
ORD00263,2022-03-09,CUST1350,South,Bangalore,Sports,Dumbbells,QuickMart Ltd,Sea,Hyderabad WH,5,4802.83,24014.15,3,5,2,Delayed,Not Returned,3
ORD00264,2023-03-24,CUST3997,North,Chandigarh,Electronics,Tablet,ReliableGoods,Rail,Kolkata WH,16,3829.72,61275.52,4,4,0,On-Time,Not Returned,4
ORD00265,2023-09-27,CUST2990,West,Surat,Clothing,T-Shirt,ReliableGoods,Air,Kolkata WH,19,4283.27,81382.13,4,4,0,On-Time,Not Returned,5
ORD00266,2023-12-08,CUST4342,East,Kolkata,Sports,Cricket Bat,ReliableGoods,Sea,Bangalore WH,4,3035.17,12140.68,9,9,0,On-Time,Not Returned,4
ORD00267,2022-05-02,CUST1283,West,Pune,Clothing,Jeans,FastSupply Co,Sea,Kolkata WH,3,4185.27,12555.81,9,9,0,On-Time,Not Returned,5
ORD00268,2022-09-09,CUST4115,South,Kochi,Furniture,Chair,FastSupply Co,Road,Delhi WH,17,3932.88,66858.96,5,7,2,Delayed,Not Returned,4
ORD00269,2023-08-15,CUST3181,West,Surat,Sports,Football,MegaSource Inc,Road,Mumbai WH,17,1916.08,32573.36,9,9,0,On-Time,Not Returned,5
ORD00270,2023-01-09,CUST4136,South,Bangalore,Grocery,Rice,MegaSource Inc,Rail,Delhi WH,12,2782.35,33388.2,5,6,1,Delayed,Not Returned,4
ORD00271,2023-12-15,CUST1515,West,Ahmedabad,Grocery,Rice,MegaSource Inc,Air,Mumbai WH,14,4033.53,56469.42,6,6,0,On-Time,Not Returned,5
ORD00272,2022-05-26,CUST1525,Central,Indore,Electronics,Laptop,SwiftVendors,Rail,Kolkata WH,6,277.98,1667.88,9,9,0,On-Time,Not Returned,4
ORD00273,2022-04-02,CUST3702,Central,Raipur,Sports,Dumbbells,MegaSource Inc,Rail,Bangalore WH,3,4049.99,12149.97,3,4,1,Delayed,Not Returned,3
ORD00274,2022-11-26,CUST2946,West,Ahmedabad,Clothing,Saree,ReliableGoods,Sea,Delhi WH,9,930.55,8374.95,4,4,0,On-Time,Returned,5
ORD00275,2022-02-26,CUST4878,North,Delhi,Clothing,Jeans,MegaSource Inc,Road,Delhi WH,5,2597.68,12988.4,3,3,0,On-Time,Not Returned,5
ORD00276,2022-04-29,CUST3251,South,Kochi,Furniture,Chair,MegaSource Inc,Rail,Bangalore WH,17,4050.96,68866.32,7,7,0,On-Time,Not Returned,5
ORD00277,2023-02-21,CUST1676,Central,Bhopal,Sports,Dumbbells,FastSupply Co,Sea,Hyderabad WH,14,1306.41,18289.74,9,9,0,On-Time,Not Returned,4
ORD00278,2022-11-02,CUST2085,South,Bangalore,Clothing,T-Shirt,FastSupply Co,Road,Mumbai WH,3,1266.75,3800.25,4,4,0,On-Time,Not Returned,5
ORD00279,2022-05-29,CUST3161,Central,Bhopal,Clothing,Saree,FastSupply Co,Sea,Bangalore WH,1,2043.68,2043.68,3,6,3,Delayed,Returned,2
ORD00280,2023-02-02,CUST4573,East,Bhubaneswar,Sports,Football,ReliableGoods,Air,Delhi WH,1,4478.48,4478.48,9,11,2,Delayed,Not Returned,3
ORD00281,2022-03-16,CUST3484,West,Ahmedabad,Grocery,Pulses,QuickMart Ltd,Air,Kolkata WH,3,52.19,156.57,9,11,2,Delayed,Not Returned,3
ORD00282,2022-01-05,CUST2733,Central,Indore,Sports,Cycle,SwiftVendors,Air,Mumbai WH,18,4511.85,81213.3,6,6,0,On-Time,Not Returned,4
ORD00283,2023-05-07,CUST4950,West,Mumbai,Grocery,Flour,ReliableGoods,Road,Bangalore WH,10,811.34,8113.4,6,6,0,On-Time,Not Returned,4
ORD00284,2022-01-10,CUST1867,East,Guwahati,Electronics,Tablet,QuickMart Ltd,Road,Mumbai WH,3,4950.93,14852.79,4,4,0,On-Time,Not Returned,4
ORD00285,2022-08-11,CUST4804,South,Hyderabad,Electronics,Laptop,SwiftVendors,Sea,Bangalore WH,8,4776.49,38211.92,7,7,0,On-Time,Not Returned,5
ORD00286,2022-07-22,CUST3208,West,Ahmedabad,Grocery,Oil,ReliableGoods,Air,Hyderabad WH,14,2498.64,34980.96,6,6,0,On-Time,Not Returned,5
ORD00287,2023-01-08,CUST4093,Central,Raipur,Sports,Yoga Mat,MegaSource Inc,Road,Hyderabad WH,18,2587.97,46583.46,6,6,0,On-Time,Returned,5
ORD00288,2022-02-17,CUST3989,East,Patna,Furniture,Bed,FastSupply Co,Sea,Delhi WH,15,2433.67,36505.05,7,5,-2,Early,Not Returned,4
ORD00289,2023-10-27,CUST3825,Central,Raipur,Clothing,Jeans,ReliableGoods,Sea,Delhi WH,2,3195.45,6390.9,3,3,0,On-Time,Not Returned,5
ORD00290,2023-06-20,CUST1823,East,Patna,Electronics,Mobile,SwiftVendors,Air,Delhi WH,10,499.07,4990.7,6,6,0,On-Time,Not Returned,5
ORD00291,2022-09-22,CUST3920,East,Kolkata,Electronics,Mobile,SwiftVendors,Air,Kolkata WH,2,211.46,422.92,5,7,2,Delayed,Not Returned,3
ORD00292,2022-06-10,CUST2276,Central,Indore,Grocery,Sugar,SwiftVendors,Sea,Mumbai WH,17,335.63,5705.71,8,8,0,On-Time,Not Returned,5
ORD00293,2022-10-16,CUST2634,West,Mumbai,Furniture,Sofa,ReliableGoods,Road,Bangalore WH,8,2249.61,17996.88,8,11,3,Delayed,Returned,1
ORD00294,2022-08-05,CUST3751,South,Hyderabad,Sports,Dumbbells,SwiftVendors,Road,Bangalore WH,1,1413.96,1413.96,6,8,2,Delayed,Not Returned,3
ORD00295,2023-12-21,CUST3661,South,Bangalore,Furniture,Sofa,SwiftVendors,Road,Bangalore WH,9,3129.1,28161.9,3,10,7,Delayed,Returned,3
ORD00296,2023-12-13,CUST2529,East,Bhubaneswar,Grocery,Rice,ReliableGoods,Road,Delhi WH,11,4962.59,54588.49,9,9,0,On-Time,Not Returned,5
ORD00297,2022-04-26,CUST2794,Central,Raipur,Furniture,Chair,FastSupply Co,Rail,Mumbai WH,16,1962.3,31396.8,3,4,1,Delayed,Not Returned,3
ORD00298,2023-09-27,CUST4684,East,Patna,Clothing,Jeans,SwiftVendors,Air,Kolkata WH,7,2890.51,20233.57,4,4,0,On-Time,Not Returned,5
ORD00299,2023-07-06,CUST3119,South,Hyderabad,Sports,Dumbbells,FastSupply Co,Air,Hyderabad WH,10,2107.24,21072.4,5,6,1,Delayed,Not Returned,4
ORD00300,2022-08-16,CUST2849,East,Guwahati,Sports,Dumbbells,SwiftVendors,Rail,Kolkata WH,3,4243.99,12731.97,3,3,0,On-Time,Not Returned,5
ORD00301,2023-08-15,CUST1495,East,Guwahati,Furniture,Bed,FastSupply Co,Air,Delhi WH,18,4516.07,81289.26,7,7,0,On-Time,Not Returned,4
ORD00302,2022-05-21,CUST2015,South,Chennai,Electronics,Headphones,SwiftVendors,Sea,Kolkata WH,13,4392.91,57107.83,5,5,0,On-Time,Not Returned,5
ORD00303,2022-10-23,CUST1920,West,Surat,Clothing,Jeans,FastSupply Co,Air,Delhi WH,7,4873.14,34111.98,8,8,0,On-Time,Returned,5
ORD00304,2023-07-09,CUST1262,East,Patna,Sports,Football,FastSupply Co,Rail,Mumbai WH,4,186.22,744.88,5,8,3,Delayed,Not Returned,3
ORD00305,2022-10-27,CUST2384,West,Surat,Sports,Yoga Mat,QuickMart Ltd,Sea,Mumbai WH,13,4207.09,54692.17,7,9,2,Delayed,Returned,3
ORD00306,2023-05-31,CUST1086,East,Bhubaneswar,Electronics,Laptop,MegaSource Inc,Road,Mumbai WH,1,3771.27,3771.27,6,7,1,Delayed,Not Returned,3
ORD00307,2022-03-09,CUST3409,Central,Nagpur,Furniture,Table,SwiftVendors,Air,Hyderabad WH,8,1182.04,9456.32,7,7,0,On-Time,Not Returned,4
ORD00308,2022-08-14,CUST3268,East,Patna,Electronics,Mobile,SwiftVendors,Rail,Mumbai WH,14,4783.78,66972.92,7,9,2,Delayed,Not Returned,4
ORD00309,2022-01-25,CUST1942,East,Guwahati,Grocery,Sugar,ReliableGoods,Road,Kolkata WH,16,783.48,12535.68,6,6,0,On-Time,Not Returned,4
ORD00310,2022-01-11,CUST3410,North,Jaipur,Electronics,Tablet,ReliableGoods,Air,Hyderabad WH,14,3413.77,47792.78,6,11,5,Delayed,Not Returned,2
ORD00311,2022-11-05,CUST1902,Central,Bhopal,Clothing,Jeans,FastSupply Co,Air,Bangalore WH,12,1163.21,13958.52,6,11,5,Delayed,Not Returned,2
ORD00312,2022-04-20,CUST1029,Central,Bhopal,Sports,Cricket Bat,MegaSource Inc,Rail,Delhi WH,19,2185.33,41521.27,6,6,0,On-Time,Not Returned,4
ORD00313,2023-03-12,CUST1290,West,Pune,Furniture,Bed,ReliableGoods,Road,Delhi WH,15,3609.84,54147.6,6,9,3,Delayed,Not Returned,3
ORD00314,2023-09-08,CUST3899,West,Ahmedabad,Grocery,Flour,ReliableGoods,Air,Mumbai WH,2,2838.46,5676.92,7,7,0,On-Time,Not Returned,4
ORD00315,2022-03-18,CUST3584,East,Bhubaneswar,Clothing,Saree,SwiftVendors,Sea,Mumbai WH,2,2166.13,4332.26,4,4,0,On-Time,Not Returned,4
ORD00316,2022-01-16,CUST1241,South,Hyderabad,Sports,Cricket Bat,SwiftVendors,Rail,Bangalore WH,19,1665.38,31642.22,4,4,0,On-Time,Returned,4
ORD00317,2022-11-20,CUST1937,East,Patna,Sports,Football,FastSupply Co,Road,Hyderabad WH,17,4206.32,71507.44,3,3,0,On-Time,Not Returned,5
ORD00318,2022-08-23,CUST1276,North,Lucknow,Furniture,Sofa,ReliableGoods,Air,Kolkata WH,10,761.88,7618.8,4,6,2,Delayed,Not Returned,3
ORD00319,2022-02-17,CUST4708,East,Patna,Furniture,Chair,ReliableGoods,Sea,Mumbai WH,6,2179.01,13074.06,8,8,0,On-Time,Not Returned,4
ORD00320,2022-05-31,CUST1128,North,Jaipur,Furniture,Table,FastSupply Co,Road,Hyderabad WH,15,4523.6,67854.0,4,4,0,On-Time,Not Returned,5
ORD00321,2022-04-14,CUST4521,East,Patna,Grocery,Rice,QuickMart Ltd,Sea,Bangalore WH,11,4236.96,46606.56,7,7,0,On-Time,Not Returned,5
ORD00322,2023-01-13,CUST2353,West,Surat,Furniture,Wardrobe,SwiftVendors,Rail,Bangalore WH,5,2034.66,10173.3,6,8,2,Delayed,Not Returned,3
ORD00323,2022-03-14,CUST1290,East,Patna,Clothing,Saree,QuickMart Ltd,Air,Delhi WH,1,3827.39,3827.39,6,11,5,Delayed,Returned,2
ORD00324,2023-01-22,CUST3105,West,Surat,Furniture,Bed,FastSupply Co,Air,Delhi WH,8,4124.65,32997.2,9,11,2,Delayed,Not Returned,4
ORD00325,2023-05-03,CUST1974,South,Kochi,Furniture,Wardrobe,MegaSource Inc,Road,Bangalore WH,12,4449.99,53399.88,9,10,1,Delayed,Not Returned,3
ORD00326,2023-01-09,CUST2140,South,Bangalore,Clothing,T-Shirt,FastSupply Co,Rail,Bangalore WH,12,2745.3,32943.6,9,9,0,On-Time,Not Returned,4
ORD00327,2023-07-18,CUST3740,Central,Nagpur,Grocery,Flour,MegaSource Inc,Air,Delhi WH,5,1062.08,5310.4,7,7,0,On-Time,Not Returned,5
ORD00328,2023-02-02,CUST2988,East,Kolkata,Sports,Football,ReliableGoods,Sea,Kolkata WH,7,1313.78,9196.46,8,8,0,On-Time,Not Returned,5
ORD00329,2023-12-17,CUST1877,Central,Nagpur,Furniture,Bed,FastSupply Co,Rail,Hyderabad WH,4,1513.69,6054.76,4,4,0,On-Time,Not Returned,5
ORD00330,2022-10-25,CUST3208,East,Bhubaneswar,Electronics,Laptop,ReliableGoods,Rail,Kolkata WH,6,2989.32,17935.92,7,8,1,Delayed,Returned,3
ORD00331,2023-02-18,CUST1541,South,Hyderabad,Clothing,T-Shirt,MegaSource Inc,Sea,Bangalore WH,13,212.41,2761.33,3,3,0,On-Time,Not Returned,4
ORD00332,2024-01-01,CUST3962,North,Delhi,Electronics,Laptop,MegaSource Inc,Road,Bangalore WH,15,3198.41,47976.15,6,8,2,Delayed,Not Returned,3
ORD00333,2022-09-08,CUST4831,Central,Nagpur,Sports,Dumbbells,MegaSource Inc,Air,Kolkata WH,3,1853.55,5560.65,9,9,0,On-Time,Returned,5
ORD00334,2022-08-25,CUST4614,Central,Nagpur,Grocery,Sugar,MegaSource Inc,Air,Mumbai WH,8,1511.45,12091.6,5,5,0,On-Time,Not Returned,5
ORD00335,2023-11-15,CUST3338,South,Kochi,Electronics,Mobile,QuickMart Ltd,Air,Mumbai WH,16,4403.51,70456.16,3,3,0,On-Time,Not Returned,5
ORD00336,2023-09-22,CUST3360,South,Chennai,Electronics,Camera,MegaSource Inc,Rail,Kolkata WH,13,2327.01,30251.13,9,12,3,Delayed,Not Returned,2
ORD00337,2022-12-04,CUST2936,North,Delhi,Clothing,Shoes,ReliableGoods,Road,Delhi WH,18,520.51,9369.18,8,10,2,Delayed,Not Returned,4
ORD00338,2022-08-27,CUST1995,Central,Bhopal,Grocery,Oil,FastSupply Co,Road,Delhi WH,10,4142.4,41424.0,3,8,5,Delayed,Returned,2
ORD00339,2022-11-14,CUST4213,South,Kochi,Sports,Football,MegaSource Inc,Road,Mumbai WH,19,285.82,5430.58,7,7,0,On-Time,Not Returned,5
ORD00340,2023-07-18,CUST2937,South,Chennai,Grocery,Rice,ReliableGoods,Road,Hyderabad WH,17,3647.41,62005.97,4,2,-2,Early,Not Returned,5
ORD00341,2022-04-03,CUST4307,North,Delhi,Grocery,Rice,MegaSource Inc,Air,Kolkata WH,19,3880.84,73735.96,6,6,0,On-Time,Not Returned,5
ORD00342,2022-04-06,CUST2667,North,Jaipur,Sports,Yoga Mat,QuickMart Ltd,Road,Bangalore WH,5,1795.38,8976.9,8,8,0,On-Time,Not Returned,4
ORD00343,2022-01-04,CUST1779,West,Mumbai,Electronics,Headphones,QuickMart Ltd,Road,Delhi WH,9,4132.7,37194.3,8,6,-2,Early,Returned,4
ORD00344,2022-11-30,CUST1386,East,Kolkata,Electronics,Tablet,SwiftVendors,Road,Delhi WH,12,2602.51,31230.12,5,5,0,On-Time,Not Returned,5
ORD00345,2022-01-18,CUST1397,West,Ahmedabad,Sports,Cycle,SwiftVendors,Road,Kolkata WH,1,2343.3,2343.3,3,4,1,Delayed,Not Returned,4
ORD00346,2022-05-02,CUST3699,North,Chandigarh,Electronics,Headphones,MegaSource Inc,Road,Kolkata WH,1,274.75,274.75,5,5,0,On-Time,Not Returned,5
ORD00347,2022-10-10,CUST2765,South,Chennai,Grocery,Pulses,ReliableGoods,Rail,Kolkata WH,15,1485.64,22284.6,4,4,0,On-Time,Not Returned,4
ORD00348,2023-05-26,CUST2451,North,Jaipur,Electronics,Headphones,MegaSource Inc,Sea,Delhi WH,2,4658.5,9317.0,9,14,5,Delayed,Not Returned,1
ORD00349,2023-03-07,CUST2734,Central,Raipur,Furniture,Bed,QuickMart Ltd,Air,Hyderabad WH,16,1989.53,31832.48,4,4,0,On-Time,Returned,5
ORD00350,2022-09-23,CUST2683,South,Bangalore,Grocery,Sugar,ReliableGoods,Sea,Kolkata WH,8,2756.17,22049.36,9,10,1,Delayed,Not Returned,3
ORD00351,2022-06-09,CUST2912,West,Pune,Sports,Yoga Mat,FastSupply Co,Road,Kolkata WH,13,2683.51,34885.63,5,5,0,On-Time,Not Returned,4
ORD00352,2023-05-18,CUST4538,West,Ahmedabad,Furniture,Bed,MegaSource Inc,Road,Bangalore WH,1,2972.63,2972.63,6,7,1,Delayed,Not Returned,4
ORD00353,2023-06-02,CUST3986,West,Surat,Grocery,Rice,MegaSource Inc,Air,Kolkata WH,16,353.59,5657.44,4,4,0,On-Time,Not Returned,5
ORD00354,2023-08-23,CUST1221,South,Bangalore,Clothing,Saree,SwiftVendors,Air,Delhi WH,7,1842.77,12899.39,5,5,0,On-Time,Not Returned,4
ORD00355,2023-03-11,CUST3758,East,Bhubaneswar,Electronics,Headphones,SwiftVendors,Road,Delhi WH,5,3629.48,18147.4,3,3,0,On-Time,Not Returned,5
ORD00356,2022-05-06,CUST3676,East,Bhubaneswar,Electronics,Headphones,QuickMart Ltd,Rail,Kolkata WH,3,1042.77,3128.31,5,5,0,On-Time,Not Returned,4
ORD00357,2022-11-24,CUST3646,East,Kolkata,Grocery,Pulses,MegaSource Inc,Rail,Mumbai WH,12,1057.71,12692.52,5,10,5,Delayed,Returned,1
ORD00358,2023-04-29,CUST1403,North,Delhi,Furniture,Wardrobe,MegaSource Inc,Sea,Mumbai WH,16,99.95,1599.2,7,7,0,On-Time,Not Returned,5
ORD00359,2022-09-10,CUST1248,North,Lucknow,Clothing,Jacket,FastSupply Co,Road,Bangalore WH,19,2215.54,42095.26,4,4,0,On-Time,Not Returned,5
ORD00360,2023-07-20,CUST2649,Central,Raipur,Grocery,Rice,FastSupply Co,Air,Mumbai WH,5,4419.54,22097.7,6,6,0,On-Time,Not Returned,5
ORD00361,2022-12-12,CUST3982,South,Kochi,Electronics,Headphones,ReliableGoods,Road,Mumbai WH,14,306.91,4296.74,6,6,0,On-Time,Not Returned,5
ORD00362,2022-11-25,CUST2389,Central,Indore,Clothing,Shoes,MegaSource Inc,Sea,Bangalore WH,5,996.04,4980.2,7,9,2,Delayed,Not Returned,3
ORD00363,2022-04-24,CUST4279,North,Lucknow,Electronics,Laptop,SwiftVendors,Sea,Delhi WH,15,1584.92,23773.8,9,8,-1,Early,Returned,4
ORD00364,2022-05-21,CUST4529,South,Kochi,Furniture,Table,ReliableGoods,Air,Kolkata WH,17,3672.04,62424.68,8,8,0,On-Time,Returned,5
ORD00365,2023-07-14,CUST1447,West,Pune,Furniture,Bed,QuickMart Ltd,Road,Hyderabad WH,14,3221.15,45096.1,9,12,3,Delayed,Returned,1
ORD00366,2022-03-20,CUST2018,South,Bangalore,Clothing,Jeans,ReliableGoods,Rail,Mumbai WH,5,2108.92,10544.6,6,6,0,On-Time,Not Returned,4
ORD00367,2023-04-05,CUST1784,North,Jaipur,Electronics,Mobile,QuickMart Ltd,Air,Mumbai WH,12,3807.39,45688.68,5,5,0,On-Time,Not Returned,5
ORD00368,2023-05-20,CUST1779,West,Surat,Sports,Yoga Mat,MegaSource Inc,Road,Bangalore WH,16,3067.67,49082.72,7,8,1,Delayed,Not Returned,3
ORD00369,2022-12-04,CUST3196,West,Ahmedabad,Furniture,Bed,ReliableGoods,Sea,Bangalore WH,16,4485.4,71766.4,3,3,0,On-Time,Not Returned,4
ORD00370,2022-04-11,CUST2837,South,Hyderabad,Clothing,T-Shirt,MegaSource Inc,Air,Hyderabad WH,7,4099.23,28694.61,4,5,1,Delayed,Not Returned,3
ORD00371,2022-05-18,CUST1574,East,Guwahati,Clothing,Jeans,MegaSource Inc,Air,Mumbai WH,4,1301.43,5205.72,4,9,5,Delayed,Not Returned,3
ORD00372,2022-08-28,CUST2728,North,Chandigarh,Grocery,Pulses,ReliableGoods,Road,Mumbai WH,1,1393.62,1393.62,4,4,0,On-Time,Returned,4
ORD00373,2023-08-30,CUST1751,North,Delhi,Furniture,Bed,MegaSource Inc,Road,Mumbai WH,5,670.51,3352.55,5,10,5,Delayed,Returned,2
ORD00374,2023-01-17,CUST2140,East,Guwahati,Electronics,Headphones,QuickMart Ltd,Air,Delhi WH,10,1717.98,17179.8,3,5,2,Delayed,Not Returned,4
ORD00375,2023-07-31,CUST2894,Central,Raipur,Furniture,Table,QuickMart Ltd,Road,Kolkata WH,5,4997.74,24988.7,7,7,0,On-Time,Not Returned,5
ORD00376,2023-05-25,CUST2023,Central,Raipur,Grocery,Rice,MegaSource Inc,Sea,Delhi WH,4,2058.47,8233.88,7,8,1,Delayed,Not Returned,3
ORD00377,2023-06-03,CUST4581,North,Jaipur,Sports,Football,FastSupply Co,Air,Delhi WH,2,1141.42,2282.84,4,4,0,On-Time,Not Returned,4
ORD00378,2022-04-11,CUST4781,East,Patna,Clothing,Jacket,FastSupply Co,Sea,Mumbai WH,10,3824.29,38242.9,3,1,-2,Early,Not Returned,4
ORD00379,2022-12-16,CUST1308,East,Bhubaneswar,Electronics,Laptop,QuickMart Ltd,Road,Bangalore WH,19,2735.23,51969.37,3,4,1,Delayed,Not Returned,3
ORD00380,2023-01-06,CUST2815,West,Ahmedabad,Clothing,Saree,SwiftVendors,Road,Delhi WH,1,790.53,790.53,3,3,0,On-Time,Not Returned,5
ORD00381,2022-09-23,CUST4309,Central,Bhopal,Grocery,Pulses,MegaSource Inc,Rail,Bangalore WH,5,1934.41,9672.05,6,6,0,On-Time,Not Returned,4
ORD00382,2022-06-08,CUST4528,Central,Bhopal,Electronics,Tablet,SwiftVendors,Rail,Kolkata WH,13,2101.63,27321.19,6,7,1,Delayed,Not Returned,4
ORD00383,2023-01-21,CUST4506,West,Pune,Furniture,Wardrobe,SwiftVendors,Sea,Delhi WH,4,3781.46,15125.84,4,4,0,On-Time,Not Returned,5
ORD00384,2023-10-17,CUST3254,South,Hyderabad,Sports,Football,MegaSource Inc,Road,Mumbai WH,16,152.32,2437.12,3,3,0,On-Time,Not Returned,4
ORD00385,2022-02-16,CUST1401,Central,Raipur,Sports,Yoga Mat,SwiftVendors,Road,Kolkata WH,16,1381.65,22106.4,8,8,0,On-Time,Not Returned,5
ORD00386,2023-11-19,CUST1207,West,Surat,Grocery,Sugar,SwiftVendors,Sea,Mumbai WH,2,2612.1,5224.2,3,3,0,On-Time,Not Returned,5
ORD00387,2023-09-05,CUST3671,East,Kolkata,Clothing,Saree,QuickMart Ltd,Sea,Hyderabad WH,17,1380.79,23473.43,7,7,0,On-Time,Not Returned,4
ORD00388,2023-04-18,CUST3214,South,Kochi,Sports,Cycle,ReliableGoods,Road,Bangalore WH,12,3160.75,37929.0,7,7,0,On-Time,Not Returned,5
ORD00389,2022-06-14,CUST4424,North,Jaipur,Clothing,Shoes,SwiftVendors,Sea,Delhi WH,18,2435.24,43834.32,4,4,0,On-Time,Not Returned,5
ORD00390,2022-08-21,CUST1060,East,Patna,Sports,Cycle,FastSupply Co,Rail,Hyderabad WH,3,1840.47,5521.41,8,9,1,Delayed,Not Returned,3
ORD00391,2023-01-28,CUST4969,South,Chennai,Sports,Yoga Mat,QuickMart Ltd,Rail,Mumbai WH,1,4748.58,4748.58,3,3,0,On-Time,Not Returned,5
ORD00392,2022-01-20,CUST1382,West,Surat,Sports,Yoga Mat,FastSupply Co,Rail,Delhi WH,1,3179.19,3179.19,9,9,0,On-Time,Not Returned,4
ORD00393,2022-06-07,CUST4794,East,Patna,Clothing,Jeans,FastSupply Co,Road,Kolkata WH,19,693.21,13170.99,8,8,0,On-Time,Not Returned,5
ORD00394,2022-10-30,CUST4086,South,Bangalore,Electronics,Laptop,SwiftVendors,Air,Hyderabad WH,11,2822.45,31046.95,4,4,0,On-Time,Not Returned,5
ORD00395,2022-10-27,CUST4476,North,Delhi,Sports,Dumbbells,ReliableGoods,Road,Mumbai WH,5,3914.62,19573.1,7,7,0,On-Time,Not Returned,5
ORD00396,2023-03-22,CUST1968,East,Patna,Clothing,Shoes,MegaSource Inc,Sea,Kolkata WH,12,3557.02,42684.24,9,9,0,On-Time,Not Returned,5
ORD00397,2023-01-14,CUST1681,East,Bhubaneswar,Electronics,Headphones,QuickMart Ltd,Rail,Delhi WH,3,901.84,2705.52,7,7,0,On-Time,Returned,5
ORD00398,2022-10-14,CUST2664,Central,Indore,Clothing,Shoes,MegaSource Inc,Sea,Mumbai WH,1,4863.48,4863.48,6,9,3,Delayed,Returned,2
ORD00399,2023-03-09,CUST2989,South,Kochi,Furniture,Chair,SwiftVendors,Sea,Delhi WH,1,2271.63,2271.63,4,6,2,Delayed,Not Returned,3
ORD00400,2023-04-19,CUST2971,South,Kochi,Sports,Cycle,MegaSource Inc,Air,Mumbai WH,8,837.17,6697.36,4,6,2,Delayed,Not Returned,3
ORD00401,2023-04-25,CUST1875,Central,Nagpur,Clothing,Jacket,ReliableGoods,Air,Delhi WH,10,941.97,9419.7,3,5,2,Delayed,Not Returned,4
ORD00402,2022-05-25,CUST4541,West,Pune,Sports,Dumbbells,QuickMart Ltd,Road,Kolkata WH,11,536.26,5898.86,3,4,1,Delayed,Not Returned,4
ORD00403,2022-02-07,CUST2642,West,Surat,Furniture,Sofa,ReliableGoods,Air,Hyderabad WH,12,4027.41,48328.92,6,6,0,On-Time,Not Returned,5
ORD00404,2023-01-02,CUST4696,Central,Indore,Clothing,Saree,FastSupply Co,Road,Bangalore WH,13,654.05,8502.65,9,10,1,Delayed,Returned,3
ORD00405,2022-03-08,CUST1240,East,Bhubaneswar,Electronics,Laptop,MegaSource Inc,Air,Bangalore WH,12,669.37,8032.44,5,5,0,On-Time,Not Returned,5
ORD00406,2023-03-29,CUST1674,North,Lucknow,Sports,Cricket Bat,SwiftVendors,Sea,Delhi WH,14,4259.83,59637.62,8,9,1,Delayed,Not Returned,4
ORD00407,2022-04-15,CUST2552,West,Mumbai,Sports,Cycle,SwiftVendors,Sea,Hyderabad WH,2,1755.79,3511.58,5,7,2,Delayed,Not Returned,3
ORD00408,2022-01-28,CUST1008,North,Jaipur,Furniture,Table,FastSupply Co,Road,Kolkata WH,19,202.75,3852.25,5,5,0,On-Time,Not Returned,5
ORD00409,2023-04-17,CUST2599,South,Bangalore,Sports,Cycle,MegaSource Inc,Air,Delhi WH,18,306.88,5523.84,4,4,0,On-Time,Not Returned,4
ORD00410,2022-07-28,CUST2086,South,Hyderabad,Grocery,Oil,QuickMart Ltd,Road,Mumbai WH,3,753.74,2261.22,8,8,0,On-Time,Not Returned,5
ORD00411,2022-03-04,CUST4795,West,Ahmedabad,Electronics,Camera,ReliableGoods,Road,Hyderabad WH,17,1106.3,18807.1,4,5,1,Delayed,Not Returned,3
ORD00412,2023-05-28,CUST4211,East,Patna,Grocery,Sugar,FastSupply Co,Road,Delhi WH,8,3342.47,26739.76,8,9,1,Delayed,Not Returned,4
ORD00413,2023-04-20,CUST4215,South,Kochi,Electronics,Camera,QuickMart Ltd,Road,Hyderabad WH,10,828.77,8287.7,7,12,5,Delayed,Not Returned,1
ORD00414,2022-05-06,CUST2863,North,Chandigarh,Furniture,Wardrobe,SwiftVendors,Air,Kolkata WH,2,638.43,1276.86,4,4,0,On-Time,Not Returned,4
ORD00415,2023-01-06,CUST2168,East,Kolkata,Grocery,Oil,QuickMart Ltd,Air,Delhi WH,19,3835.36,72871.84,4,6,2,Delayed,Not Returned,3
ORD00416,2023-01-29,CUST2732,West,Pune,Grocery,Sugar,MegaSource Inc,Road,Bangalore WH,9,3371.72,30345.48,4,4,0,On-Time,Returned,4
ORD00417,2022-09-27,CUST3853,South,Bangalore,Furniture,Bed,FastSupply Co,Air,Delhi WH,7,2204.85,15433.95,9,14,5,Delayed,Returned,3
ORD00418,2023-10-30,CUST4921,West,Ahmedabad,Electronics,Headphones,ReliableGoods,Rail,Bangalore WH,4,2769.08,11076.32,6,6,0,On-Time,Not Returned,4
ORD00419,2023-05-08,CUST3992,East,Kolkata,Sports,Cricket Bat,QuickMart Ltd,Air,Hyderabad WH,18,1594.32,28697.76,4,4,0,On-Time,Not Returned,5
ORD00420,2023-06-29,CUST4208,East,Guwahati,Grocery,Sugar,QuickMart Ltd,Rail,Bangalore WH,13,2438.38,31698.94,3,3,0,On-Time,Not Returned,4
ORD00421,2023-10-19,CUST3276,East,Guwahati,Grocery,Rice,QuickMart Ltd,Rail,Delhi WH,11,2558.03,28138.33,3,5,2,Delayed,Not Returned,4
ORD00422,2022-08-24,CUST3711,Central,Raipur,Furniture,Bed,QuickMart Ltd,Rail,Delhi WH,4,1966.82,7867.28,8,7,-1,Early,Not Returned,4
ORD00423,2023-05-08,CUST3942,Central,Indore,Sports,Cricket Bat,ReliableGoods,Road,Delhi WH,4,4537.53,18150.12,7,7,0,On-Time,Not Returned,4
ORD00424,2023-11-12,CUST2993,North,Chandigarh,Electronics,Mobile,QuickMart Ltd,Road,Delhi WH,10,129.51,1295.1,6,6,0,On-Time,Not Returned,5
ORD00425,2022-03-04,CUST1634,East,Patna,Clothing,Saree,QuickMart Ltd,Air,Delhi WH,5,3921.75,19608.75,9,16,7,Delayed,Returned,2
ORD00426,2022-08-10,CUST1777,East,Kolkata,Electronics,Camera,FastSupply Co,Sea,Kolkata WH,9,665.7,5991.3,8,8,0,On-Time,Not Returned,5
ORD00427,2022-04-11,CUST2215,South,Bangalore,Furniture,Chair,MegaSource Inc,Sea,Delhi WH,3,3997.86,11993.58,3,4,1,Delayed,Not Returned,4
ORD00428,2023-05-14,CUST1891,North,Delhi,Grocery,Rice,QuickMart Ltd,Road,Hyderabad WH,17,3098.76,52678.92,6,6,0,On-Time,Not Returned,4
ORD00429,2022-11-22,CUST4967,North,Delhi,Sports,Cycle,FastSupply Co,Road,Delhi WH,3,4224.23,12672.69,6,6,0,On-Time,Not Returned,5
ORD00430,2022-11-11,CUST1239,West,Pune,Grocery,Sugar,SwiftVendors,Road,Hyderabad WH,16,532.7,8523.2,7,9,2,Delayed,Not Returned,3
ORD00431,2022-08-22,CUST3372,East,Kolkata,Furniture,Chair,ReliableGoods,Air,Hyderabad WH,4,2816.95,11267.8,6,8,2,Delayed,Not Returned,4
ORD00432,2023-06-27,CUST4013,South,Hyderabad,Electronics,Tablet,ReliableGoods,Road,Hyderabad WH,18,2530.39,45547.02,4,4,0,On-Time,Not Returned,5
ORD00433,2022-01-17,CUST3220,West,Ahmedabad,Grocery,Sugar,ReliableGoods,Sea,Delhi WH,17,3545.66,60276.22,6,6,0,On-Time,Not Returned,5
ORD00434,2022-07-10,CUST1249,Central,Nagpur,Clothing,T-Shirt,SwiftVendors,Air,Mumbai WH,7,2694.74,18863.18,7,10,3,Delayed,Returned,1
ORD00435,2023-03-29,CUST4063,East,Guwahati,Furniture,Chair,SwiftVendors,Sea,Bangalore WH,5,2726.64,13633.2,8,8,0,On-Time,Not Returned,4
ORD00436,2022-10-31,CUST2284,North,Delhi,Electronics,Headphones,SwiftVendors,Air,Bangalore WH,12,2176.5,26118.0,7,12,5,Delayed,Returned,3
ORD00437,2022-03-16,CUST1234,East,Bhubaneswar,Sports,Football,QuickMart Ltd,Rail,Kolkata WH,17,1578.73,26838.41,9,9,0,On-Time,Not Returned,4
ORD00438,2022-11-05,CUST1205,East,Kolkata,Electronics,Headphones,ReliableGoods,Sea,Delhi WH,13,2437.21,31683.73,7,7,0,On-Time,Not Returned,5
ORD00439,2023-05-31,CUST3392,Central,Nagpur,Clothing,Saree,QuickMart Ltd,Road,Bangalore WH,3,636.54,1909.62,3,10,7,Delayed,Not Returned,2
ORD00440,2022-11-29,CUST2952,South,Chennai,Grocery,Pulses,SwiftVendors,Rail,Delhi WH,9,4809.49,43285.41,4,5,1,Delayed,Returned,3
ORD00441,2023-12-24,CUST3059,South,Kochi,Electronics,Camera,SwiftVendors,Rail,Delhi WH,17,3586.33,60967.61,3,3,0,On-Time,Not Returned,4
ORD00442,2023-04-16,CUST4765,South,Bangalore,Clothing,Jeans,ReliableGoods,Air,Delhi WH,17,4764.71,81000.07,8,9,1,Delayed,Not Returned,3
ORD00443,2023-11-19,CUST4492,West,Ahmedabad,Clothing,T-Shirt,SwiftVendors,Air,Kolkata WH,16,1172.3,18756.8,5,5,0,On-Time,Not Returned,4
ORD00444,2022-07-05,CUST3175,South,Kochi,Clothing,Saree,ReliableGoods,Air,Kolkata WH,13,4402.74,57235.62,8,8,0,On-Time,Not Returned,5
ORD00445,2023-01-28,CUST1644,West,Ahmedabad,Furniture,Table,MegaSource Inc,Air,Mumbai WH,19,4053.51,77016.69,4,2,-2,Early,Not Returned,5
ORD00446,2022-02-21,CUST1232,Central,Indore,Furniture,Table,MegaSource Inc,Air,Hyderabad WH,17,3401.9,57832.3,6,8,2,Delayed,Not Returned,3
ORD00447,2022-06-15,CUST4935,East,Patna,Electronics,Tablet,MegaSource Inc,Air,Bangalore WH,4,3143.89,12575.56,7,8,1,Delayed,Not Returned,4
ORD00448,2023-07-31,CUST3080,West,Surat,Electronics,Camera,ReliableGoods,Air,Mumbai WH,12,1616.92,19403.04,5,5,0,On-Time,Not Returned,4
ORD00449,2022-06-26,CUST1328,Central,Bhopal,Electronics,Laptop,MegaSource Inc,Rail,Kolkata WH,9,4091.23,36821.07,4,4,0,On-Time,Not Returned,4
ORD00450,2022-12-07,CUST4487,West,Ahmedabad,Grocery,Sugar,MegaSource Inc,Road,Kolkata WH,19,2532.5,48117.5,3,3,0,On-Time,Not Returned,4
ORD00451,2022-09-23,CUST1761,Central,Bhopal,Grocery,Oil,QuickMart Ltd,Air,Mumbai WH,12,400.91,4810.92,7,7,0,On-Time,Not Returned,5
ORD00452,2023-02-08,CUST1280,South,Bangalore,Electronics,Laptop,MegaSource Inc,Air,Mumbai WH,9,1598.67,14388.03,8,10,2,Delayed,Not Returned,4
ORD00453,2023-12-03,CUST3437,South,Chennai,Sports,Cycle,SwiftVendors,Road,Hyderabad WH,7,4679.72,32758.04,3,3,0,On-Time,Not Returned,5
ORD00454,2023-06-25,CUST1278,Central,Raipur,Furniture,Sofa,MegaSource Inc,Sea,Kolkata WH,14,4260.87,59652.18,4,7,3,Delayed,Returned,2
ORD00455,2023-02-17,CUST3765,North,Jaipur,Furniture,Table,FastSupply Co,Air,Mumbai WH,19,4910.43,93298.17,4,4,0,On-Time,Not Returned,4
ORD00456,2022-06-01,CUST4530,Central,Bhopal,Clothing,Jacket,QuickMart Ltd,Sea,Hyderabad WH,15,3158.57,47378.55,8,8,0,On-Time,Not Returned,5
ORD00457,2023-04-07,CUST1963,West,Surat,Electronics,Tablet,MegaSource Inc,Rail,Delhi WH,16,1275.17,20402.72,5,5,0,On-Time,Not Returned,5
ORD00458,2022-07-10,CUST2653,Central,Nagpur,Grocery,Flour,QuickMart Ltd,Air,Kolkata WH,5,855.93,4279.65,8,8,0,On-Time,Not Returned,5
ORD00459,2023-07-23,CUST1491,East,Bhubaneswar,Clothing,T-Shirt,SwiftVendors,Air,Hyderabad WH,3,975.23,2925.69,6,6,0,On-Time,Not Returned,5
ORD00460,2023-06-13,CUST4856,North,Lucknow,Furniture,Sofa,SwiftVendors,Road,Kolkata WH,12,147.99,1775.88,3,2,-1,Early,Not Returned,4
ORD00461,2022-11-04,CUST4646,Central,Indore,Electronics,Headphones,QuickMart Ltd,Rail,Mumbai WH,4,1983.88,7935.52,5,5,0,On-Time,Not Returned,4
ORD00462,2022-02-16,CUST3333,North,Delhi,Furniture,Wardrobe,FastSupply Co,Rail,Hyderabad WH,16,997.57,15961.12,7,14,7,Delayed,Returned,1
ORD00463,2023-04-05,CUST2008,North,Delhi,Sports,Yoga Mat,SwiftVendors,Sea,Delhi WH,7,2087.69,14613.83,9,9,0,On-Time,Not Returned,5
ORD00464,2023-03-03,CUST3371,Central,Nagpur,Clothing,Jeans,ReliableGoods,Air,Delhi WH,13,4678.22,60816.86,6,4,-2,Early,Returned,5
ORD00465,2023-03-15,CUST3435,Central,Indore,Electronics,Camera,SwiftVendors,Rail,Kolkata WH,10,2181.17,21811.7,5,5,0,On-Time,Not Returned,4
ORD00466,2022-09-14,CUST1162,South,Kochi,Sports,Cycle,MegaSource Inc,Rail,Mumbai WH,7,4396.02,30772.14,9,16,7,Delayed,Returned,2
ORD00467,2022-05-20,CUST3536,Central,Nagpur,Sports,Yoga Mat,FastSupply Co,Rail,Mumbai WH,14,3047.25,42661.5,9,9,0,On-Time,Not Returned,4
ORD00468,2022-01-11,CUST1335,Central,Bhopal,Grocery,Pulses,SwiftVendors,Road,Mumbai WH,5,1273.3,6366.5,3,5,2,Delayed,Not Returned,3
ORD00469,2023-04-02,CUST2717,South,Bangalore,Electronics,Mobile,QuickMart Ltd,Air,Kolkata WH,3,1811.48,5434.44,4,9,5,Delayed,Not Returned,1
ORD00470,2023-10-31,CUST3692,South,Kochi,Grocery,Oil,MegaSource Inc,Road,Mumbai WH,11,465.4,5119.4,7,7,0,On-Time,Not Returned,4
ORD00471,2023-01-22,CUST3390,East,Kolkata,Sports,Yoga Mat,SwiftVendors,Sea,Delhi WH,11,1700.64,18707.04,8,8,0,On-Time,Not Returned,4
ORD00472,2023-12-01,CUST3315,Central,Nagpur,Electronics,Mobile,QuickMart Ltd,Rail,Kolkata WH,18,3403.83,61268.94,3,3,0,On-Time,Not Returned,4
ORD00473,2022-07-31,CUST3141,West,Surat,Electronics,Tablet,ReliableGoods,Sea,Mumbai WH,15,406.95,6104.25,6,13,7,Delayed,Returned,2
ORD00474,2022-05-28,CUST2295,North,Jaipur,Electronics,Camera,MegaSource Inc,Air,Bangalore WH,12,1066.74,12800.88,9,9,0,On-Time,Not Returned,4
ORD00475,2023-05-05,CUST4828,South,Hyderabad,Electronics,Mobile,SwiftVendors,Road,Hyderabad WH,9,1938.13,17443.17,6,6,0,On-Time,Not Returned,4
ORD00476,2022-03-11,CUST2068,Central,Raipur,Grocery,Sugar,FastSupply Co,Road,Delhi WH,10,4911.15,49111.5,9,9,0,On-Time,Not Returned,4
ORD00477,2023-12-25,CUST1836,West,Pune,Furniture,Sofa,ReliableGoods,Rail,Hyderabad WH,12,3935.07,47220.84,4,4,0,On-Time,Not Returned,5
ORD00478,2022-07-31,CUST3743,North,Delhi,Electronics,Laptop,SwiftVendors,Air,Hyderabad WH,17,3680.76,62572.92,4,7,3,Delayed,Not Returned,2
ORD00479,2022-12-13,CUST3933,Central,Bhopal,Clothing,Saree,ReliableGoods,Rail,Delhi WH,6,625.15,3750.9,7,7,0,On-Time,Not Returned,4
ORD00480,2022-08-02,CUST2286,West,Ahmedabad,Electronics,Camera,ReliableGoods,Sea,Mumbai WH,7,3915.93,27411.51,8,9,1,Delayed,Not Returned,4
ORD00481,2023-07-16,CUST1977,North,Jaipur,Grocery,Flour,SwiftVendors,Sea,Kolkata WH,14,3937.08,55119.12,7,12,5,Delayed,Not Returned,2
ORD00482,2023-02-15,CUST2087,West,Ahmedabad,Electronics,Camera,ReliableGoods,Air,Kolkata WH,13,3025.46,39330.98,4,4,0,On-Time,Not Returned,5
ORD00483,2023-05-03,CUST2621,South,Bangalore,Furniture,Table,FastSupply Co,Sea,Bangalore WH,8,4952.29,39618.32,4,5,1,Delayed,Not Returned,3
ORD00484,2023-03-04,CUST1536,Central,Raipur,Sports,Cycle,QuickMart Ltd,Sea,Hyderabad WH,10,1660.01,16600.1,6,6,0,On-Time,Not Returned,4
ORD00485,2023-12-10,CUST3751,West,Mumbai,Grocery,Flour,FastSupply Co,Air,Bangalore WH,9,4709.3,42383.7,4,5,1,Delayed,Not Returned,4
ORD00486,2022-05-22,CUST3643,West,Pune,Electronics,Laptop,SwiftVendors,Air,Kolkata WH,18,4577.92,82402.56,5,5,0,On-Time,Returned,5
ORD00487,2023-01-02,CUST2228,Central,Bhopal,Electronics,Mobile,ReliableGoods,Air,Kolkata WH,2,106.83,213.66,9,11,2,Delayed,Not Returned,3
ORD00488,2023-09-11,CUST2872,North,Chandigarh,Electronics,Camera,SwiftVendors,Air,Delhi WH,5,2278.08,11390.4,3,3,0,On-Time,Not Returned,5
ORD00489,2022-05-09,CUST2295,Central,Indore,Sports,Cycle,FastSupply Co,Rail,Bangalore WH,5,4886.67,24433.35,4,4,0,On-Time,Returned,4
ORD00490,2022-08-12,CUST4805,West,Ahmedabad,Electronics,Headphones,MegaSource Inc,Road,Kolkata WH,6,560.45,3362.7,7,7,0,On-Time,Not Returned,5
ORD00491,2023-06-26,CUST4079,East,Kolkata,Furniture,Wardrobe,ReliableGoods,Sea,Bangalore WH,19,2761.53,52469.07,8,8,0,On-Time,Not Returned,5
ORD00492,2023-03-18,CUST4832,North,Chandigarh,Grocery,Sugar,QuickMart Ltd,Rail,Delhi WH,8,4895.84,39166.72,9,11,2,Delayed,Not Returned,4
ORD00493,2023-06-01,CUST1297,West,Ahmedabad,Grocery,Flour,FastSupply Co,Rail,Delhi WH,16,2799.7,44795.2,9,9,0,On-Time,Not Returned,4
ORD00494,2023-05-02,CUST1038,East,Kolkata,Electronics,Headphones,MegaSource Inc,Air,Delhi WH,13,989.59,12864.67,8,9,1,Delayed,Not Returned,4
ORD00495,2023-09-14,CUST2877,North,Jaipur,Sports,Cycle,FastSupply Co,Rail,Delhi WH,1,2931.81,2931.81,8,8,0,On-Time,Returned,5
ORD00496,2022-02-23,CUST3544,South,Bangalore,Grocery,Flour,MegaSource Inc,Rail,Delhi WH,17,1061.98,18053.66,9,10,1,Delayed,Not Returned,3
ORD00497,2023-02-21,CUST3306,Central,Bhopal,Clothing,Jacket,SwiftVendors,Road,Delhi WH,7,2622.54,18357.78,5,5,0,On-Time,Not Returned,4
ORD00498,2023-11-19,CUST1409,North,Delhi,Sports,Cycle,MegaSource Inc,Sea,Delhi WH,13,416.51,5414.63,7,7,0,On-Time,Not Returned,4
ORD00499,2023-12-12,CUST1300,North,Jaipur,Sports,Cycle,FastSupply Co,Sea,Hyderabad WH,4,3047.14,12188.56,5,5,0,On-Time,Not Returned,4
ORD00500,2022-01-31,CUST3202,West,Pune,Electronics,Laptop,SwiftVendors,Air,Mumbai WH,4,2608.11,10432.44,4,6,2,Delayed,Not Returned,4
ORD00501,2022-09-27,CUST1873,East,Patna,Grocery,Pulses,ReliableGoods,Road,Mumbai WH,6,3713.8,22282.8,3,3,0,On-Time,Not Returned,4
ORD00502,2023-06-14,CUST3072,North,Delhi,Grocery,Rice,ReliableGoods,Sea,Hyderabad WH,19,3171.97,60267.43,8,13,5,Delayed,Not Returned,2
ORD00503,2023-06-20,CUST2086,Central,Nagpur,Grocery,Flour,QuickMart Ltd,Road,Bangalore WH,12,2770.55,33246.6,7,12,5,Delayed,Returned,2
ORD00504,2023-02-07,CUST1542,North,Chandigarh,Grocery,Rice,ReliableGoods,Rail,Bangalore WH,7,3464.41,24250.87,8,8,0,On-Time,Not Returned,5
ORD00505,2023-08-29,CUST4822,North,Jaipur,Sports,Football,QuickMart Ltd,Road,Delhi WH,10,762.51,7625.1,5,6,1,Delayed,Returned,4
ORD00506,2023-11-27,CUST2429,West,Mumbai,Sports,Dumbbells,ReliableGoods,Rail,Bangalore WH,19,2997.03,56943.57,6,6,0,On-Time,Not Returned,5
ORD00507,2022-08-28,CUST4608,North,Lucknow,Electronics,Headphones,MegaSource Inc,Rail,Hyderabad WH,7,901.95,6313.65,4,4,0,On-Time,Returned,5
ORD00508,2022-06-30,CUST1281,East,Kolkata,Furniture,Table,SwiftVendors,Air,Hyderabad WH,3,4631.33,13893.99,3,5,2,Delayed,Not Returned,3
ORD00509,2022-02-28,CUST4601,West,Mumbai,Electronics,Camera,MegaSource Inc,Rail,Delhi WH,13,388.25,5047.25,4,5,1,Delayed,Not Returned,4
ORD00510,2023-12-12,CUST2000,South,Hyderabad,Grocery,Pulses,MegaSource Inc,Rail,Delhi WH,13,2180.36,28344.68,6,7,1,Delayed,Not Returned,3
ORD00511,2022-12-09,CUST2513,South,Bangalore,Sports,Yoga Mat,QuickMart Ltd,Road,Delhi WH,18,3494.2,62895.6,3,3,0,On-Time,Returned,4
ORD00512,2023-01-15,CUST2167,West,Mumbai,Furniture,Table,SwiftVendors,Sea,Bangalore WH,8,2317.21,18537.68,6,6,0,On-Time,Not Returned,5
ORD00513,2022-08-29,CUST1646,East,Bhubaneswar,Sports,Dumbbells,SwiftVendors,Air,Kolkata WH,9,505.87,4552.83,4,4,0,On-Time,Not Returned,4
ORD00514,2022-09-23,CUST2794,West,Surat,Clothing,Shoes,ReliableGoods,Air,Mumbai WH,7,2789.23,19524.61,5,7,2,Delayed,Not Returned,4
ORD00515,2022-01-07,CUST4415,West,Pune,Electronics,Camera,QuickMart Ltd,Sea,Kolkata WH,1,3226.08,3226.08,9,9,0,On-Time,Not Returned,4
ORD00516,2022-12-22,CUST3225,West,Ahmedabad,Electronics,Headphones,SwiftVendors,Air,Delhi WH,3,3533.77,10601.31,4,6,2,Delayed,Not Returned,4
ORD00517,2022-01-27,CUST3881,West,Ahmedabad,Electronics,Laptop,SwiftVendors,Sea,Hyderabad WH,13,1897.64,24669.32,4,4,0,On-Time,Not Returned,4
ORD00518,2023-12-05,CUST2239,North,Jaipur,Sports,Cycle,MegaSource Inc,Road,Bangalore WH,17,2840.12,48282.04,4,4,0,On-Time,Not Returned,4
ORD00519,2023-06-22,CUST3505,Central,Nagpur,Electronics,Mobile,FastSupply Co,Road,Delhi WH,1,2280.9,2280.9,7,7,0,On-Time,Not Returned,5
ORD00520,2023-09-11,CUST4305,South,Chennai,Sports,Cycle,SwiftVendors,Sea,Bangalore WH,6,3376.68,20260.08,6,6,0,On-Time,Not Returned,5
ORD00521,2022-05-29,CUST3678,East,Guwahati,Clothing,T-Shirt,FastSupply Co,Sea,Mumbai WH,6,2938.61,17631.66,6,6,0,On-Time,Not Returned,5
ORD00522,2023-05-01,CUST3166,North,Lucknow,Sports,Cycle,MegaSource Inc,Rail,Kolkata WH,12,2652.49,31829.88,8,11,3,Delayed,Not Returned,2
ORD00523,2022-07-24,CUST1032,South,Bangalore,Clothing,Shoes,SwiftVendors,Air,Delhi WH,13,1285.15,16706.95,6,11,5,Delayed,Not Returned,3
ORD00524,2023-08-15,CUST3735,Central,Raipur,Sports,Cycle,FastSupply Co,Road,Kolkata WH,13,59.99,779.87,8,8,0,On-Time,Not Returned,4
ORD00525,2023-03-05,CUST4346,West,Mumbai,Furniture,Chair,FastSupply Co,Road,Delhi WH,15,911.7,13675.5,7,7,0,On-Time,Not Returned,4
ORD00526,2022-03-27,CUST3271,Central,Indore,Furniture,Chair,SwiftVendors,Air,Mumbai WH,16,629.48,10071.68,5,5,0,On-Time,Returned,5
ORD00527,2022-12-02,CUST2226,South,Kochi,Grocery,Rice,FastSupply Co,Air,Mumbai WH,11,2272.97,25002.67,8,13,5,Delayed,Not Returned,3
ORD00528,2023-09-03,CUST4816,South,Hyderabad,Grocery,Sugar,SwiftVendors,Rail,Hyderabad WH,5,3080.68,15403.4,4,4,0,On-Time,Not Returned,5
ORD00529,2023-04-06,CUST3717,North,Jaipur,Sports,Cricket Bat,ReliableGoods,Air,Mumbai WH,4,1104.77,4419.08,5,12,7,Delayed,Not Returned,2
ORD00530,2023-03-16,CUST1424,North,Chandigarh,Grocery,Sugar,QuickMart Ltd,Air,Bangalore WH,3,4698.33,14094.99,9,9,0,On-Time,Not Returned,5
ORD00531,2022-09-21,CUST4845,East,Bhubaneswar,Clothing,Shoes,QuickMart Ltd,Sea,Kolkata WH,19,83.08,1578.52,7,7,0,On-Time,Not Returned,4
ORD00532,2022-01-10,CUST4596,West,Ahmedabad,Clothing,T-Shirt,QuickMart Ltd,Rail,Kolkata WH,18,3872.89,69712.02,6,13,7,Delayed,Returned,2
ORD00533,2022-11-18,CUST1550,Central,Raipur,Clothing,Saree,SwiftVendors,Air,Bangalore WH,15,3144.76,47171.4,8,8,0,On-Time,Not Returned,4
ORD00534,2022-07-16,CUST2083,West,Surat,Electronics,Camera,QuickMart Ltd,Air,Mumbai WH,9,1899.1,17091.9,4,4,0,On-Time,Not Returned,4
ORD00535,2023-11-30,CUST1472,Central,Raipur,Electronics,Tablet,QuickMart Ltd,Rail,Delhi WH,17,299.92,5098.64,3,3,0,On-Time,Not Returned,4
ORD00536,2023-11-03,CUST4644,West,Pune,Clothing,Saree,FastSupply Co,Rail,Mumbai WH,14,3156.06,44184.84,9,9,0,On-Time,Not Returned,5
ORD00537,2022-11-26,CUST1438,South,Chennai,Furniture,Chair,ReliableGoods,Road,Kolkata WH,15,1958.79,29381.85,3,3,0,On-Time,Not Returned,4
ORD00538,2023-02-26,CUST4040,South,Bangalore,Sports,Cricket Bat,FastSupply Co,Sea,Bangalore WH,1,4684.52,4684.52,5,6,1,Delayed,Not Returned,3
ORD00539,2023-04-07,CUST3266,West,Surat,Grocery,Pulses,MegaSource Inc,Sea,Delhi WH,3,2732.85,8198.55,6,8,2,Delayed,Not Returned,4
ORD00540,2022-03-01,CUST1636,East,Patna,Sports,Dumbbells,FastSupply Co,Road,Hyderabad WH,16,4701.27,75220.32,3,3,0,On-Time,Not Returned,5
ORD00541,2023-05-01,CUST2115,South,Hyderabad,Furniture,Chair,FastSupply Co,Road,Bangalore WH,11,1141.39,12555.29,5,12,7,Delayed,Returned,1
ORD00542,2023-05-28,CUST2154,East,Patna,Furniture,Table,ReliableGoods,Sea,Mumbai WH,12,3642.34,43708.08,7,7,0,On-Time,Not Returned,4
ORD00543,2023-09-02,CUST3477,South,Kochi,Sports,Dumbbells,SwiftVendors,Road,Hyderabad WH,10,3105.38,31053.8,5,5,0,On-Time,Not Returned,5
ORD00544,2023-04-20,CUST1862,North,Delhi,Sports,Football,ReliableGoods,Air,Bangalore WH,16,3710.07,59361.12,9,9,0,On-Time,Not Returned,5
ORD00545,2023-05-27,CUST3939,North,Jaipur,Clothing,Shoes,ReliableGoods,Sea,Delhi WH,8,1112.61,8900.88,5,5,0,On-Time,Not Returned,5
ORD00546,2023-12-29,CUST2404,West,Pune,Clothing,Jacket,ReliableGoods,Rail,Mumbai WH,6,3341.72,20050.32,9,9,0,On-Time,Returned,5
ORD00547,2022-12-14,CUST1833,Central,Bhopal,Grocery,Oil,ReliableGoods,Road,Mumbai WH,12,2515.3,30183.6,5,3,-2,Early,Not Returned,5
ORD00548,2022-12-19,CUST3815,North,Lucknow,Furniture,Table,QuickMart Ltd,Road,Delhi WH,8,3726.98,29815.84,4,4,0,On-Time,Not Returned,4
ORD00549,2022-09-18,CUST3597,South,Bangalore,Sports,Football,MegaSource Inc,Air,Kolkata WH,4,1668.87,6675.48,5,5,0,On-Time,Not Returned,4
ORD00550,2022-06-12,CUST4493,South,Hyderabad,Furniture,Sofa,QuickMart Ltd,Road,Delhi WH,8,4455.78,35646.24,8,8,0,On-Time,Not Returned,4
ORD00551,2023-03-23,CUST2081,North,Delhi,Furniture,Sofa,FastSupply Co,Sea,Kolkata WH,18,467.29,8411.22,5,7,2,Delayed,Not Returned,3
ORD00552,2022-03-20,CUST3070,North,Jaipur,Furniture,Chair,MegaSource Inc,Rail,Mumbai WH,5,4045.59,20227.95,4,7,3,Delayed,Returned,2
ORD00553,2023-08-24,CUST3001,Central,Nagpur,Electronics,Tablet,MegaSource Inc,Road,Hyderabad WH,9,4313.53,38821.77,4,4,0,On-Time,Not Returned,5
ORD00554,2023-12-23,CUST2028,North,Jaipur,Sports,Dumbbells,QuickMart Ltd,Rail,Bangalore WH,4,4095.4,16381.6,7,7,0,On-Time,Not Returned,4
ORD00555,2022-01-29,CUST4708,West,Pune,Sports,Football,ReliableGoods,Sea,Kolkata WH,17,2588.0,43996.0,9,9,0,On-Time,Not Returned,4
ORD00556,2022-09-05,CUST4719,Central,Raipur,Clothing,T-Shirt,MegaSource Inc,Rail,Delhi WH,9,2220.01,19980.09,6,6,0,On-Time,Returned,4
ORD00557,2023-06-24,CUST4465,North,Lucknow,Electronics,Laptop,ReliableGoods,Road,Hyderabad WH,1,4981.5,4981.5,3,3,0,On-Time,Not Returned,5
ORD00558,2022-09-23,CUST1208,South,Kochi,Clothing,T-Shirt,FastSupply Co,Air,Kolkata WH,13,1184.4,15397.2,3,3,0,On-Time,Not Returned,5
ORD00559,2022-05-31,CUST1378,North,Lucknow,Sports,Football,QuickMart Ltd,Road,Bangalore WH,16,2757.04,44112.64,5,5,0,On-Time,Not Returned,5
ORD00560,2022-07-05,CUST3598,West,Mumbai,Sports,Dumbbells,MegaSource Inc,Sea,Kolkata WH,13,3369.84,43807.92,7,7,0,On-Time,Not Returned,5
ORD00561,2023-05-04,CUST2734,West,Mumbai,Electronics,Laptop,ReliableGoods,Road,Mumbai WH,14,3519.29,49270.06,5,5,0,On-Time,Not Returned,4
ORD00562,2022-08-04,CUST4397,South,Chennai,Grocery,Pulses,QuickMart Ltd,Rail,Bangalore WH,3,1059.92,3179.76,3,10,7,Delayed,Not Returned,2
ORD00563,2023-02-17,CUST2133,Central,Bhopal,Furniture,Chair,QuickMart Ltd,Sea,Bangalore WH,6,3287.27,19723.62,9,14,5,Delayed,Returned,3
ORD00564,2022-05-14,CUST1180,South,Bangalore,Clothing,Jeans,MegaSource Inc,Road,Kolkata WH,18,4100.93,73816.74,9,9,0,On-Time,Not Returned,5
ORD00565,2023-04-12,CUST1014,North,Chandigarh,Clothing,Jeans,FastSupply Co,Air,Mumbai WH,19,297.59,5654.21,9,9,0,On-Time,Not Returned,5
ORD00566,2022-07-31,CUST2366,South,Chennai,Clothing,T-Shirt,MegaSource Inc,Rail,Bangalore WH,5,4562.03,22810.15,4,4,0,On-Time,Not Returned,4
ORD00567,2022-07-04,CUST4158,Central,Nagpur,Electronics,Tablet,ReliableGoods,Rail,Bangalore WH,15,196.05,2940.75,6,6,0,On-Time,Not Returned,4
ORD00568,2022-03-03,CUST1535,East,Kolkata,Furniture,Chair,FastSupply Co,Air,Bangalore WH,2,1812.06,3624.12,7,9,2,Delayed,Not Returned,4
ORD00569,2023-12-25,CUST3609,South,Kochi,Clothing,Shoes,SwiftVendors,Sea,Hyderabad WH,10,128.28,1282.8,4,4,0,On-Time,Not Returned,4
ORD00570,2022-06-30,CUST2072,Central,Nagpur,Grocery,Flour,MegaSource Inc,Air,Mumbai WH,18,431.87,7773.66,6,9,3,Delayed,Returned,1
ORD00571,2022-06-29,CUST1661,East,Kolkata,Grocery,Flour,FastSupply Co,Sea,Delhi WH,13,4560.28,59283.64,7,14,7,Delayed,Returned,2
ORD00572,2023-10-21,CUST4036,Central,Bhopal,Sports,Cricket Bat,SwiftVendors,Rail,Mumbai WH,5,1806.56,9032.8,7,7,0,On-Time,Returned,5
ORD00573,2022-05-31,CUST2809,Central,Indore,Furniture,Chair,FastSupply Co,Sea,Bangalore WH,1,2152.62,2152.62,3,3,0,On-Time,Returned,5
ORD00574,2023-05-09,CUST3259,East,Guwahati,Sports,Yoga Mat,SwiftVendors,Road,Mumbai WH,1,1115.95,1115.95,4,4,0,On-Time,Not Returned,5
ORD00575,2022-04-16,CUST3890,South,Hyderabad,Sports,Cycle,FastSupply Co,Rail,Kolkata WH,18,3005.62,54101.16,7,7,0,On-Time,Not Returned,4
ORD00576,2022-04-19,CUST2751,East,Kolkata,Furniture,Bed,MegaSource Inc,Rail,Bangalore WH,15,2994.28,44914.2,8,8,0,On-Time,Not Returned,4
ORD00577,2022-03-18,CUST3297,South,Hyderabad,Sports,Football,FastSupply Co,Rail,Mumbai WH,17,1892.39,32170.63,9,9,0,On-Time,Not Returned,4
ORD00578,2023-04-21,CUST1039,Central,Nagpur,Furniture,Table,QuickMart Ltd,Air,Mumbai WH,11,1698.52,18683.72,7,12,5,Delayed,Returned,3
ORD00579,2023-01-15,CUST1458,South,Chennai,Grocery,Pulses,FastSupply Co,Road,Hyderabad WH,17,4430.57,75319.69,6,6,0,On-Time,Not Returned,4
ORD00580,2023-10-29,CUST1308,West,Mumbai,Furniture,Sofa,SwiftVendors,Sea,Bangalore WH,13,1947.26,25314.38,3,3,0,On-Time,Not Returned,5
ORD00581,2023-05-17,CUST4870,East,Bhubaneswar,Clothing,Shoes,FastSupply Co,Road,Bangalore WH,1,2492.83,2492.83,5,6,1,Delayed,Not Returned,3
ORD00582,2023-03-13,CUST4617,East,Guwahati,Electronics,Tablet,FastSupply Co,Rail,Kolkata WH,2,1452.36,2904.72,9,10,1,Delayed,Not Returned,4
ORD00583,2023-09-14,CUST3830,North,Delhi,Grocery,Pulses,MegaSource Inc,Rail,Bangalore WH,9,3944.51,35500.59,3,3,0,On-Time,Not Returned,5
ORD00584,2022-05-04,CUST4702,Central,Indore,Electronics,Laptop,ReliableGoods,Road,Mumbai WH,3,2017.37,6052.11,5,8,3,Delayed,Returned,1
ORD00585,2023-05-19,CUST1610,Central,Bhopal,Grocery,Flour,MegaSource Inc,Rail,Hyderabad WH,1,2592.37,2592.37,4,4,0,On-Time,Not Returned,5
ORD00586,2022-04-20,CUST3234,South,Hyderabad,Clothing,Jeans,FastSupply Co,Road,Mumbai WH,16,1304.12,20865.92,4,4,0,On-Time,Not Returned,5
ORD00587,2023-03-10,CUST1147,West,Surat,Electronics,Laptop,SwiftVendors,Air,Hyderabad WH,6,4938.91,29633.46,7,7,0,On-Time,Not Returned,5
ORD00588,2022-06-18,CUST4418,Central,Raipur,Clothing,Jeans,SwiftVendors,Air,Kolkata WH,17,1492.9,25379.3,8,8,0,On-Time,Not Returned,5
ORD00589,2022-02-28,CUST2512,West,Mumbai,Clothing,Jeans,MegaSource Inc,Sea,Hyderabad WH,5,3865.18,19325.9,4,7,3,Delayed,Returned,1
ORD00590,2022-10-29,CUST3385,North,Lucknow,Grocery,Oil,FastSupply Co,Sea,Delhi WH,5,2166.1,10830.5,7,8,1,Delayed,Not Returned,3
ORD00591,2022-06-11,CUST3263,East,Kolkata,Sports,Football,QuickMart Ltd,Rail,Hyderabad WH,6,1070.78,6424.68,9,12,3,Delayed,Returned,1
ORD00592,2023-09-24,CUST1606,West,Mumbai,Clothing,Shoes,QuickMart Ltd,Sea,Bangalore WH,3,4008.61,12025.83,3,3,0,On-Time,Not Returned,5
ORD00593,2023-07-11,CUST2760,Central,Raipur,Clothing,Shoes,SwiftVendors,Rail,Kolkata WH,5,1701.35,8506.75,4,4,0,On-Time,Not Returned,4
ORD00594,2023-01-16,CUST1522,East,Kolkata,Grocery,Oil,ReliableGoods,Rail,Hyderabad WH,5,4332.71,21663.55,3,3,0,On-Time,Not Returned,4
ORD00595,2022-04-27,CUST1171,West,Pune,Furniture,Bed,QuickMart Ltd,Air,Kolkata WH,10,4580.52,45805.2,3,3,0,On-Time,Not Returned,4
ORD00596,2022-10-23,CUST2262,West,Mumbai,Grocery,Flour,SwiftVendors,Road,Bangalore WH,10,4306.13,43061.3,8,9,1,Delayed,Not Returned,4
ORD00597,2022-10-02,CUST2493,South,Chennai,Clothing,Saree,QuickMart Ltd,Air,Delhi WH,19,223.29,4242.51,4,6,2,Delayed,Not Returned,3
ORD00598,2023-07-20,CUST4682,East,Bhubaneswar,Grocery,Sugar,MegaSource Inc,Rail,Mumbai WH,17,3947.5,67107.5,3,3,0,On-Time,Returned,4
ORD00599,2023-02-18,CUST4821,West,Surat,Clothing,T-Shirt,FastSupply Co,Road,Kolkata WH,14,2086.13,29205.82,8,8,0,On-Time,Not Returned,5
ORD00600,2023-08-14,CUST4260,South,Bangalore,Electronics,Camera,QuickMart Ltd,Road,Mumbai WH,9,4374.93,39374.37,8,8,0,On-Time,Not Returned,4
ORD00601,2023-07-21,CUST4982,Central,Nagpur,Furniture,Bed,SwiftVendors,Rail,Delhi WH,14,3207.87,44910.18,4,4,0,On-Time,Returned,4
ORD00602,2022-08-27,CUST4525,West,Pune,Electronics,Headphones,MegaSource Inc,Rail,Mumbai WH,1,4176.53,4176.53,8,8,0,On-Time,Not Returned,5
ORD00603,2022-02-03,CUST1163,South,Bangalore,Electronics,Headphones,SwiftVendors,Road,Bangalore WH,19,2522.19,47921.61,4,4,0,On-Time,Not Returned,4
ORD00604,2023-01-19,CUST4681,South,Kochi,Furniture,Bed,QuickMart Ltd,Sea,Delhi WH,13,2698.38,35078.94,4,4,0,On-Time,Not Returned,4
ORD00605,2022-06-29,CUST2465,East,Kolkata,Electronics,Tablet,ReliableGoods,Air,Kolkata WH,13,764.72,9941.36,5,5,0,On-Time,Not Returned,5
ORD00606,2022-04-17,CUST1860,South,Hyderabad,Sports,Cricket Bat,QuickMart Ltd,Rail,Delhi WH,4,3930.74,15722.96,3,3,0,On-Time,Not Returned,4
ORD00607,2023-03-12,CUST3793,West,Surat,Electronics,Tablet,SwiftVendors,Air,Mumbai WH,1,2125.98,2125.98,6,6,0,On-Time,Not Returned,5
ORD00608,2023-08-16,CUST2022,North,Jaipur,Clothing,Jacket,QuickMart Ltd,Rail,Mumbai WH,17,2525.4,42931.8,4,5,1,Delayed,Not Returned,4
ORD00609,2022-01-09,CUST3731,Central,Bhopal,Furniture,Bed,ReliableGoods,Air,Hyderabad WH,8,3936.23,31489.84,3,3,0,On-Time,Not Returned,5
ORD00610,2022-08-01,CUST1421,West,Pune,Grocery,Oil,FastSupply Co,Rail,Kolkata WH,2,3014.28,6028.56,9,8,-1,Early,Not Returned,4
ORD00611,2023-08-22,CUST2448,West,Pune,Clothing,T-Shirt,SwiftVendors,Road,Mumbai WH,8,1045.44,8363.52,8,8,0,On-Time,Not Returned,4
ORD00612,2022-07-03,CUST4195,Central,Indore,Sports,Yoga Mat,FastSupply Co,Road,Delhi WH,7,2971.65,20801.55,7,7,0,On-Time,Not Returned,4
ORD00613,2022-07-11,CUST3293,Central,Raipur,Furniture,Bed,SwiftVendors,Road,Mumbai WH,2,2067.78,4135.56,4,4,0,On-Time,Not Returned,5
ORD00614,2022-01-31,CUST4621,South,Bangalore,Electronics,Laptop,FastSupply Co,Road,Delhi WH,3,2374.15,7122.45,8,8,0,On-Time,Not Returned,4
ORD00615,2022-07-04,CUST4582,West,Surat,Electronics,Camera,MegaSource Inc,Rail,Bangalore WH,18,190.14,3422.52,8,11,3,Delayed,Returned,3
ORD00616,2023-02-28,CUST2664,South,Hyderabad,Clothing,Jacket,MegaSource Inc,Road,Mumbai WH,12,1089.65,13075.8,8,8,0,On-Time,Not Returned,5
ORD00617,2023-08-06,CUST4988,East,Patna,Clothing,T-Shirt,FastSupply Co,Rail,Delhi WH,1,1441.14,1441.14,8,15,7,Delayed,Returned,1
ORD00618,2023-07-17,CUST3542,South,Hyderabad,Furniture,Wardrobe,MegaSource Inc,Rail,Hyderabad WH,12,3579.15,42949.8,8,13,5,Delayed,Returned,1
ORD00619,2022-01-15,CUST4069,East,Patna,Clothing,Saree,QuickMart Ltd,Air,Delhi WH,5,106.89,534.45,4,4,0,On-Time,Not Returned,5
ORD00620,2022-04-08,CUST1633,North,Jaipur,Clothing,T-Shirt,SwiftVendors,Sea,Kolkata WH,17,2073.45,35248.65,9,9,0,On-Time,Returned,5
ORD00621,2022-09-30,CUST4791,West,Surat,Furniture,Wardrobe,SwiftVendors,Road,Hyderabad WH,16,4623.93,73982.88,6,7,1,Delayed,Not Returned,4
ORD00622,2022-07-08,CUST4808,East,Patna,Clothing,Jacket,QuickMart Ltd,Road,Kolkata WH,15,603.81,9057.15,5,5,0,On-Time,Not Returned,5
ORD00623,2023-11-26,CUST1969,North,Chandigarh,Furniture,Chair,FastSupply Co,Air,Kolkata WH,15,2606.3,39094.5,8,9,1,Delayed,Not Returned,3
ORD00624,2023-02-12,CUST4541,Central,Nagpur,Sports,Yoga Mat,ReliableGoods,Air,Hyderabad WH,5,3943.29,19716.45,8,8,0,On-Time,Not Returned,5
ORD00625,2022-10-03,CUST1665,South,Kochi,Clothing,Jeans,QuickMart Ltd,Air,Hyderabad WH,14,4715.53,66017.42,5,5,0,On-Time,Not Returned,5
ORD00626,2023-05-23,CUST4998,North,Lucknow,Clothing,Jacket,SwiftVendors,Sea,Kolkata WH,2,3746.54,7493.08,9,9,0,On-Time,Not Returned,4
ORD00627,2022-03-21,CUST4276,East,Patna,Clothing,Jacket,QuickMart Ltd,Sea,Kolkata WH,11,3616.8,39784.8,9,9,0,On-Time,Not Returned,5
ORD00628,2022-03-04,CUST4320,West,Surat,Electronics,Headphones,SwiftVendors,Air,Mumbai WH,19,4141.12,78681.28,4,9,5,Delayed,Not Returned,3
ORD00629,2023-03-09,CUST1725,Central,Indore,Clothing,T-Shirt,MegaSource Inc,Air,Hyderabad WH,7,2258.7,15810.9,3,3,0,On-Time,Not Returned,4
ORD00630,2023-07-14,CUST4610,Central,Indore,Furniture,Table,ReliableGoods,Road,Hyderabad WH,6,4038.93,24233.58,7,10,3,Delayed,Not Returned,1
ORD00631,2022-01-26,CUST2688,North,Delhi,Electronics,Headphones,SwiftVendors,Road,Kolkata WH,2,89.42,178.84,7,7,0,On-Time,Not Returned,5
ORD00632,2022-03-15,CUST1101,North,Delhi,Electronics,Camera,ReliableGoods,Air,Delhi WH,6,4626.58,27759.48,3,3,0,On-Time,Returned,4
ORD00633,2023-04-07,CUST1734,South,Hyderabad,Clothing,Shoes,ReliableGoods,Road,Mumbai WH,18,2244.37,40398.66,4,4,0,On-Time,Not Returned,4
ORD00634,2023-04-21,CUST4016,Central,Bhopal,Grocery,Oil,FastSupply Co,Sea,Delhi WH,2,2789.23,5578.46,7,7,0,On-Time,Not Returned,4
ORD00635,2022-01-20,CUST4786,Central,Nagpur,Electronics,Headphones,SwiftVendors,Road,Kolkata WH,18,1311.67,23610.06,9,9,0,On-Time,Not Returned,5
ORD00636,2022-08-10,CUST2360,South,Hyderabad,Furniture,Wardrobe,FastSupply Co,Road,Kolkata WH,15,3725.53,55882.95,5,5,0,On-Time,Not Returned,5
ORD00637,2022-03-24,CUST4204,West,Mumbai,Clothing,Jacket,MegaSource Inc,Sea,Kolkata WH,19,429.35,8157.65,3,6,3,Delayed,Not Returned,1
ORD00638,2023-02-14,CUST4812,South,Hyderabad,Furniture,Wardrobe,QuickMart Ltd,Rail,Delhi WH,2,4369.55,8739.1,9,9,0,On-Time,Not Returned,4
ORD00639,2022-07-18,CUST2686,East,Bhubaneswar,Grocery,Rice,MegaSource Inc,Road,Mumbai WH,6,4149.18,24895.08,6,6,0,On-Time,Not Returned,4
ORD00640,2023-04-02,CUST4285,East,Bhubaneswar,Clothing,Jeans,QuickMart Ltd,Air,Hyderabad WH,1,1119.5,1119.5,4,7,3,Delayed,Returned,2
ORD00641,2022-02-10,CUST3743,North,Lucknow,Furniture,Table,QuickMart Ltd,Sea,Delhi WH,15,4056.16,60842.4,3,5,2,Delayed,Not Returned,3
ORD00642,2022-12-17,CUST4539,South,Chennai,Furniture,Sofa,ReliableGoods,Air,Delhi WH,10,3942.47,39424.7,7,7,0,On-Time,Not Returned,4
ORD00643,2023-12-03,CUST4010,South,Hyderabad,Clothing,Shoes,QuickMart Ltd,Air,Kolkata WH,19,3179.47,60409.93,4,4,0,On-Time,Not Returned,4
ORD00644,2022-01-12,CUST4320,North,Chandigarh,Sports,Yoga Mat,ReliableGoods,Air,Kolkata WH,17,1898.92,32281.64,5,10,5,Delayed,Returned,1
ORD00645,2022-02-03,CUST2016,West,Mumbai,Sports,Cycle,FastSupply Co,Sea,Mumbai WH,5,1393.92,6969.6,4,4,0,On-Time,Not Returned,4
ORD00646,2022-10-26,CUST2092,South,Chennai,Grocery,Oil,MegaSource Inc,Rail,Kolkata WH,4,1197.33,4789.32,4,4,0,On-Time,Not Returned,4
ORD00647,2023-08-21,CUST1652,Central,Indore,Electronics,Headphones,FastSupply Co,Sea,Bangalore WH,10,1627.11,16271.1,5,5,0,On-Time,Not Returned,5
ORD00648,2022-07-23,CUST4225,South,Hyderabad,Electronics,Headphones,ReliableGoods,Air,Hyderabad WH,17,4522.61,76884.37,8,11,3,Delayed,Not Returned,2
ORD00649,2022-08-02,CUST3872,West,Pune,Clothing,Jacket,SwiftVendors,Sea,Hyderabad WH,10,434.32,4343.2,5,5,0,On-Time,Not Returned,5
ORD00650,2022-07-09,CUST1442,South,Bangalore,Clothing,T-Shirt,FastSupply Co,Sea,Hyderabad WH,17,4152.91,70599.47,9,7,-2,Early,Not Returned,4
ORD00651,2023-02-28,CUST2566,Central,Raipur,Clothing,Jacket,SwiftVendors,Air,Hyderabad WH,5,1777.01,8885.05,4,4,0,On-Time,Not Returned,5
ORD00652,2023-04-15,CUST4572,East,Patna,Clothing,Jacket,FastSupply Co,Air,Kolkata WH,2,2631.92,5263.84,5,7,2,Delayed,Returned,3
ORD00653,2022-07-07,CUST1158,East,Bhubaneswar,Sports,Cycle,MegaSource Inc,Road,Hyderabad WH,6,3982.7,23896.2,8,8,0,On-Time,Not Returned,4
ORD00654,2022-09-17,CUST4516,West,Pune,Grocery,Pulses,SwiftVendors,Road,Kolkata WH,2,4427.66,8855.32,9,9,0,On-Time,Not Returned,5
ORD00655,2022-10-14,CUST2927,West,Ahmedabad,Furniture,Table,SwiftVendors,Air,Bangalore WH,13,1756.67,22836.71,3,8,5,Delayed,Returned,3
ORD00656,2023-01-21,CUST1911,Central,Raipur,Furniture,Wardrobe,SwiftVendors,Air,Delhi WH,11,2336.13,25697.43,5,5,0,On-Time,Not Returned,4
ORD00657,2023-08-15,CUST1817,East,Kolkata,Sports,Dumbbells,SwiftVendors,Air,Delhi WH,11,2101.85,23120.35,5,5,0,On-Time,Not Returned,4
ORD00658,2022-08-18,CUST4344,East,Guwahati,Grocery,Pulses,SwiftVendors,Rail,Hyderabad WH,16,115.59,1849.44,4,4,0,On-Time,Not Returned,5
ORD00659,2022-04-26,CUST4761,East,Bhubaneswar,Clothing,Saree,ReliableGoods,Sea,Bangalore WH,11,1514.92,16664.12,9,9,0,On-Time,Not Returned,4
ORD00660,2023-03-28,CUST2885,East,Kolkata,Electronics,Mobile,SwiftVendors,Air,Delhi WH,19,2322.99,44136.81,3,3,0,On-Time,Not Returned,4
ORD00661,2022-06-13,CUST2432,Central,Raipur,Sports,Yoga Mat,QuickMart Ltd,Road,Mumbai WH,15,2084.91,31273.65,6,7,1,Delayed,Not Returned,4
ORD00662,2023-07-31,CUST2250,West,Surat,Sports,Dumbbells,MegaSource Inc,Air,Hyderabad WH,16,3623.55,57976.8,6,6,0,On-Time,Not Returned,5
ORD00663,2022-10-13,CUST4360,West,Pune,Clothing,Shoes,MegaSource Inc,Road,Mumbai WH,11,1954.78,21502.58,7,7,0,On-Time,Not Returned,5
ORD00664,2023-03-31,CUST4257,North,Jaipur,Sports,Yoga Mat,QuickMart Ltd,Sea,Kolkata WH,16,2472.41,39558.56,5,5,0,On-Time,Not Returned,4
ORD00665,2023-03-20,CUST4568,West,Mumbai,Furniture,Wardrobe,ReliableGoods,Rail,Bangalore WH,8,2176.56,17412.48,5,6,1,Delayed,Not Returned,3
ORD00666,2022-09-05,CUST1932,East,Patna,Clothing,Shoes,QuickMart Ltd,Sea,Bangalore WH,4,3716.1,14864.4,3,5,2,Delayed,Returned,4
ORD00667,2023-07-23,CUST1913,South,Chennai,Furniture,Bed,MegaSource Inc,Sea,Delhi WH,8,4321.71,34573.68,8,8,0,On-Time,Not Returned,4
ORD00668,2022-01-06,CUST1096,East,Guwahati,Clothing,T-Shirt,ReliableGoods,Rail,Mumbai WH,4,2682.85,10731.4,6,6,0,On-Time,Not Returned,5
ORD00669,2023-07-07,CUST3703,East,Kolkata,Electronics,Laptop,ReliableGoods,Rail,Hyderabad WH,3,3957.69,11873.07,7,14,7,Delayed,Not Returned,2
ORD00670,2022-08-16,CUST1791,West,Mumbai,Furniture,Chair,ReliableGoods,Air,Hyderabad WH,3,1519.09,4557.27,3,3,0,On-Time,Not Returned,4
ORD00671,2023-07-31,CUST2632,North,Lucknow,Clothing,Jeans,ReliableGoods,Sea,Bangalore WH,18,2729.78,49136.04,5,8,3,Delayed,Not Returned,1
ORD00672,2022-02-03,CUST2344,Central,Raipur,Sports,Football,FastSupply Co,Air,Delhi WH,19,1758.89,33418.91,6,9,3,Delayed,Returned,1
ORD00673,2023-02-12,CUST2141,South,Kochi,Sports,Cricket Bat,ReliableGoods,Road,Delhi WH,19,2100.29,39905.51,9,11,2,Delayed,Not Returned,4
ORD00674,2022-11-29,CUST4540,South,Kochi,Grocery,Rice,FastSupply Co,Sea,Mumbai WH,5,3675.45,18377.25,7,7,0,On-Time,Not Returned,5
ORD00675,2022-09-24,CUST1284,North,Delhi,Clothing,Jacket,ReliableGoods,Rail,Delhi WH,18,4414.23,79456.14,4,7,3,Delayed,Not Returned,1
ORD00676,2022-03-04,CUST4960,East,Bhubaneswar,Electronics,Tablet,FastSupply Co,Rail,Mumbai WH,10,651.4,6514.0,6,8,2,Delayed,Not Returned,3
ORD00677,2022-06-10,CUST4167,Central,Bhopal,Grocery,Sugar,MegaSource Inc,Road,Delhi WH,6,3191.46,19148.76,7,7,0,On-Time,Returned,4
ORD00678,2022-12-25,CUST2143,Central,Indore,Sports,Football,SwiftVendors,Air,Mumbai WH,1,2931.61,2931.61,3,3,0,On-Time,Not Returned,4
ORD00679,2023-09-23,CUST2438,Central,Bhopal,Electronics,Mobile,ReliableGoods,Air,Hyderabad WH,5,636.15,3180.75,4,4,0,On-Time,Not Returned,4
ORD00680,2023-09-20,CUST3627,West,Ahmedabad,Clothing,T-Shirt,SwiftVendors,Rail,Mumbai WH,9,1098.88,9889.92,7,7,0,On-Time,Not Returned,4
ORD00681,2023-07-18,CUST3086,East,Kolkata,Sports,Football,ReliableGoods,Air,Bangalore WH,12,1589.46,19073.52,7,7,0,On-Time,Not Returned,5
ORD00682,2022-11-29,CUST2637,South,Hyderabad,Grocery,Flour,MegaSource Inc,Air,Mumbai WH,14,876.31,12268.34,5,5,0,On-Time,Not Returned,4
ORD00683,2022-04-22,CUST3783,South,Bangalore,Sports,Cycle,ReliableGoods,Rail,Bangalore WH,2,1256.46,2512.92,8,8,0,On-Time,Not Returned,4
ORD00684,2023-12-17,CUST4455,East,Patna,Furniture,Chair,MegaSource Inc,Air,Kolkata WH,17,1374.62,23368.54,6,6,0,On-Time,Not Returned,5
ORD00685,2023-09-11,CUST3196,South,Bangalore,Grocery,Rice,FastSupply Co,Rail,Kolkata WH,14,1711.59,23962.26,5,5,0,On-Time,Not Returned,4
ORD00686,2022-08-13,CUST2356,West,Pune,Sports,Dumbbells,SwiftVendors,Road,Bangalore WH,13,3759.48,48873.24,9,10,1,Delayed,Not Returned,3
ORD00687,2023-09-12,CUST4847,Central,Bhopal,Grocery,Sugar,FastSupply Co,Road,Bangalore WH,9,2880.97,25928.73,4,9,5,Delayed,Returned,1
ORD00688,2022-08-19,CUST1113,South,Kochi,Clothing,T-Shirt,QuickMart Ltd,Sea,Hyderabad WH,15,4931.92,73978.8,8,8,0,On-Time,Not Returned,4
ORD00689,2022-05-11,CUST1472,West,Surat,Furniture,Chair,FastSupply Co,Sea,Kolkata WH,15,2102.94,31544.1,7,7,0,On-Time,Not Returned,4
ORD00690,2023-04-19,CUST4592,Central,Bhopal,Furniture,Chair,MegaSource Inc,Rail,Bangalore WH,11,3781.63,41597.93,5,5,0,On-Time,Not Returned,5
ORD00691,2023-12-19,CUST4974,East,Bhubaneswar,Sports,Cycle,SwiftVendors,Air,Kolkata WH,16,4363.77,69820.32,8,9,1,Delayed,Returned,4
ORD00692,2022-06-11,CUST2069,East,Guwahati,Grocery,Sugar,SwiftVendors,Road,Mumbai WH,17,3410.94,57985.98,9,11,2,Delayed,Not Returned,3
ORD00693,2023-05-21,CUST1731,West,Ahmedabad,Grocery,Pulses,SwiftVendors,Sea,Mumbai WH,4,2088.73,8354.92,6,13,7,Delayed,Returned,3
ORD00694,2022-07-04,CUST3378,West,Surat,Grocery,Rice,QuickMart Ltd,Road,Mumbai WH,1,3780.29,3780.29,9,9,0,On-Time,Not Returned,4
ORD00695,2023-07-08,CUST4942,West,Pune,Furniture,Table,MegaSource Inc,Road,Delhi WH,8,1058.15,8465.2,4,3,-1,Early,Not Returned,4
ORD00696,2022-03-31,CUST2087,South,Bangalore,Sports,Yoga Mat,FastSupply Co,Road,Kolkata WH,17,1671.38,28413.46,3,3,0,On-Time,Not Returned,4
ORD00697,2022-06-13,CUST1156,East,Patna,Grocery,Rice,SwiftVendors,Road,Hyderabad WH,3,2756.09,8268.27,5,6,1,Delayed,Not Returned,3
ORD00698,2023-08-10,CUST1444,South,Chennai,Sports,Cycle,FastSupply Co,Road,Kolkata WH,15,2898.28,43474.2,4,4,0,On-Time,Not Returned,4
ORD00699,2022-05-01,CUST3443,South,Kochi,Electronics,Tablet,FastSupply Co,Air,Kolkata WH,15,159.6,2394.0,3,8,5,Delayed,Not Returned,1
ORD00700,2023-02-01,CUST2779,Central,Bhopal,Clothing,Jeans,MegaSource Inc,Road,Bangalore WH,14,4728.32,66196.48,5,5,0,On-Time,Not Returned,5
ORD00701,2022-08-16,CUST2415,West,Surat,Clothing,Shoes,ReliableGoods,Sea,Bangalore WH,14,3498.3,48976.2,4,5,1,Delayed,Returned,4
ORD00702,2022-12-23,CUST3984,South,Hyderabad,Clothing,Shoes,QuickMart Ltd,Rail,Hyderabad WH,2,2503.73,5007.46,9,12,3,Delayed,Not Returned,1
ORD00703,2023-10-30,CUST4221,Central,Bhopal,Grocery,Oil,MegaSource Inc,Rail,Kolkata WH,13,4668.98,60696.74,4,4,0,On-Time,Not Returned,4
ORD00704,2022-02-18,CUST2284,North,Jaipur,Clothing,Jeans,SwiftVendors,Rail,Kolkata WH,14,2223.52,31129.28,8,8,0,On-Time,Not Returned,4
ORD00705,2022-11-02,CUST2787,Central,Indore,Grocery,Sugar,FastSupply Co,Sea,Kolkata WH,19,4903.16,93160.04,9,14,5,Delayed,Returned,1
ORD00706,2023-07-31,CUST3483,North,Chandigarh,Clothing,Jacket,ReliableGoods,Air,Bangalore WH,7,2585.81,18100.67,5,5,0,On-Time,Not Returned,4
ORD00707,2023-03-16,CUST3094,North,Chandigarh,Furniture,Bed,SwiftVendors,Air,Hyderabad WH,3,615.71,1847.13,4,4,0,On-Time,Not Returned,4
ORD00708,2022-03-02,CUST1473,North,Jaipur,Grocery,Sugar,SwiftVendors,Rail,Kolkata WH,15,3835.76,57536.4,7,7,0,On-Time,Returned,5
ORD00709,2022-05-09,CUST2577,North,Chandigarh,Grocery,Oil,QuickMart Ltd,Air,Hyderabad WH,14,3410.54,47747.56,5,5,0,On-Time,Not Returned,4
ORD00710,2023-03-17,CUST4684,West,Surat,Sports,Football,SwiftVendors,Rail,Kolkata WH,11,3876.28,42639.08,4,4,0,On-Time,Not Returned,5
ORD00711,2023-03-06,CUST3361,South,Kochi,Clothing,Jeans,MegaSource Inc,Road,Bangalore WH,15,4759.64,71394.6,8,8,0,On-Time,Not Returned,4
ORD00712,2023-04-09,CUST1778,South,Bangalore,Furniture,Bed,FastSupply Co,Sea,Mumbai WH,13,3893.62,50617.06,3,3,0,On-Time,Not Returned,4
ORD00713,2023-02-09,CUST2043,North,Chandigarh,Furniture,Wardrobe,QuickMart Ltd,Air,Kolkata WH,18,3076.12,55370.16,3,3,0,On-Time,Not Returned,4
ORD00714,2023-10-24,CUST1181,South,Bangalore,Sports,Football,FastSupply Co,Rail,Delhi WH,6,4293.68,25762.08,7,12,5,Delayed,Returned,1
ORD00715,2022-12-06,CUST3903,North,Delhi,Electronics,Laptop,ReliableGoods,Air,Kolkata WH,3,3382.57,10147.71,5,3,-2,Early,Not Returned,5
ORD00716,2022-06-25,CUST2786,South,Hyderabad,Clothing,Shoes,QuickMart Ltd,Rail,Bangalore WH,19,2070.19,39333.61,8,9,1,Delayed,Not Returned,4
ORD00717,2023-04-10,CUST1006,Central,Indore,Electronics,Laptop,QuickMart Ltd,Road,Kolkata WH,15,4433.82,66507.3,4,4,0,On-Time,Not Returned,5
ORD00718,2022-06-20,CUST3129,West,Ahmedabad,Furniture,Chair,MegaSource Inc,Sea,Mumbai WH,5,1148.41,5742.05,4,9,5,Delayed,Not Returned,3
ORD00719,2023-07-21,CUST4791,East,Kolkata,Grocery,Oil,FastSupply Co,Sea,Bangalore WH,10,3587.47,35874.7,3,3,0,On-Time,Not Returned,5
ORD00720,2023-10-22,CUST4303,North,Delhi,Sports,Cricket Bat,QuickMart Ltd,Sea,Bangalore WH,7,4413.74,30896.18,8,8,0,On-Time,Not Returned,5
ORD00721,2022-11-08,CUST3205,Central,Indore,Furniture,Table,ReliableGoods,Sea,Mumbai WH,17,3670.02,62390.34,9,16,7,Delayed,Not Returned,1
ORD00722,2022-12-31,CUST3813,Central,Indore,Clothing,T-Shirt,QuickMart Ltd,Air,Mumbai WH,7,3501.51,24510.57,7,9,2,Delayed,Not Returned,3
ORD00723,2022-07-30,CUST3946,West,Ahmedabad,Sports,Yoga Mat,SwiftVendors,Air,Kolkata WH,12,3775.56,45306.72,3,5,2,Delayed,Returned,4
ORD00724,2023-08-26,CUST4851,West,Ahmedabad,Electronics,Tablet,SwiftVendors,Air,Delhi WH,17,2352.02,39984.34,3,5,2,Delayed,Not Returned,3
ORD00725,2023-05-16,CUST4039,North,Chandigarh,Grocery,Pulses,FastSupply Co,Road,Bangalore WH,13,4377.14,56902.82,7,7,0,On-Time,Not Returned,5
ORD00726,2022-09-29,CUST4018,North,Lucknow,Sports,Dumbbells,FastSupply Co,Sea,Bangalore WH,4,1057.01,4228.04,5,5,0,On-Time,Not Returned,5
ORD00727,2023-10-01,CUST3746,Central,Raipur,Sports,Cricket Bat,ReliableGoods,Air,Delhi WH,10,680.56,6805.6,4,5,1,Delayed,Not Returned,4
ORD00728,2023-10-04,CUST1807,Central,Bhopal,Furniture,Sofa,QuickMart Ltd,Air,Kolkata WH,3,1463.27,4389.81,5,5,0,On-Time,Not Returned,5
ORD00729,2023-08-24,CUST2491,West,Ahmedabad,Grocery,Oil,FastSupply Co,Road,Delhi WH,9,2681.31,24131.79,8,8,0,On-Time,Not Returned,5
ORD00730,2023-01-18,CUST2766,North,Chandigarh,Grocery,Pulses,MegaSource Inc,Air,Mumbai WH,13,2577.28,33504.64,9,11,2,Delayed,Not Returned,3
ORD00731,2022-01-24,CUST1286,North,Lucknow,Grocery,Flour,FastSupply Co,Road,Hyderabad WH,18,4111.96,74015.28,6,8,2,Delayed,Returned,3
ORD00732,2023-04-09,CUST4886,Central,Indore,Grocery,Oil,QuickMart Ltd,Rail,Kolkata WH,15,2052.61,30789.15,6,6,0,On-Time,Not Returned,5
ORD00733,2022-01-01,CUST3720,East,Bhubaneswar,Grocery,Oil,MegaSource Inc,Sea,Bangalore WH,4,2447.5,9790.0,6,8,2,Delayed,Not Returned,4
ORD00734,2023-06-02,CUST4771,Central,Indore,Furniture,Wardrobe,QuickMart Ltd,Sea,Hyderabad WH,15,116.17,1742.55,7,10,3,Delayed,Not Returned,2
ORD00735,2023-07-14,CUST2352,East,Kolkata,Grocery,Flour,ReliableGoods,Air,Kolkata WH,2,2078.21,4156.42,3,4,1,Delayed,Returned,3
ORD00736,2023-03-22,CUST3552,North,Chandigarh,Furniture,Wardrobe,QuickMart Ltd,Air,Hyderabad WH,15,3256.48,48847.2,9,9,0,On-Time,Not Returned,5
ORD00737,2022-11-05,CUST2285,Central,Nagpur,Furniture,Sofa,MegaSource Inc,Sea,Delhi WH,8,126.77,1014.16,5,5,0,On-Time,Not Returned,4
ORD00738,2022-01-03,CUST3717,West,Ahmedabad,Grocery,Sugar,ReliableGoods,Road,Kolkata WH,8,1440.37,11522.96,4,4,0,On-Time,Not Returned,4
ORD00739,2023-03-05,CUST4473,South,Bangalore,Electronics,Camera,FastSupply Co,Sea,Kolkata WH,17,1079.38,18349.46,6,6,0,On-Time,Not Returned,5
ORD00740,2023-05-23,CUST1510,North,Delhi,Clothing,Shoes,QuickMart Ltd,Air,Mumbai WH,12,257.83,3093.96,5,5,0,On-Time,Not Returned,4
ORD00741,2023-01-08,CUST3948,North,Delhi,Grocery,Oil,QuickMart Ltd,Rail,Mumbai WH,19,2422.34,46024.46,6,6,0,On-Time,Not Returned,5
ORD00742,2023-02-27,CUST4686,Central,Bhopal,Clothing,T-Shirt,SwiftVendors,Road,Hyderabad WH,10,949.53,9495.3,9,9,0,On-Time,Not Returned,5
ORD00743,2022-01-23,CUST2230,South,Bangalore,Furniture,Bed,QuickMart Ltd,Air,Bangalore WH,9,3728.25,33554.25,6,11,5,Delayed,Returned,3
ORD00744,2022-06-23,CUST3077,South,Bangalore,Electronics,Tablet,SwiftVendors,Road,Delhi WH,5,4247.24,21236.2,4,4,0,On-Time,Not Returned,5
ORD00745,2022-02-15,CUST2266,South,Hyderabad,Furniture,Bed,MegaSource Inc,Road,Hyderabad WH,6,2750.65,16503.9,8,10,2,Delayed,Returned,3
ORD00746,2023-07-13,CUST3731,Central,Bhopal,Electronics,Laptop,ReliableGoods,Rail,Kolkata WH,2,4909.45,9818.9,8,9,1,Delayed,Returned,4
ORD00747,2022-01-11,CUST2672,Central,Raipur,Furniture,Wardrobe,SwiftVendors,Rail,Delhi WH,13,2279.87,29638.31,9,9,0,On-Time,Not Returned,5
ORD00748,2023-11-13,CUST2336,East,Kolkata,Sports,Cricket Bat,MegaSource Inc,Rail,Bangalore WH,6,2591.17,15547.02,8,15,7,Delayed,Returned,1
ORD00749,2022-04-16,CUST2648,East,Patna,Sports,Football,QuickMart Ltd,Air,Delhi WH,5,4946.63,24733.15,7,7,0,On-Time,Not Returned,5
ORD00750,2023-08-02,CUST3855,East,Guwahati,Sports,Dumbbells,MegaSource Inc,Sea,Mumbai WH,1,1196.16,1196.16,3,3,0,On-Time,Not Returned,4
ORD00751,2022-06-25,CUST2211,West,Surat,Electronics,Headphones,ReliableGoods,Road,Bangalore WH,6,4715.6,28293.6,7,9,2,Delayed,Not Returned,4
ORD00752,2023-09-02,CUST3270,North,Delhi,Furniture,Chair,FastSupply Co,Sea,Hyderabad WH,6,262.05,1572.3,5,5,0,On-Time,Not Returned,5
ORD00753,2022-02-17,CUST1521,East,Patna,Clothing,T-Shirt,ReliableGoods,Air,Kolkata WH,16,2259.62,36153.92,7,8,1,Delayed,Not Returned,3
ORD00754,2022-06-19,CUST1785,West,Pune,Electronics,Tablet,ReliableGoods,Sea,Mumbai WH,4,396.52,1586.08,5,5,0,On-Time,Not Returned,5
ORD00755,2022-07-10,CUST2722,West,Pune,Electronics,Mobile,ReliableGoods,Sea,Delhi WH,11,3659.71,40256.81,5,8,3,Delayed,Returned,3
ORD00756,2022-03-21,CUST3723,Central,Nagpur,Electronics,Laptop,MegaSource Inc,Sea,Bangalore WH,9,3061.62,27554.58,3,3,0,On-Time,Not Returned,4
ORD00757,2023-01-16,CUST4851,South,Hyderabad,Furniture,Wardrobe,QuickMart Ltd,Road,Bangalore WH,3,3547.84,10643.52,4,5,1,Delayed,Not Returned,4
ORD00758,2022-11-03,CUST2552,South,Kochi,Electronics,Camera,ReliableGoods,Road,Mumbai WH,19,1903.68,36169.92,9,9,0,On-Time,Not Returned,5
ORD00759,2022-09-01,CUST3774,East,Bhubaneswar,Sports,Yoga Mat,MegaSource Inc,Rail,Delhi WH,8,1878.94,15031.52,3,4,1,Delayed,Not Returned,4
ORD00760,2023-09-27,CUST4064,North,Delhi,Clothing,T-Shirt,SwiftVendors,Rail,Hyderabad WH,5,274.33,1371.65,9,11,2,Delayed,Not Returned,4
ORD00761,2022-02-03,CUST4697,North,Jaipur,Furniture,Table,FastSupply Co,Air,Delhi WH,4,1782.23,7128.92,8,8,0,On-Time,Not Returned,4
ORD00762,2022-10-14,CUST1712,North,Delhi,Clothing,Saree,ReliableGoods,Air,Kolkata WH,6,4649.98,27899.88,8,9,1,Delayed,Returned,4
ORD00763,2022-09-23,CUST3521,West,Ahmedabad,Furniture,Sofa,FastSupply Co,Road,Kolkata WH,2,1927.17,3854.34,7,7,0,On-Time,Not Returned,5
ORD00764,2023-07-10,CUST3331,West,Pune,Furniture,Bed,ReliableGoods,Rail,Delhi WH,11,4165.27,45817.97,5,10,5,Delayed,Not Returned,2
ORD00765,2023-08-10,CUST2232,West,Mumbai,Furniture,Sofa,QuickMart Ltd,Air,Kolkata WH,4,4219.51,16878.04,6,6,0,On-Time,Not Returned,4
ORD00766,2022-02-05,CUST2663,Central,Raipur,Furniture,Chair,QuickMart Ltd,Sea,Bangalore WH,15,1897.54,28463.1,6,9,3,Delayed,Returned,2
ORD00767,2023-08-22,CUST3244,West,Pune,Clothing,Jeans,FastSupply Co,Road,Delhi WH,6,3178.34,19070.04,9,12,3,Delayed,Not Returned,1
ORD00768,2022-08-19,CUST4414,North,Lucknow,Sports,Yoga Mat,FastSupply Co,Rail,Mumbai WH,17,522.09,8875.53,5,5,0,On-Time,Not Returned,4
ORD00769,2022-06-27,CUST1001,North,Delhi,Clothing,T-Shirt,FastSupply Co,Rail,Bangalore WH,6,563.21,3379.26,9,9,0,On-Time,Not Returned,5
ORD00770,2022-06-10,CUST2244,South,Kochi,Sports,Dumbbells,QuickMart Ltd,Road,Hyderabad WH,19,290.86,5526.34,3,3,0,On-Time,Not Returned,5
ORD00771,2022-12-23,CUST2175,North,Delhi,Furniture,Wardrobe,ReliableGoods,Sea,Bangalore WH,2,2926.02,5852.04,4,7,3,Delayed,Returned,2
ORD00772,2022-07-17,CUST1860,West,Mumbai,Electronics,Mobile,FastSupply Co,Road,Hyderabad WH,15,2159.05,32385.75,3,3,0,On-Time,Returned,4
ORD00773,2022-09-11,CUST2760,West,Surat,Furniture,Wardrobe,QuickMart Ltd,Sea,Hyderabad WH,11,2762.76,30390.36,5,5,0,On-Time,Returned,5
ORD00774,2022-07-31,CUST4218,East,Patna,Furniture,Wardrobe,SwiftVendors,Air,Hyderabad WH,8,2629.31,21034.48,5,8,3,Delayed,Returned,2
ORD00775,2022-06-27,CUST3375,Central,Raipur,Furniture,Wardrobe,MegaSource Inc,Road,Hyderabad WH,19,1783.5,33886.5,4,4,0,On-Time,Not Returned,5
ORD00776,2022-01-07,CUST3484,North,Delhi,Grocery,Sugar,QuickMart Ltd,Road,Bangalore WH,13,3403.49,44245.37,9,10,1,Delayed,Not Returned,3
ORD00777,2022-06-21,CUST3681,Central,Bhopal,Grocery,Flour,MegaSource Inc,Rail,Hyderabad WH,12,3804.58,45654.96,7,7,0,On-Time,Not Returned,4
ORD00778,2022-09-08,CUST2319,North,Lucknow,Sports,Dumbbells,ReliableGoods,Air,Kolkata WH,5,122.41,612.05,7,7,0,On-Time,Not Returned,5
ORD00779,2023-01-02,CUST2904,South,Kochi,Electronics,Laptop,MegaSource Inc,Air,Bangalore WH,6,1075.85,6455.1,4,6,2,Delayed,Not Returned,4
ORD00780,2022-03-10,CUST2809,South,Bangalore,Grocery,Pulses,SwiftVendors,Air,Bangalore WH,4,3580.52,14322.08,7,7,0,On-Time,Not Returned,4
ORD00781,2022-02-11,CUST2811,Central,Indore,Sports,Cricket Bat,MegaSource Inc,Rail,Kolkata WH,19,1963.77,37311.63,6,6,0,On-Time,Not Returned,5
ORD00782,2022-06-07,CUST3767,West,Mumbai,Clothing,Shoes,MegaSource Inc,Sea,Kolkata WH,1,3329.3,3329.3,7,10,3,Delayed,Returned,2
ORD00783,2023-01-19,CUST1875,East,Patna,Grocery,Flour,SwiftVendors,Air,Delhi WH,17,1767.47,30046.99,7,7,0,On-Time,Not Returned,5
ORD00784,2023-10-30,CUST3093,North,Jaipur,Clothing,Saree,MegaSource Inc,Air,Bangalore WH,12,1984.24,23810.88,7,6,-1,Early,Not Returned,5
ORD00785,2022-12-06,CUST2938,North,Delhi,Clothing,T-Shirt,FastSupply Co,Rail,Bangalore WH,15,835.46,12531.9,6,5,-1,Early,Returned,5
ORD00786,2022-12-19,CUST4251,East,Bhubaneswar,Clothing,T-Shirt,FastSupply Co,Air,Bangalore WH,1,1328.24,1328.24,9,9,0,On-Time,Not Returned,5
ORD00787,2022-03-02,CUST4691,Central,Nagpur,Grocery,Sugar,ReliableGoods,Rail,Bangalore WH,14,3046.79,42655.06,7,7,0,On-Time,Not Returned,4
ORD00788,2022-04-27,CUST4931,Central,Indore,Clothing,Jacket,QuickMart Ltd,Rail,Delhi WH,6,2194.16,13164.96,8,10,2,Delayed,Returned,4
ORD00789,2023-09-26,CUST4260,North,Delhi,Sports,Yoga Mat,FastSupply Co,Road,Bangalore WH,5,3882.8,19414.0,6,6,0,On-Time,Not Returned,4
ORD00790,2022-08-20,CUST4014,South,Chennai,Sports,Football,SwiftVendors,Air,Bangalore WH,11,4270.3,46973.3,4,4,0,On-Time,Not Returned,5
ORD00791,2022-12-12,CUST1695,East,Bhubaneswar,Sports,Yoga Mat,ReliableGoods,Sea,Mumbai WH,4,2731.15,10924.6,3,5,2,Delayed,Returned,3
ORD00792,2022-10-18,CUST3698,North,Lucknow,Grocery,Rice,QuickMart Ltd,Rail,Bangalore WH,13,3803.42,49444.46,4,4,0,On-Time,Not Returned,5
ORD00793,2022-12-03,CUST1347,South,Hyderabad,Grocery,Oil,QuickMart Ltd,Road,Hyderabad WH,11,1569.18,17260.98,3,8,5,Delayed,Returned,3
ORD00794,2023-12-01,CUST2162,Central,Indore,Furniture,Table,SwiftVendors,Sea,Mumbai WH,3,2104.11,6312.33,4,4,0,On-Time,Returned,4
ORD00795,2022-02-04,CUST3111,South,Kochi,Electronics,Camera,FastSupply Co,Sea,Kolkata WH,1,3578.25,3578.25,8,8,0,On-Time,Not Returned,4
ORD00796,2022-08-20,CUST3719,West,Pune,Furniture,Sofa,ReliableGoods,Sea,Hyderabad WH,6,1961.75,11770.5,3,3,0,On-Time,Not Returned,5
ORD00797,2023-02-19,CUST3592,North,Delhi,Clothing,T-Shirt,ReliableGoods,Rail,Hyderabad WH,18,2963.1,53335.8,3,2,-1,Early,Not Returned,4
ORD00798,2023-08-18,CUST3536,East,Patna,Grocery,Oil,FastSupply Co,Sea,Hyderabad WH,10,967.6,9676.0,5,6,1,Delayed,Not Returned,4
ORD00799,2023-06-01,CUST2372,South,Hyderabad,Grocery,Flour,FastSupply Co,Air,Delhi WH,5,3018.87,15094.35,3,6,3,Delayed,Not Returned,2
ORD00800,2023-07-22,CUST1382,Central,Raipur,Clothing,T-Shirt,QuickMart Ltd,Rail,Hyderabad WH,10,4314.49,43144.9,3,3,0,On-Time,Not Returned,4
ORD00801,2023-07-28,CUST4352,South,Hyderabad,Grocery,Pulses,FastSupply Co,Road,Delhi WH,12,4349.77,52197.24,5,5,0,On-Time,Not Returned,5
ORD00802,2022-10-19,CUST4899,Central,Nagpur,Grocery,Pulses,ReliableGoods,Rail,Bangalore WH,2,3635.5,7271.0,7,7,0,On-Time,Not Returned,4
ORD00803,2023-12-13,CUST4076,West,Ahmedabad,Sports,Cricket Bat,QuickMart Ltd,Sea,Bangalore WH,13,3741.48,48639.24,7,7,0,On-Time,Not Returned,5
ORD00804,2022-08-02,CUST1962,Central,Bhopal,Electronics,Headphones,FastSupply Co,Road,Hyderabad WH,8,2811.74,22493.92,5,5,0,On-Time,Not Returned,5
ORD00805,2023-10-01,CUST3755,East,Patna,Furniture,Chair,FastSupply Co,Road,Kolkata WH,2,2944.11,5888.22,6,7,1,Delayed,Not Returned,3
ORD00806,2022-07-18,CUST2271,West,Surat,Clothing,Jacket,QuickMart Ltd,Rail,Bangalore WH,1,711.57,711.57,3,3,0,On-Time,Not Returned,4
ORD00807,2022-09-09,CUST1920,South,Chennai,Sports,Dumbbells,ReliableGoods,Air,Delhi WH,5,2247.1,11235.5,3,10,7,Delayed,Not Returned,3
ORD00808,2022-07-17,CUST4303,North,Lucknow,Clothing,Shoes,SwiftVendors,Rail,Hyderabad WH,9,2281.34,20532.06,5,5,0,On-Time,Not Returned,5
ORD00809,2022-06-16,CUST1815,Central,Nagpur,Furniture,Chair,MegaSource Inc,Air,Bangalore WH,17,4794.56,81507.52,5,4,-1,Early,Not Returned,5
ORD00810,2022-10-29,CUST1603,East,Bhubaneswar,Electronics,Camera,ReliableGoods,Rail,Kolkata WH,9,2183.88,19654.92,6,6,0,On-Time,Not Returned,4
ORD00811,2022-09-10,CUST1100,North,Lucknow,Grocery,Flour,QuickMart Ltd,Road,Bangalore WH,11,2769.25,30461.75,8,8,0,On-Time,Not Returned,4
ORD00812,2023-02-08,CUST1189,North,Jaipur,Furniture,Table,ReliableGoods,Road,Mumbai WH,15,2689.59,40343.85,7,7,0,On-Time,Not Returned,5
ORD00813,2022-06-17,CUST2002,West,Pune,Furniture,Sofa,SwiftVendors,Road,Hyderabad WH,6,3201.97,19211.82,4,4,0,On-Time,Not Returned,5
ORD00814,2023-08-30,CUST2946,South,Chennai,Clothing,T-Shirt,FastSupply Co,Air,Hyderabad WH,3,3753.75,11261.25,8,8,0,On-Time,Not Returned,4
ORD00815,2023-03-13,CUST3503,North,Jaipur,Grocery,Rice,SwiftVendors,Road,Delhi WH,17,1163.96,19787.32,9,9,0,On-Time,Not Returned,5
ORD00816,2022-05-16,CUST4480,East,Bhubaneswar,Grocery,Rice,QuickMart Ltd,Road,Delhi WH,5,2667.19,13335.95,7,7,0,On-Time,Not Returned,5
ORD00817,2022-01-08,CUST4147,Central,Indore,Grocery,Flour,QuickMart Ltd,Rail,Delhi WH,12,4138.29,49659.48,3,5,2,Delayed,Not Returned,4
ORD00818,2023-07-05,CUST1298,Central,Nagpur,Sports,Dumbbells,MegaSource Inc,Road,Mumbai WH,18,2342.42,42163.56,9,10,1,Delayed,Not Returned,4
ORD00819,2022-01-28,CUST2865,Central,Nagpur,Furniture,Table,FastSupply Co,Sea,Hyderabad WH,14,1428.36,19997.04,8,11,3,Delayed,Returned,1
ORD00820,2022-12-22,CUST2697,West,Surat,Furniture,Sofa,SwiftVendors,Sea,Bangalore WH,11,3290.81,36198.91,5,5,0,On-Time,Not Returned,4
ORD00821,2023-08-01,CUST4629,East,Patna,Sports,Cycle,FastSupply Co,Air,Hyderabad WH,9,4127.65,37148.85,6,7,1,Delayed,Not Returned,4
ORD00822,2023-07-06,CUST3579,North,Lucknow,Electronics,Tablet,QuickMart Ltd,Sea,Kolkata WH,2,362.54,725.08,7,7,0,On-Time,Not Returned,4
ORD00823,2023-10-23,CUST3357,East,Guwahati,Sports,Yoga Mat,MegaSource Inc,Air,Delhi WH,12,3895.11,46741.32,6,6,0,On-Time,Not Returned,5
ORD00824,2022-08-25,CUST1796,West,Pune,Electronics,Mobile,MegaSource Inc,Sea,Hyderabad WH,3,4117.16,12351.48,9,9,0,On-Time,Not Returned,4
ORD00825,2022-05-06,CUST3942,West,Pune,Clothing,T-Shirt,QuickMart Ltd,Road,Kolkata WH,3,2334.54,7003.62,7,7,0,On-Time,Not Returned,5
ORD00826,2022-05-10,CUST3852,South,Bangalore,Clothing,T-Shirt,MegaSource Inc,Sea,Delhi WH,1,4917.36,4917.36,8,8,0,On-Time,Not Returned,5
ORD00827,2022-10-03,CUST2572,East,Bhubaneswar,Furniture,Chair,ReliableGoods,Air,Hyderabad WH,8,3944.21,31553.68,3,3,0,On-Time,Not Returned,4
ORD00828,2022-10-04,CUST3024,Central,Nagpur,Sports,Football,QuickMart Ltd,Sea,Hyderabad WH,8,3879.63,31037.04,4,4,0,On-Time,Not Returned,4
ORD00829,2022-04-03,CUST2636,West,Ahmedabad,Sports,Dumbbells,FastSupply Co,Sea,Hyderabad WH,11,3751.8,41269.8,6,7,1,Delayed,Not Returned,4
ORD00830,2022-06-15,CUST1999,West,Pune,Sports,Dumbbells,ReliableGoods,Air,Hyderabad WH,9,795.51,7159.59,6,7,1,Delayed,Not Returned,3
ORD00831,2023-08-17,CUST1604,South,Kochi,Sports,Cycle,ReliableGoods,Sea,Bangalore WH,5,1125.29,5626.45,4,3,-1,Early,Not Returned,5
ORD00832,2022-02-28,CUST3687,Central,Nagpur,Grocery,Rice,QuickMart Ltd,Road,Mumbai WH,14,2346.75,32854.5,6,8,2,Delayed,Not Returned,3
ORD00833,2023-03-31,CUST3816,West,Pune,Grocery,Pulses,MegaSource Inc,Road,Delhi WH,3,1356.82,4070.46,6,6,0,On-Time,Returned,4
ORD00834,2022-12-08,CUST1022,North,Lucknow,Clothing,Jacket,SwiftVendors,Rail,Delhi WH,5,2105.44,10527.2,7,12,5,Delayed,Not Returned,1
ORD00835,2023-09-05,CUST4656,Central,Bhopal,Grocery,Rice,FastSupply Co,Road,Mumbai WH,5,4447.9,22239.5,7,10,3,Delayed,Not Returned,2
ORD00836,2023-02-07,CUST4075,East,Kolkata,Electronics,Tablet,QuickMart Ltd,Road,Mumbai WH,19,4130.42,78477.98,4,4,0,On-Time,Not Returned,4
ORD00837,2022-11-17,CUST4524,South,Bangalore,Sports,Cycle,QuickMart Ltd,Rail,Hyderabad WH,14,3168.7,44361.8,9,9,0,On-Time,Not Returned,5
ORD00838,2023-09-19,CUST4154,North,Lucknow,Grocery,Oil,QuickMart Ltd,Rail,Kolkata WH,4,4297.7,17190.8,3,2,-1,Early,Not Returned,4
ORD00839,2023-09-08,CUST4626,North,Chandigarh,Clothing,Jacket,MegaSource Inc,Road,Delhi WH,13,3929.67,51085.71,8,8,0,On-Time,Not Returned,4
ORD00840,2023-09-22,CUST1436,East,Kolkata,Grocery,Flour,ReliableGoods,Road,Mumbai WH,10,2173.48,21734.8,8,13,5,Delayed,Returned,1
ORD00841,2022-05-18,CUST4188,South,Hyderabad,Electronics,Camera,FastSupply Co,Air,Delhi WH,18,1045.27,18814.86,9,9,0,On-Time,Not Returned,4
ORD00842,2022-02-27,CUST2741,West,Surat,Furniture,Table,ReliableGoods,Rail,Mumbai WH,8,2595.3,20762.4,6,6,0,On-Time,Not Returned,5
ORD00843,2022-05-01,CUST1896,South,Kochi,Sports,Cricket Bat,FastSupply Co,Air,Kolkata WH,8,3694.33,29554.64,3,3,0,On-Time,Not Returned,4
ORD00844,2022-05-27,CUST1720,West,Ahmedabad,Grocery,Flour,QuickMart Ltd,Rail,Mumbai WH,7,2210.28,15471.96,4,4,0,On-Time,Not Returned,5
ORD00845,2022-09-06,CUST4293,East,Guwahati,Furniture,Chair,SwiftVendors,Sea,Kolkata WH,8,3350.52,26804.16,9,12,3,Delayed,Returned,1
ORD00846,2023-05-24,CUST4923,East,Patna,Electronics,Camera,SwiftVendors,Air,Bangalore WH,14,516.92,7236.88,4,2,-2,Early,Not Returned,5
ORD00847,2023-02-16,CUST3850,North,Chandigarh,Clothing,Saree,MegaSource Inc,Road,Bangalore WH,19,3752.62,71299.78,7,7,0,On-Time,Not Returned,4
ORD00848,2022-07-22,CUST3121,North,Chandigarh,Electronics,Headphones,SwiftVendors,Sea,Hyderabad WH,6,4072.93,24437.58,6,6,0,On-Time,Not Returned,5
ORD00849,2022-03-19,CUST2902,North,Delhi,Sports,Football,QuickMart Ltd,Rail,Bangalore WH,1,3548.85,3548.85,5,8,3,Delayed,Not Returned,3
ORD00850,2023-05-08,CUST1205,East,Bhubaneswar,Clothing,Saree,QuickMart Ltd,Air,Delhi WH,15,4837.95,72569.25,4,5,1,Delayed,Not Returned,3
ORD00851,2023-04-16,CUST3283,West,Pune,Electronics,Tablet,SwiftVendors,Road,Bangalore WH,1,4141.93,4141.93,9,9,0,On-Time,Not Returned,4
ORD00852,2022-11-13,CUST2020,East,Kolkata,Sports,Cricket Bat,MegaSource Inc,Sea,Kolkata WH,17,4520.31,76845.27,6,6,0,On-Time,Not Returned,4
ORD00853,2023-08-26,CUST4757,East,Patna,Grocery,Oil,FastSupply Co,Rail,Bangalore WH,1,4671.18,4671.18,3,5,2,Delayed,Not Returned,4
ORD00854,2023-01-16,CUST4474,North,Chandigarh,Electronics,Mobile,FastSupply Co,Road,Bangalore WH,15,4016.67,60250.05,9,11,2,Delayed,Not Returned,4
ORD00855,2022-10-12,CUST1497,South,Bangalore,Clothing,T-Shirt,FastSupply Co,Sea,Kolkata WH,2,3387.58,6775.16,7,7,0,On-Time,Not Returned,5
ORD00856,2022-06-13,CUST2869,North,Chandigarh,Clothing,Shoes,ReliableGoods,Rail,Hyderabad WH,14,78.31,1096.34,8,8,0,On-Time,Not Returned,4
ORD00857,2022-03-09,CUST1546,South,Chennai,Electronics,Laptop,SwiftVendors,Air,Delhi WH,8,2355.84,18846.72,3,2,-1,Early,Not Returned,4
ORD00858,2022-01-16,CUST4282,West,Ahmedabad,Grocery,Oil,SwiftVendors,Sea,Delhi WH,8,2877.25,23018.0,4,5,1,Delayed,Not Returned,4
ORD00859,2023-01-29,CUST2903,West,Mumbai,Furniture,Bed,FastSupply Co,Sea,Mumbai WH,19,1554.95,29544.05,4,4,0,On-Time,Not Returned,5
ORD00860,2022-07-06,CUST3734,Central,Indore,Clothing,Shoes,SwiftVendors,Rail,Delhi WH,7,1624.62,11372.34,3,3,0,On-Time,Not Returned,4
ORD00861,2023-09-02,CUST3175,Central,Nagpur,Clothing,Shoes,QuickMart Ltd,Sea,Mumbai WH,19,4807.74,91347.06,4,6,2,Delayed,Not Returned,3
ORD00862,2022-10-02,CUST3289,Central,Indore,Furniture,Chair,MegaSource Inc,Air,Mumbai WH,6,4463.97,26783.82,9,9,0,On-Time,Returned,4
ORD00863,2023-10-19,CUST3438,West,Ahmedabad,Sports,Cricket Bat,MegaSource Inc,Road,Bangalore WH,6,4253.44,25520.64,6,6,0,On-Time,Not Returned,4
ORD00864,2022-04-06,CUST2299,North,Chandigarh,Electronics,Mobile,FastSupply Co,Air,Bangalore WH,3,2059.76,6179.28,4,4,0,On-Time,Returned,5
ORD00865,2023-08-03,CUST4891,North,Jaipur,Grocery,Rice,QuickMart Ltd,Sea,Hyderabad WH,7,117.81,824.67,7,7,0,On-Time,Not Returned,5
ORD00866,2022-07-28,CUST4093,North,Jaipur,Electronics,Laptop,FastSupply Co,Sea,Kolkata WH,19,447.1,8494.9,6,7,1,Delayed,Not Returned,3
ORD00867,2023-04-04,CUST4651,East,Guwahati,Furniture,Chair,QuickMart Ltd,Air,Bangalore WH,8,1595.37,12762.96,9,9,0,On-Time,Not Returned,5
ORD00868,2022-12-17,CUST2812,Central,Nagpur,Sports,Football,FastSupply Co,Road,Kolkata WH,10,127.93,1279.3,5,6,1,Delayed,Not Returned,4
ORD00869,2023-09-30,CUST3509,North,Chandigarh,Electronics,Tablet,ReliableGoods,Road,Mumbai WH,15,134.89,2023.35,4,4,0,On-Time,Not Returned,5
ORD00870,2022-04-11,CUST4338,Central,Nagpur,Clothing,Jeans,FastSupply Co,Rail,Delhi WH,15,4587.19,68807.85,4,4,0,On-Time,Not Returned,4
ORD00871,2023-08-24,CUST3946,Central,Nagpur,Furniture,Sofa,SwiftVendors,Rail,Hyderabad WH,1,3545.48,3545.48,7,7,0,On-Time,Not Returned,5
ORD00872,2022-05-16,CUST4653,East,Kolkata,Grocery,Rice,FastSupply Co,Air,Delhi WH,7,1579.33,11055.31,9,16,7,Delayed,Returned,3
ORD00873,2022-07-05,CUST3067,West,Surat,Grocery,Sugar,ReliableGoods,Rail,Hyderabad WH,4,706.59,2826.36,7,10,3,Delayed,Returned,2
ORD00874,2023-02-10,CUST2747,North,Delhi,Clothing,Saree,SwiftVendors,Road,Mumbai WH,6,2582.6,15495.6,8,8,0,On-Time,Not Returned,4
ORD00875,2023-04-03,CUST4402,East,Patna,Electronics,Camera,FastSupply Co,Rail,Mumbai WH,1,76.46,76.46,9,11,2,Delayed,Returned,3
ORD00876,2022-03-19,CUST4714,West,Surat,Clothing,Jeans,QuickMart Ltd,Sea,Delhi WH,5,4695.15,23475.75,3,4,1,Delayed,Not Returned,4
ORD00877,2023-12-21,CUST3244,West,Pune,Sports,Yoga Mat,FastSupply Co,Road,Bangalore WH,1,2103.33,2103.33,3,2,-1,Early,Not Returned,5
ORD00878,2022-08-23,CUST2826,North,Chandigarh,Grocery,Oil,SwiftVendors,Road,Mumbai WH,4,2041.56,8166.24,3,3,0,On-Time,Not Returned,5
ORD00879,2022-04-13,CUST4674,Central,Nagpur,Grocery,Pulses,SwiftVendors,Rail,Delhi WH,2,1983.44,3966.88,7,8,1,Delayed,Not Returned,4
ORD00880,2023-05-09,CUST1651,South,Chennai,Electronics,Tablet,FastSupply Co,Rail,Mumbai WH,10,393.18,3931.8,3,3,0,On-Time,Not Returned,4
ORD00881,2023-01-17,CUST4046,Central,Nagpur,Grocery,Flour,FastSupply Co,Air,Delhi WH,5,3209.7,16048.5,9,9,0,On-Time,Not Returned,4
ORD00882,2022-08-26,CUST4528,Central,Indore,Clothing,T-Shirt,ReliableGoods,Air,Kolkata WH,10,3678.37,36783.7,3,2,-1,Early,Returned,4
ORD00883,2023-02-15,CUST2944,South,Kochi,Clothing,T-Shirt,SwiftVendors,Road,Bangalore WH,1,3396.82,3396.82,5,5,0,On-Time,Not Returned,5
ORD00884,2022-05-12,CUST2843,West,Ahmedabad,Clothing,T-Shirt,ReliableGoods,Sea,Kolkata WH,6,735.26,4411.56,3,3,0,On-Time,Not Returned,4
ORD00885,2023-03-10,CUST2061,South,Kochi,Furniture,Sofa,MegaSource Inc,Road,Bangalore WH,13,2915.26,37898.38,4,4,0,On-Time,Not Returned,5
ORD00886,2022-10-08,CUST4079,South,Bangalore,Grocery,Pulses,SwiftVendors,Air,Hyderabad WH,15,2868.95,43034.25,8,10,2,Delayed,Not Returned,3
ORD00887,2023-04-30,CUST2012,East,Guwahati,Grocery,Oil,ReliableGoods,Air,Hyderabad WH,4,4348.63,17394.52,7,8,1,Delayed,Not Returned,3
ORD00888,2022-11-23,CUST4440,East,Guwahati,Clothing,Jacket,ReliableGoods,Sea,Kolkata WH,13,1926.68,25046.84,6,6,0,On-Time,Not Returned,5
ORD00889,2022-06-04,CUST3611,East,Kolkata,Sports,Yoga Mat,QuickMart Ltd,Sea,Delhi WH,15,1888.86,28332.9,8,7,-1,Early,Not Returned,5
ORD00890,2023-11-15,CUST2135,West,Surat,Sports,Football,ReliableGoods,Sea,Bangalore WH,8,3111.71,24893.68,5,5,0,On-Time,Not Returned,4
ORD00891,2023-06-05,CUST4136,South,Hyderabad,Furniture,Bed,SwiftVendors,Air,Hyderabad WH,5,3183.71,15918.55,7,7,0,On-Time,Not Returned,4
ORD00892,2023-10-07,CUST4185,North,Jaipur,Sports,Yoga Mat,MegaSource Inc,Air,Bangalore WH,15,2372.96,35594.4,9,16,7,Delayed,Returned,1
ORD00893,2023-02-13,CUST3135,South,Chennai,Clothing,Saree,MegaSource Inc,Air,Kolkata WH,4,2243.14,8972.56,7,7,0,On-Time,Not Returned,5
ORD00894,2022-09-15,CUST2984,West,Mumbai,Sports,Dumbbells,ReliableGoods,Sea,Mumbai WH,12,2496.03,29952.36,4,4,0,On-Time,Not Returned,5
ORD00895,2023-01-28,CUST3567,East,Guwahati,Grocery,Sugar,ReliableGoods,Road,Hyderabad WH,13,4312.17,56058.21,9,9,0,On-Time,Not Returned,5
ORD00896,2022-04-16,CUST1979,West,Surat,Furniture,Table,QuickMart Ltd,Air,Kolkata WH,2,2332.78,4665.56,8,11,3,Delayed,Not Returned,3
ORD00897,2022-05-26,CUST2124,East,Kolkata,Clothing,Shoes,ReliableGoods,Air,Mumbai WH,19,4702.66,89350.54,8,8,0,On-Time,Not Returned,5
ORD00898,2023-12-20,CUST2801,West,Pune,Electronics,Headphones,SwiftVendors,Road,Hyderabad WH,19,2544.82,48351.58,3,10,7,Delayed,Returned,1
ORD00899,2022-01-27,CUST1317,North,Jaipur,Clothing,Saree,MegaSource Inc,Rail,Hyderabad WH,4,4748.54,18994.16,9,11,2,Delayed,Not Returned,4
ORD00900,2023-09-28,CUST3922,East,Kolkata,Grocery,Pulses,QuickMart Ltd,Air,Delhi WH,4,4172.52,16690.08,4,4,0,On-Time,Not Returned,5
ORD00901,2023-03-12,CUST2170,East,Guwahati,Electronics,Camera,QuickMart Ltd,Air,Mumbai WH,11,1844.04,20284.44,3,5,2,Delayed,Not Returned,3
ORD00902,2022-05-04,CUST1960,South,Chennai,Grocery,Rice,MegaSource Inc,Air,Bangalore WH,5,4325.03,21625.15,3,3,0,On-Time,Not Returned,5
ORD00903,2023-04-05,CUST2112,West,Pune,Sports,Cricket Bat,QuickMart Ltd,Sea,Bangalore WH,11,594.81,6542.91,7,7,0,On-Time,Not Returned,4
ORD00904,2022-08-23,CUST2375,Central,Raipur,Clothing,Saree,ReliableGoods,Air,Hyderabad WH,10,4628.98,46289.8,8,10,2,Delayed,Returned,3
ORD00905,2022-01-28,CUST2309,Central,Indore,Sports,Cycle,MegaSource Inc,Rail,Bangalore WH,8,3176.64,25413.12,3,2,-1,Early,Not Returned,5
ORD00906,2022-01-05,CUST4657,South,Kochi,Furniture,Wardrobe,QuickMart Ltd,Air,Delhi WH,6,319.23,1915.38,5,5,0,On-Time,Returned,4
ORD00907,2023-08-08,CUST3212,West,Ahmedabad,Sports,Cycle,MegaSource Inc,Rail,Bangalore WH,6,3239.07,19434.42,5,5,0,On-Time,Not Returned,4
ORD00908,2023-08-31,CUST1330,North,Lucknow,Grocery,Sugar,FastSupply Co,Air,Bangalore WH,8,4872.53,38980.24,8,8,0,On-Time,Returned,4
ORD00909,2022-06-12,CUST1566,South,Kochi,Grocery,Rice,ReliableGoods,Rail,Kolkata WH,15,395.51,5932.65,5,5,0,On-Time,Not Returned,4
ORD00910,2023-11-07,CUST1617,East,Bhubaneswar,Grocery,Oil,MegaSource Inc,Air,Kolkata WH,14,2795.7,39139.8,7,7,0,On-Time,Not Returned,5
ORD00911,2023-06-30,CUST1947,North,Jaipur,Sports,Football,QuickMart Ltd,Sea,Delhi WH,11,3751.58,41267.38,4,4,0,On-Time,Not Returned,4
ORD00912,2022-10-03,CUST2568,West,Ahmedabad,Electronics,Camera,FastSupply Co,Sea,Mumbai WH,12,4060.78,48729.36,6,7,1,Delayed,Not Returned,3
ORD00913,2022-11-19,CUST3842,East,Kolkata,Electronics,Mobile,ReliableGoods,Road,Mumbai WH,13,2098.45,27279.85,3,3,0,On-Time,Not Returned,5
ORD00914,2022-05-21,CUST1625,Central,Nagpur,Furniture,Sofa,ReliableGoods,Road,Delhi WH,8,1060.62,8484.96,6,6,0,On-Time,Not Returned,4
ORD00915,2022-10-04,CUST3893,West,Surat,Grocery,Pulses,SwiftVendors,Sea,Hyderabad WH,18,259.59,4672.62,4,7,3,Delayed,Not Returned,1
ORD00916,2022-03-04,CUST1876,East,Guwahati,Furniture,Table,QuickMart Ltd,Sea,Hyderabad WH,1,2919.64,2919.64,4,7,3,Delayed,Not Returned,2
ORD00917,2022-07-15,CUST1263,West,Mumbai,Furniture,Chair,ReliableGoods,Road,Bangalore WH,15,2291.91,34378.65,7,7,0,On-Time,Not Returned,4
ORD00918,2022-06-20,CUST2699,East,Kolkata,Grocery,Sugar,QuickMart Ltd,Air,Mumbai WH,8,4746.28,37970.24,5,5,0,On-Time,Not Returned,5
ORD00919,2023-12-24,CUST2669,West,Pune,Sports,Football,MegaSource Inc,Rail,Delhi WH,11,349.99,3849.89,5,6,1,Delayed,Not Returned,3
ORD00920,2022-04-19,CUST2355,Central,Nagpur,Clothing,T-Shirt,QuickMart Ltd,Road,Bangalore WH,12,3442.71,41312.52,4,4,0,On-Time,Not Returned,4
ORD00921,2022-03-06,CUST3222,South,Kochi,Grocery,Oil,ReliableGoods,Rail,Delhi WH,12,173.58,2082.96,7,7,0,On-Time,Not Returned,4
ORD00922,2022-12-29,CUST2908,East,Guwahati,Clothing,Jacket,ReliableGoods,Rail,Delhi WH,4,898.6,3594.4,7,9,2,Delayed,Not Returned,3
ORD00923,2023-12-09,CUST2703,East,Patna,Clothing,Jacket,ReliableGoods,Air,Kolkata WH,16,2295.22,36723.52,8,8,0,On-Time,Returned,4
ORD00924,2022-08-24,CUST1255,Central,Indore,Sports,Cricket Bat,ReliableGoods,Sea,Delhi WH,4,2301.62,9206.48,9,9,0,On-Time,Not Returned,5
ORD00925,2022-12-06,CUST1847,South,Chennai,Grocery,Rice,ReliableGoods,Sea,Delhi WH,5,3444.22,17221.1,3,3,0,On-Time,Returned,5
ORD00926,2022-12-30,CUST4411,West,Pune,Grocery,Flour,ReliableGoods,Sea,Mumbai WH,5,4555.55,22777.75,9,9,0,On-Time,Not Returned,4
ORD00927,2022-01-11,CUST2720,East,Guwahati,Grocery,Rice,ReliableGoods,Rail,Delhi WH,8,3213.21,25705.68,5,5,0,On-Time,Not Returned,5
ORD00928,2022-11-22,CUST2595,South,Bangalore,Clothing,Saree,ReliableGoods,Sea,Delhi WH,10,4770.0,47700.0,4,2,-2,Early,Not Returned,5
ORD00929,2022-04-07,CUST4706,West,Surat,Sports,Yoga Mat,MegaSource Inc,Road,Bangalore WH,17,4414.0,75038.0,8,8,0,On-Time,Not Returned,5
ORD00930,2022-10-05,CUST4153,East,Kolkata,Electronics,Camera,MegaSource Inc,Air,Kolkata WH,9,2943.27,26489.43,6,6,0,On-Time,Not Returned,4
ORD00931,2022-08-03,CUST3392,East,Patna,Grocery,Flour,MegaSource Inc,Sea,Bangalore WH,19,4177.27,79368.13,5,5,0,On-Time,Not Returned,5
ORD00932,2022-05-23,CUST4875,West,Ahmedabad,Electronics,Headphones,ReliableGoods,Road,Delhi WH,14,3230.76,45230.64,3,10,7,Delayed,Not Returned,3
ORD00933,2022-04-13,CUST3848,Central,Nagpur,Clothing,T-Shirt,QuickMart Ltd,Sea,Bangalore WH,8,438.86,3510.88,7,7,0,On-Time,Not Returned,4
ORD00934,2023-08-19,CUST1080,South,Chennai,Clothing,T-Shirt,SwiftVendors,Sea,Kolkata WH,9,3715.8,33442.2,4,4,0,On-Time,Not Returned,5
ORD00935,2023-10-18,CUST4509,East,Kolkata,Furniture,Sofa,QuickMart Ltd,Road,Delhi WH,11,519.8,5717.8,5,10,5,Delayed,Not Returned,1
ORD00936,2022-04-18,CUST4607,West,Mumbai,Sports,Dumbbells,QuickMart Ltd,Road,Mumbai WH,1,2990.71,2990.71,6,6,0,On-Time,Returned,5
ORD00937,2022-11-03,CUST4135,East,Guwahati,Furniture,Bed,QuickMart Ltd,Rail,Mumbai WH,14,3528.07,49392.98,3,3,0,On-Time,Not Returned,4
ORD00938,2022-09-01,CUST3358,West,Ahmedabad,Electronics,Tablet,QuickMart Ltd,Air,Bangalore WH,5,379.31,1896.55,3,3,0,On-Time,Not Returned,4
ORD00939,2023-11-14,CUST2558,East,Kolkata,Clothing,T-Shirt,SwiftVendors,Air,Delhi WH,14,1192.43,16694.02,8,8,0,On-Time,Returned,4
ORD00940,2022-02-20,CUST2953,North,Jaipur,Grocery,Flour,QuickMart Ltd,Sea,Kolkata WH,4,4582.58,18330.32,5,5,0,On-Time,Returned,5
ORD00941,2023-06-14,CUST1024,Central,Nagpur,Grocery,Flour,SwiftVendors,Sea,Hyderabad WH,1,3100.76,3100.76,6,7,1,Delayed,Not Returned,4
ORD00942,2023-03-29,CUST4861,South,Kochi,Sports,Cycle,MegaSource Inc,Sea,Kolkata WH,19,1269.12,24113.28,3,3,0,On-Time,Not Returned,4
ORD00943,2023-05-12,CUST2440,Central,Indore,Electronics,Laptop,ReliableGoods,Air,Hyderabad WH,8,3468.86,27750.88,4,4,0,On-Time,Not Returned,4
ORD00944,2023-08-29,CUST2223,Central,Bhopal,Furniture,Table,SwiftVendors,Road,Kolkata WH,15,3004.04,45060.6,3,3,0,On-Time,Not Returned,4
ORD00945,2023-04-18,CUST4086,South,Bangalore,Electronics,Mobile,ReliableGoods,Air,Hyderabad WH,15,2532.8,37992.0,6,6,0,On-Time,Not Returned,5
ORD00946,2023-10-16,CUST2597,Central,Raipur,Electronics,Tablet,MegaSource Inc,Rail,Mumbai WH,9,4882.13,43939.17,7,7,0,On-Time,Not Returned,4
ORD00947,2022-05-24,CUST4495,North,Chandigarh,Sports,Football,MegaSource Inc,Air,Mumbai WH,9,3433.1,30897.9,7,14,7,Delayed,Not Returned,1
ORD00948,2022-09-25,CUST4652,West,Pune,Furniture,Bed,QuickMart Ltd,Sea,Hyderabad WH,10,1908.43,19084.3,8,8,0,On-Time,Not Returned,5
ORD00949,2023-04-23,CUST4905,South,Bangalore,Grocery,Pulses,ReliableGoods,Rail,Bangalore WH,9,4010.36,36093.24,5,6,1,Delayed,Not Returned,3
ORD00950,2023-09-12,CUST4423,West,Pune,Grocery,Rice,QuickMart Ltd,Air,Delhi WH,3,4428.69,13286.07,6,6,0,On-Time,Not Returned,5
ORD00951,2022-05-10,CUST2716,East,Kolkata,Clothing,Saree,ReliableGoods,Road,Hyderabad WH,11,669.84,7368.24,8,8,0,On-Time,Not Returned,4
ORD00952,2023-01-19,CUST3204,North,Jaipur,Furniture,Chair,FastSupply Co,Road,Bangalore WH,6,1042.74,6256.44,9,9,0,On-Time,Not Returned,4
ORD00953,2023-12-11,CUST4061,West,Ahmedabad,Clothing,Shoes,SwiftVendors,Road,Kolkata WH,2,1120.32,2240.64,3,3,0,On-Time,Not Returned,4
ORD00954,2022-09-15,CUST4009,West,Ahmedabad,Sports,Yoga Mat,ReliableGoods,Sea,Hyderabad WH,7,3471.5,24300.5,9,9,0,On-Time,Returned,5
ORD00955,2022-05-15,CUST3236,South,Kochi,Electronics,Laptop,MegaSource Inc,Road,Mumbai WH,18,3035.05,54630.9,3,3,0,On-Time,Returned,4
ORD00956,2022-06-07,CUST4276,East,Patna,Grocery,Pulses,SwiftVendors,Air,Delhi WH,2,3114.01,6228.02,7,9,2,Delayed,Not Returned,3
ORD00957,2022-04-06,CUST3470,South,Bangalore,Electronics,Headphones,ReliableGoods,Road,Mumbai WH,17,4706.83,80016.11,8,8,0,On-Time,Not Returned,4
ORD00958,2023-05-29,CUST4677,East,Kolkata,Electronics,Headphones,FastSupply Co,Rail,Kolkata WH,11,3890.76,42798.36,7,7,0,On-Time,Not Returned,5
ORD00959,2023-07-13,CUST1903,South,Bangalore,Grocery,Pulses,QuickMart Ltd,Rail,Kolkata WH,12,683.29,8199.48,4,4,0,On-Time,Not Returned,5
ORD00960,2022-08-30,CUST2999,West,Pune,Grocery,Oil,QuickMart Ltd,Road,Bangalore WH,19,1770.16,33633.04,9,9,0,On-Time,Not Returned,4
ORD00961,2023-12-27,CUST1898,West,Mumbai,Furniture,Chair,MegaSource Inc,Road,Mumbai WH,7,2205.2,15436.4,9,9,0,On-Time,Returned,5
ORD00962,2022-09-18,CUST2117,North,Lucknow,Grocery,Sugar,SwiftVendors,Rail,Kolkata WH,6,2010.01,12060.06,7,7,0,On-Time,Not Returned,4
ORD00963,2023-10-06,CUST2785,West,Mumbai,Clothing,Shoes,QuickMart Ltd,Sea,Bangalore WH,1,3363.08,3363.08,4,4,0,On-Time,Not Returned,4
ORD00964,2023-11-23,CUST2989,Central,Indore,Grocery,Flour,ReliableGoods,Air,Delhi WH,17,4464.87,75902.79,3,5,2,Delayed,Not Returned,3
ORD00965,2022-11-26,CUST1118,West,Surat,Electronics,Tablet,SwiftVendors,Sea,Mumbai WH,11,1564.95,17214.45,8,13,5,Delayed,Returned,1
ORD00966,2023-12-19,CUST2592,Central,Indore,Electronics,Laptop,ReliableGoods,Air,Bangalore WH,18,2781.79,50072.22,4,4,0,On-Time,Not Returned,5
ORD00967,2023-07-07,CUST2376,West,Mumbai,Furniture,Chair,QuickMart Ltd,Sea,Delhi WH,17,3957.58,67278.86,8,8,0,On-Time,Not Returned,4
ORD00968,2022-04-23,CUST3739,Central,Indore,Electronics,Camera,ReliableGoods,Air,Bangalore WH,7,2110.28,14771.96,9,14,5,Delayed,Not Returned,1
ORD00969,2023-08-28,CUST3781,Central,Nagpur,Clothing,Jacket,FastSupply Co,Road,Mumbai WH,17,882.18,14997.06,8,8,0,On-Time,Not Returned,4
ORD00970,2022-07-04,CUST4269,West,Pune,Furniture,Sofa,QuickMart Ltd,Road,Delhi WH,9,2401.01,21609.09,9,9,0,On-Time,Not Returned,5
ORD00971,2022-01-08,CUST2656,Central,Indore,Grocery,Pulses,ReliableGoods,Air,Delhi WH,17,323.35,5496.95,4,4,0,On-Time,Not Returned,5
ORD00972,2022-11-06,CUST3966,North,Jaipur,Grocery,Flour,SwiftVendors,Air,Hyderabad WH,8,4714.8,37718.4,9,9,0,On-Time,Returned,5
ORD00973,2023-07-10,CUST1676,East,Guwahati,Grocery,Flour,QuickMart Ltd,Road,Bangalore WH,17,420.36,7146.12,5,5,0,On-Time,Returned,5
ORD00974,2023-05-10,CUST4442,Central,Indore,Electronics,Camera,MegaSource Inc,Air,Mumbai WH,7,2220.36,15542.52,9,9,0,On-Time,Returned,4
ORD00975,2023-05-20,CUST2914,Central,Bhopal,Electronics,Camera,SwiftVendors,Sea,Delhi WH,1,2672.91,2672.91,7,7,0,On-Time,Not Returned,4
ORD00976,2022-02-12,CUST4766,North,Delhi,Sports,Dumbbells,QuickMart Ltd,Air,Delhi WH,13,4927.25,64054.25,4,4,0,On-Time,Not Returned,4
ORD00977,2023-03-18,CUST1522,North,Chandigarh,Clothing,Saree,ReliableGoods,Road,Hyderabad WH,19,871.81,16564.39,3,5,2,Delayed,Not Returned,4
ORD00978,2023-05-20,CUST3548,South,Hyderabad,Grocery,Oil,SwiftVendors,Sea,Hyderabad WH,19,616.44,11712.36,8,8,0,On-Time,Not Returned,4
ORD00979,2023-10-12,CUST3187,East,Bhubaneswar,Clothing,Jacket,QuickMart Ltd,Road,Bangalore WH,17,93.1,1582.7,6,6,0,On-Time,Not Returned,4
ORD00980,2023-01-27,CUST1110,South,Chennai,Grocery,Flour,QuickMart Ltd,Rail,Kolkata WH,13,820.08,10661.04,4,4,0,On-Time,Not Returned,5
ORD00981,2023-08-12,CUST4714,Central,Nagpur,Furniture,Table,ReliableGoods,Road,Kolkata WH,16,1076.0,17216.0,7,9,2,Delayed,Not Returned,3
ORD00982,2022-07-23,CUST2613,North,Chandigarh,Clothing,Jeans,MegaSource Inc,Sea,Bangalore WH,8,3171.38,25371.04,9,11,2,Delayed,Not Returned,4
ORD00983,2022-08-02,CUST3424,Central,Bhopal,Clothing,T-Shirt,ReliableGoods,Sea,Delhi WH,19,1137.55,21613.45,8,9,1,Delayed,Not Returned,3
ORD00984,2022-08-29,CUST3311,West,Ahmedabad,Electronics,Headphones,QuickMart Ltd,Rail,Kolkata WH,18,151.58,2728.44,5,5,0,On-Time,Not Returned,5
ORD00985,2022-06-24,CUST3715,East,Kolkata,Sports,Yoga Mat,QuickMart Ltd,Sea,Bangalore WH,1,4141.76,4141.76,3,5,2,Delayed,Not Returned,3
ORD00986,2023-08-27,CUST1111,West,Pune,Electronics,Laptop,ReliableGoods,Air,Delhi WH,14,1859.7,26035.8,5,6,1,Delayed,Not Returned,3
ORD00987,2023-08-27,CUST1343,North,Delhi,Clothing,Jeans,MegaSource Inc,Road,Delhi WH,19,1800.8,34215.2,6,6,0,On-Time,Not Returned,5
ORD00988,2023-07-26,CUST3632,North,Lucknow,Furniture,Wardrobe,SwiftVendors,Road,Delhi WH,15,1547.27,23209.05,4,4,0,On-Time,Not Returned,4
ORD00989,2023-03-17,CUST2755,North,Lucknow,Electronics,Headphones,SwiftVendors,Sea,Delhi WH,18,4878.1,87805.8,8,8,0,On-Time,Not Returned,4
ORD00990,2022-12-29,CUST1555,East,Kolkata,Sports,Yoga Mat,SwiftVendors,Air,Hyderabad WH,2,892.07,1784.14,4,5,1,Delayed,Returned,4
ORD00991,2022-04-08,CUST4550,South,Chennai,Grocery,Pulses,FastSupply Co,Rail,Delhi WH,17,4496.28,76436.76,7,7,0,On-Time,Returned,5
ORD00992,2023-01-02,CUST2891,Central,Bhopal,Clothing,Jacket,FastSupply Co,Rail,Hyderabad WH,18,3895.18,70113.24,4,4,0,On-Time,Not Returned,4
ORD00993,2023-09-25,CUST1744,Central,Indore,Electronics,Laptop,FastSupply Co,Rail,Delhi WH,6,428.58,2571.48,3,8,5,Delayed,Returned,3
ORD00994,2022-02-28,CUST1205,Central,Nagpur,Electronics,Camera,FastSupply Co,Air,Mumbai WH,19,4934.31,93751.89,6,8,2,Delayed,Not Returned,3
ORD00995,2022-06-19,CUST2065,Central,Nagpur,Furniture,Sofa,FastSupply Co,Road,Delhi WH,4,1393.26,5573.04,5,12,7,Delayed,Returned,2
ORD00996,2022-12-15,CUST2552,Central,Raipur,Clothing,Saree,FastSupply Co,Rail,Mumbai WH,1,537.99,537.99,6,5,-1,Early,Not Returned,4
ORD00997,2023-04-24,CUST2340,South,Bangalore,Grocery,Sugar,FastSupply Co,Air,Delhi WH,8,4155.11,33240.88,8,8,0,On-Time,Not Returned,4
ORD00998,2023-07-10,CUST1866,West,Surat,Furniture,Sofa,MegaSource Inc,Road,Bangalore WH,7,3548.04,24836.28,4,5,1,Delayed,Not Returned,3
ORD00999,2023-11-13,CUST2862,East,Patna,Clothing,Shoes,FastSupply Co,Sea,Kolkata WH,3,3105.23,9315.69,8,8,0,On-Time,Not Returned,4
ORD01000,2022-10-24,CUST2338,West,Mumbai,Clothing,T-Shirt,MegaSource Inc,Rail,Hyderabad WH,10,822.11,8221.1,5,8,3,Delayed,Not Returned,3
ORD01001,2023-03-20,CUST2382,West,Mumbai,Electronics,Laptop,MegaSource Inc,Air,Mumbai WH,10,2418.56,24185.6,8,8,0,On-Time,Not Returned,5
ORD01002,2022-10-09,CUST4117,Central,Raipur,Sports,Yoga Mat,QuickMart Ltd,Air,Delhi WH,19,3913.75,74361.25,7,5,-2,Early,Not Returned,4
ORD01003,2022-02-28,CUST4603,Central,Raipur,Clothing,Shoes,QuickMart Ltd,Sea,Delhi WH,14,1552.94,21741.16,6,7,1,Delayed,Not Returned,3
ORD01004,2023-06-17,CUST2552,South,Hyderabad,Grocery,Sugar,QuickMart Ltd,Rail,Mumbai WH,2,1592.86,3185.72,5,7,2,Delayed,Returned,4
ORD01005,2022-12-08,CUST2139,East,Guwahati,Electronics,Headphones,MegaSource Inc,Rail,Delhi WH,1,65.55,65.55,5,5,0,On-Time,Not Returned,5
ORD01006,2023-10-14,CUST4080,North,Delhi,Sports,Football,FastSupply Co,Air,Mumbai WH,18,912.5,16425.0,9,9,0,On-Time,Not Returned,4
ORD01007,2023-05-31,CUST4896,West,Surat,Electronics,Tablet,MegaSource Inc,Road,Delhi WH,7,4383.26,30682.82,5,7,2,Delayed,Not Returned,3
ORD01008,2023-01-03,CUST4407,North,Delhi,Grocery,Flour,SwiftVendors,Sea,Delhi WH,8,2236.65,17893.2,9,9,0,On-Time,Not Returned,4
ORD01009,2023-06-24,CUST2726,East,Patna,Furniture,Chair,MegaSource Inc,Road,Bangalore WH,1,4921.96,4921.96,3,6,3,Delayed,Not Returned,2
ORD01010,2023-06-28,CUST2033,West,Surat,Grocery,Flour,SwiftVendors,Rail,Kolkata WH,3,2008.75,6026.25,9,9,0,On-Time,Not Returned,4
ORD01011,2022-07-16,CUST4419,North,Chandigarh,Electronics,Laptop,ReliableGoods,Air,Kolkata WH,8,3590.17,28721.36,6,7,1,Delayed,Not Returned,3
ORD01012,2023-07-09,CUST1335,North,Delhi,Sports,Cycle,ReliableGoods,Sea,Kolkata WH,15,1445.5,21682.5,8,8,0,On-Time,Returned,4
ORD01013,2022-06-25,CUST2926,South,Hyderabad,Electronics,Laptop,MegaSource Inc,Sea,Mumbai WH,5,1850.86,9254.3,9,10,1,Delayed,Not Returned,4
ORD01014,2022-11-25,CUST1079,East,Patna,Electronics,Headphones,QuickMart Ltd,Air,Mumbai WH,3,994.09,2982.27,5,6,1,Delayed,Not Returned,4
ORD01015,2023-12-18,CUST4068,East,Guwahati,Grocery,Flour,MegaSource Inc,Road,Kolkata WH,19,1767.96,33591.24,6,6,0,On-Time,Not Returned,5
ORD01016,2023-03-24,CUST3209,East,Bhubaneswar,Clothing,Shoes,MegaSource Inc,Sea,Kolkata WH,1,2758.83,2758.83,9,9,0,On-Time,Not Returned,4
ORD01017,2023-12-29,CUST1213,West,Pune,Clothing,Jeans,FastSupply Co,Sea,Bangalore WH,15,4959.28,74389.2,9,9,0,On-Time,Not Returned,5
ORD01018,2023-05-05,CUST4899,South,Chennai,Furniture,Bed,SwiftVendors,Road,Mumbai WH,8,3337.8,26702.4,5,5,0,On-Time,Not Returned,4
ORD01019,2022-05-19,CUST2433,Central,Bhopal,Clothing,T-Shirt,QuickMart Ltd,Road,Kolkata WH,2,1036.27,2072.54,7,7,0,On-Time,Not Returned,4
ORD01020,2023-02-19,CUST1918,West,Mumbai,Clothing,Shoes,QuickMart Ltd,Air,Kolkata WH,3,272.56,817.68,7,9,2,Delayed,Not Returned,4
ORD01021,2022-06-26,CUST3662,East,Guwahati,Electronics,Laptop,QuickMart Ltd,Air,Delhi WH,14,675.46,9456.44,9,9,0,On-Time,Not Returned,5
ORD01022,2022-01-19,CUST1281,West,Ahmedabad,Electronics,Headphones,ReliableGoods,Road,Kolkata WH,14,2834.65,39685.1,7,7,0,On-Time,Not Returned,5
ORD01023,2023-06-05,CUST4199,North,Jaipur,Grocery,Pulses,FastSupply Co,Air,Hyderabad WH,11,3837.54,42212.94,4,4,0,On-Time,Not Returned,5
ORD01024,2022-09-30,CUST4921,West,Ahmedabad,Electronics,Camera,SwiftVendors,Sea,Hyderabad WH,16,4705.08,75281.28,5,5,0,On-Time,Not Returned,5
ORD01025,2023-02-12,CUST3669,West,Ahmedabad,Electronics,Headphones,SwiftVendors,Road,Bangalore WH,4,128.32,513.28,4,4,0,On-Time,Not Returned,5
ORD01026,2023-05-09,CUST1164,East,Patna,Furniture,Chair,ReliableGoods,Air,Bangalore WH,5,2637.66,13188.3,6,5,-1,Early,Not Returned,5
ORD01027,2022-05-09,CUST4089,North,Chandigarh,Clothing,Jacket,QuickMart Ltd,Road,Delhi WH,14,2380.79,33331.06,4,9,5,Delayed,Not Returned,1
ORD01028,2023-11-06,CUST1127,East,Guwahati,Electronics,Mobile,SwiftVendors,Rail,Mumbai WH,16,3297.47,52759.52,6,6,0,On-Time,Not Returned,4
ORD01029,2023-08-22,CUST4889,North,Jaipur,Clothing,Saree,SwiftVendors,Sea,Delhi WH,18,2819.92,50758.56,9,9,0,On-Time,Not Returned,4
ORD01030,2022-06-22,CUST2012,North,Jaipur,Electronics,Headphones,ReliableGoods,Road,Bangalore WH,7,3450.84,24155.88,6,9,3,Delayed,Returned,3
ORD01031,2023-01-07,CUST1816,North,Chandigarh,Clothing,Saree,MegaSource Inc,Rail,Bangalore WH,10,3307.51,33075.1,6,6,0,On-Time,Returned,4
ORD01032,2022-11-09,CUST4437,East,Bhubaneswar,Clothing,Jacket,QuickMart Ltd,Sea,Delhi WH,7,629.21,4404.47,8,8,0,On-Time,Not Returned,4
ORD01033,2022-08-10,CUST1083,North,Lucknow,Electronics,Mobile,FastSupply Co,Sea,Mumbai WH,1,4008.6,4008.6,4,4,0,On-Time,Not Returned,5
ORD01034,2023-10-15,CUST3544,South,Bangalore,Grocery,Oil,QuickMart Ltd,Road,Mumbai WH,19,660.0,12540.0,8,8,0,On-Time,Not Returned,5
ORD01035,2022-11-23,CUST1624,South,Chennai,Sports,Football,ReliableGoods,Sea,Delhi WH,16,3507.73,56123.68,9,8,-1,Early,Not Returned,4
ORD01036,2023-01-18,CUST1977,Central,Bhopal,Electronics,Mobile,FastSupply Co,Road,Delhi WH,19,2109.92,40088.48,5,6,1,Delayed,Returned,4
ORD01037,2022-03-24,CUST1517,South,Chennai,Furniture,Wardrobe,FastSupply Co,Road,Hyderabad WH,4,2593.56,10374.24,4,4,0,On-Time,Not Returned,4
ORD01038,2023-08-23,CUST2939,Central,Indore,Furniture,Chair,QuickMart Ltd,Air,Hyderabad WH,18,4521.33,81383.94,5,5,0,On-Time,Returned,5
ORD01039,2023-02-06,CUST3742,South,Chennai,Sports,Football,ReliableGoods,Road,Bangalore WH,2,4454.92,8909.84,5,7,2,Delayed,Not Returned,3
ORD01040,2022-06-22,CUST1468,East,Bhubaneswar,Clothing,T-Shirt,ReliableGoods,Rail,Kolkata WH,1,4098.39,4098.39,6,9,3,Delayed,Returned,1
ORD01041,2023-07-23,CUST3310,Central,Indore,Sports,Cricket Bat,ReliableGoods,Sea,Delhi WH,15,2575.23,38628.45,4,5,1,Delayed,Not Returned,3
ORD01042,2022-06-12,CUST4882,West,Surat,Clothing,Jeans,ReliableGoods,Air,Delhi WH,5,3694.39,18471.95,5,6,1,Delayed,Returned,3
ORD01043,2022-06-26,CUST1892,West,Mumbai,Sports,Dumbbells,QuickMart Ltd,Rail,Mumbai WH,11,2588.84,28477.24,7,7,0,On-Time,Not Returned,5
ORD01044,2022-07-07,CUST2904,South,Hyderabad,Grocery,Flour,FastSupply Co,Road,Delhi WH,10,4354.55,43545.5,5,8,3,Delayed,Returned,2
ORD01045,2022-12-25,CUST3865,West,Ahmedabad,Grocery,Pulses,SwiftVendors,Sea,Bangalore WH,2,2043.74,4087.48,7,9,2,Delayed,Not Returned,3
ORD01046,2022-01-09,CUST2049,South,Bangalore,Electronics,Headphones,MegaSource Inc,Air,Delhi WH,3,4852.66,14557.98,4,4,0,On-Time,Not Returned,4
ORD01047,2022-04-19,CUST4141,South,Chennai,Clothing,T-Shirt,ReliableGoods,Sea,Mumbai WH,12,4665.0,55980.0,9,11,2,Delayed,Returned,3
ORD01048,2023-07-01,CUST2510,West,Pune,Clothing,Shoes,SwiftVendors,Sea,Delhi WH,5,3720.93,18604.65,8,8,0,On-Time,Not Returned,4
ORD01049,2022-07-07,CUST1687,West,Ahmedabad,Electronics,Mobile,SwiftVendors,Sea,Hyderabad WH,5,1433.11,7165.55,4,4,0,On-Time,Not Returned,5
ORD01050,2022-12-28,CUST3481,North,Lucknow,Furniture,Chair,QuickMart Ltd,Air,Bangalore WH,6,701.69,4210.14,8,8,0,On-Time,Not Returned,4
ORD01051,2023-11-11,CUST3487,Central,Bhopal,Furniture,Sofa,ReliableGoods,Sea,Kolkata WH,9,4280.78,38527.02,8,8,0,On-Time,Not Returned,5
ORD01052,2023-10-13,CUST4947,South,Hyderabad,Clothing,Saree,FastSupply Co,Sea,Mumbai WH,2,868.25,1736.5,4,4,0,On-Time,Not Returned,4
ORD01053,2023-02-20,CUST4063,West,Ahmedabad,Electronics,Laptop,ReliableGoods,Air,Hyderabad WH,12,4278.59,51343.08,5,5,0,On-Time,Not Returned,5
ORD01054,2022-06-22,CUST3942,Central,Raipur,Grocery,Sugar,SwiftVendors,Sea,Mumbai WH,3,2479.29,7437.87,3,3,0,On-Time,Not Returned,5
ORD01055,2022-11-04,CUST1469,West,Mumbai,Furniture,Wardrobe,MegaSource Inc,Sea,Mumbai WH,12,2062.46,24749.52,5,5,0,On-Time,Not Returned,4
ORD01056,2023-04-03,CUST4185,West,Mumbai,Electronics,Laptop,MegaSource Inc,Road,Kolkata WH,17,4520.79,76853.43,5,5,0,On-Time,Not Returned,5
ORD01057,2022-06-26,CUST4355,North,Lucknow,Grocery,Pulses,FastSupply Co,Sea,Delhi WH,10,3039.06,30390.6,9,9,0,On-Time,Not Returned,4
ORD01058,2023-07-20,CUST1670,South,Hyderabad,Clothing,Jeans,MegaSource Inc,Road,Delhi WH,14,2904.24,40659.36,6,7,1,Delayed,Not Returned,4
ORD01059,2023-02-26,CUST4951,South,Kochi,Grocery,Sugar,FastSupply Co,Air,Delhi WH,17,2815.89,47870.13,6,6,0,On-Time,Not Returned,5
ORD01060,2022-07-13,CUST2274,East,Kolkata,Clothing,T-Shirt,QuickMart Ltd,Rail,Bangalore WH,18,1887.29,33971.22,5,5,0,On-Time,Not Returned,5
ORD01061,2023-08-27,CUST1442,North,Chandigarh,Electronics,Laptop,QuickMart Ltd,Air,Mumbai WH,19,3938.93,74839.67,7,10,3,Delayed,Not Returned,2
ORD01062,2022-09-15,CUST3370,Central,Nagpur,Furniture,Wardrobe,SwiftVendors,Sea,Bangalore WH,17,1301.35,22122.95,9,11,2,Delayed,Returned,3
ORD01063,2022-07-04,CUST1105,North,Lucknow,Sports,Cycle,MegaSource Inc,Road,Mumbai WH,14,4697.53,65765.42,8,11,3,Delayed,Returned,2
ORD01064,2023-10-24,CUST4804,Central,Raipur,Furniture,Chair,ReliableGoods,Air,Kolkata WH,9,4475.23,40277.07,6,6,0,On-Time,Returned,4
ORD01065,2022-01-14,CUST2277,South,Kochi,Electronics,Camera,QuickMart Ltd,Road,Kolkata WH,8,1720.53,13764.24,5,5,0,On-Time,Not Returned,5
ORD01066,2022-04-03,CUST3358,East,Guwahati,Electronics,Laptop,FastSupply Co,Road,Bangalore WH,2,3660.85,7321.7,9,10,1,Delayed,Returned,4
ORD01067,2022-06-23,CUST3774,East,Kolkata,Clothing,Jeans,QuickMart Ltd,Road,Hyderabad WH,13,2887.45,37536.85,3,3,0,On-Time,Not Returned,4
ORD01068,2022-06-16,CUST4719,South,Bangalore,Grocery,Oil,MegaSource Inc,Rail,Kolkata WH,7,1721.36,12049.52,7,7,0,On-Time,Not Returned,4
ORD01069,2022-09-09,CUST4924,West,Surat,Furniture,Sofa,MegaSource Inc,Rail,Mumbai WH,9,4943.18,44488.62,4,4,0,On-Time,Not Returned,4
ORD01070,2022-10-08,CUST2537,North,Chandigarh,Sports,Dumbbells,FastSupply Co,Road,Kolkata WH,11,174.92,1924.12,5,8,3,Delayed,Returned,3
ORD01071,2022-03-31,CUST2624,East,Guwahati,Grocery,Sugar,MegaSource Inc,Air,Kolkata WH,14,1300.6,18208.4,9,9,0,On-Time,Not Returned,5
ORD01072,2022-10-22,CUST4856,West,Ahmedabad,Electronics,Tablet,SwiftVendors,Sea,Bangalore WH,4,2624.37,10497.48,5,10,5,Delayed,Returned,2
ORD01073,2023-08-07,CUST3928,Central,Indore,Sports,Cricket Bat,ReliableGoods,Rail,Bangalore WH,13,2633.67,34237.71,8,11,3,Delayed,Not Returned,2
ORD01074,2023-08-11,CUST1812,East,Guwahati,Sports,Cycle,FastSupply Co,Air,Kolkata WH,2,2965.22,5930.44,7,7,0,On-Time,Not Returned,4
ORD01075,2022-06-29,CUST1311,Central,Bhopal,Clothing,Saree,SwiftVendors,Rail,Mumbai WH,5,3770.8,18854.0,6,8,2,Delayed,Not Returned,4
ORD01076,2023-09-01,CUST3425,West,Ahmedabad,Furniture,Table,SwiftVendors,Sea,Hyderabad WH,11,3136.22,34498.42,6,7,1,Delayed,Not Returned,4
ORD01077,2022-01-12,CUST3828,Central,Raipur,Electronics,Laptop,ReliableGoods,Air,Hyderabad WH,6,3021.39,18128.34,6,9,3,Delayed,Not Returned,3
ORD01078,2022-01-14,CUST4402,West,Mumbai,Sports,Yoga Mat,QuickMart Ltd,Rail,Delhi WH,18,314.9,5668.2,4,4,0,On-Time,Not Returned,5
ORD01079,2023-09-13,CUST3569,Central,Nagpur,Furniture,Wardrobe,MegaSource Inc,Sea,Bangalore WH,10,1913.82,19138.2,9,11,2,Delayed,Not Returned,4
ORD01080,2023-12-21,CUST1994,North,Lucknow,Grocery,Sugar,MegaSource Inc,Road,Mumbai WH,4,1198.68,4794.72,7,7,0,On-Time,Not Returned,5
ORD01081,2023-11-02,CUST1417,East,Patna,Clothing,Saree,QuickMart Ltd,Air,Kolkata WH,9,1363.58,12272.22,7,14,7,Delayed,Returned,3
ORD01082,2023-03-04,CUST3855,East,Kolkata,Furniture,Bed,SwiftVendors,Road,Bangalore WH,6,2793.97,16763.82,6,6,0,On-Time,Not Returned,5
ORD01083,2023-02-08,CUST4164,West,Pune,Clothing,Saree,MegaSource Inc,Air,Hyderabad WH,2,1037.55,2075.1,6,6,0,On-Time,Not Returned,4
ORD01084,2022-06-24,CUST2235,Central,Raipur,Furniture,Bed,SwiftVendors,Road,Delhi WH,17,1505.05,25585.85,8,10,2,Delayed,Not Returned,3
ORD01085,2023-12-12,CUST4482,South,Chennai,Grocery,Sugar,FastSupply Co,Rail,Hyderabad WH,5,1223.57,6117.85,3,6,3,Delayed,Returned,1
ORD01086,2023-03-31,CUST3802,East,Patna,Electronics,Camera,ReliableGoods,Sea,Kolkata WH,6,4745.09,28470.54,3,3,0,On-Time,Not Returned,5
ORD01087,2022-02-10,CUST3459,Central,Indore,Furniture,Chair,MegaSource Inc,Sea,Delhi WH,12,4726.1,56713.2,5,5,0,On-Time,Not Returned,4
ORD01088,2022-05-18,CUST4299,Central,Nagpur,Electronics,Mobile,QuickMart Ltd,Air,Kolkata WH,10,3069.21,30692.1,5,5,0,On-Time,Not Returned,5
ORD01089,2023-02-24,CUST1495,North,Jaipur,Sports,Yoga Mat,FastSupply Co,Rail,Delhi WH,6,4626.39,27758.34,7,6,-1,Early,Not Returned,5
ORD01090,2023-02-13,CUST4261,South,Bangalore,Sports,Cricket Bat,QuickMart Ltd,Road,Bangalore WH,8,3939.77,31518.16,7,9,2,Delayed,Returned,4
ORD01091,2022-01-01,CUST3318,East,Kolkata,Grocery,Sugar,MegaSource Inc,Sea,Hyderabad WH,2,2970.24,5940.48,4,7,3,Delayed,Not Returned,2
ORD01092,2022-09-26,CUST4205,North,Lucknow,Grocery,Oil,MegaSource Inc,Rail,Mumbai WH,12,81.85,982.2,4,4,0,On-Time,Not Returned,5
ORD01093,2022-12-17,CUST1168,South,Hyderabad,Sports,Dumbbells,ReliableGoods,Air,Delhi WH,13,3873.96,50361.48,3,3,0,On-Time,Not Returned,4
ORD01094,2022-02-23,CUST2422,East,Kolkata,Clothing,T-Shirt,ReliableGoods,Road,Delhi WH,7,3527.32,24691.24,5,6,1,Delayed,Not Returned,4
ORD01095,2023-08-18,CUST3182,North,Lucknow,Sports,Cricket Bat,MegaSource Inc,Road,Bangalore WH,10,3095.51,30955.1,3,6,3,Delayed,Returned,2
ORD01096,2023-01-05,CUST2754,South,Kochi,Sports,Dumbbells,FastSupply Co,Air,Hyderabad WH,13,3814.1,49583.3,3,3,0,On-Time,Not Returned,5
ORD01097,2023-03-17,CUST3709,East,Kolkata,Electronics,Mobile,MegaSource Inc,Rail,Mumbai WH,17,2588.96,44012.32,5,8,3,Delayed,Returned,1
ORD01098,2022-07-18,CUST2517,South,Kochi,Clothing,Saree,ReliableGoods,Air,Hyderabad WH,14,3535.21,49492.94,9,9,0,On-Time,Not Returned,4
ORD01099,2022-07-09,CUST1282,Central,Nagpur,Electronics,Camera,FastSupply Co,Road,Bangalore WH,2,4679.1,9358.2,4,4,0,On-Time,Returned,5
ORD01100,2022-03-10,CUST3072,West,Ahmedabad,Sports,Dumbbells,MegaSource Inc,Sea,Kolkata WH,11,1910.23,21012.53,8,8,0,On-Time,Not Returned,4
ORD01101,2023-05-04,CUST3652,West,Surat,Electronics,Camera,SwiftVendors,Rail,Kolkata WH,1,3555.2,3555.2,8,8,0,On-Time,Not Returned,5
ORD01102,2022-10-19,CUST2397,Central,Raipur,Furniture,Sofa,FastSupply Co,Rail,Hyderabad WH,19,2404.65,45688.35,8,8,0,On-Time,Not Returned,4
ORD01103,2023-10-25,CUST1051,South,Bangalore,Clothing,Jeans,QuickMart Ltd,Road,Bangalore WH,4,3388.28,13553.12,5,5,0,On-Time,Not Returned,5
ORD01104,2022-02-10,CUST4479,Central,Raipur,Grocery,Flour,SwiftVendors,Rail,Bangalore WH,19,3826.32,72700.08,6,6,0,On-Time,Not Returned,5
ORD01105,2022-01-20,CUST2720,West,Pune,Clothing,Shoes,FastSupply Co,Rail,Hyderabad WH,11,274.99,3024.89,6,9,3,Delayed,Not Returned,1
ORD01106,2022-08-26,CUST4368,West,Mumbai,Sports,Cricket Bat,SwiftVendors,Air,Delhi WH,8,3250.67,26005.36,6,6,0,On-Time,Not Returned,5
ORD01107,2023-09-22,CUST3007,South,Hyderabad,Electronics,Mobile,FastSupply Co,Air,Delhi WH,11,1172.37,12896.07,7,7,0,On-Time,Not Returned,5
ORD01108,2022-03-18,CUST1432,West,Mumbai,Electronics,Tablet,MegaSource Inc,Rail,Kolkata WH,4,3366.66,13466.64,4,4,0,On-Time,Not Returned,5
ORD01109,2022-02-21,CUST2775,Central,Nagpur,Clothing,T-Shirt,ReliableGoods,Rail,Delhi WH,17,2368.23,40259.91,4,4,0,On-Time,Returned,4
ORD01110,2022-03-28,CUST4935,South,Chennai,Furniture,Chair,QuickMart Ltd,Sea,Delhi WH,7,3879.09,27153.63,9,11,2,Delayed,Not Returned,4
ORD01111,2023-08-12,CUST2483,Central,Indore,Grocery,Oil,ReliableGoods,Sea,Kolkata WH,8,660.83,5286.64,9,9,0,On-Time,Not Returned,5
ORD01112,2022-08-13,CUST3603,South,Chennai,Furniture,Wardrobe,ReliableGoods,Air,Hyderabad WH,3,3150.3,9450.9,7,9,2,Delayed,Not Returned,3
ORD01113,2022-09-09,CUST4651,West,Surat,Clothing,Shoes,ReliableGoods,Sea,Mumbai WH,2,1428.43,2856.86,3,4,1,Delayed,Not Returned,4
ORD01114,2023-01-15,CUST4394,East,Bhubaneswar,Clothing,Shoes,FastSupply Co,Air,Delhi WH,15,4272.26,64083.9,9,9,0,On-Time,Not Returned,4
ORD01115,2022-07-25,CUST2883,South,Bangalore,Grocery,Pulses,MegaSource Inc,Rail,Mumbai WH,5,4645.5,23227.5,8,8,0,On-Time,Not Returned,4
ORD01116,2023-07-06,CUST3897,South,Hyderabad,Clothing,Jacket,ReliableGoods,Road,Delhi WH,1,4982.17,4982.17,6,6,0,On-Time,Not Returned,4
ORD01117,2023-09-27,CUST1626,East,Guwahati,Electronics,Camera,MegaSource Inc,Road,Mumbai WH,4,3990.24,15960.96,8,8,0,On-Time,Not Returned,5
ORD01118,2022-07-01,CUST2783,West,Ahmedabad,Clothing,T-Shirt,MegaSource Inc,Sea,Mumbai WH,15,3780.98,56714.7,6,8,2,Delayed,Not Returned,4
ORD01119,2022-05-18,CUST1721,Central,Raipur,Sports,Dumbbells,SwiftVendors,Sea,Mumbai WH,19,1116.73,21217.87,8,8,0,On-Time,Not Returned,4
ORD01120,2022-06-14,CUST4005,North,Chandigarh,Grocery,Rice,ReliableGoods,Sea,Mumbai WH,3,1713.23,5139.69,3,3,0,On-Time,Not Returned,4
ORD01121,2022-11-02,CUST3137,East,Kolkata,Furniture,Wardrobe,ReliableGoods,Sea,Hyderabad WH,11,2355.13,25906.43,8,8,0,On-Time,Not Returned,4
ORD01122,2023-04-20,CUST4954,North,Chandigarh,Clothing,Jacket,MegaSource Inc,Road,Kolkata WH,17,3878.24,65930.08,8,8,0,On-Time,Not Returned,5
ORD01123,2022-04-06,CUST3664,West,Pune,Furniture,Wardrobe,QuickMart Ltd,Road,Hyderabad WH,13,4579.08,59528.04,5,5,0,On-Time,Not Returned,5
ORD01124,2022-03-30,CUST2106,South,Chennai,Furniture,Wardrobe,MegaSource Inc,Air,Mumbai WH,11,986.24,10848.64,8,8,0,On-Time,Returned,4
ORD01125,2023-08-30,CUST3522,South,Kochi,Electronics,Tablet,MegaSource Inc,Sea,Delhi WH,2,4615.72,9231.44,5,5,0,On-Time,Not Returned,5
ORD01126,2022-08-16,CUST4310,West,Surat,Sports,Yoga Mat,SwiftVendors,Rail,Bangalore WH,9,3493.34,31440.06,4,4,0,On-Time,Not Returned,4
ORD01127,2023-01-27,CUST4766,Central,Bhopal,Grocery,Sugar,QuickMart Ltd,Sea,Hyderabad WH,2,3073.32,6146.64,7,8,1,Delayed,Not Returned,4
ORD01128,2022-01-06,CUST3204,Central,Bhopal,Furniture,Table,ReliableGoods,Air,Kolkata WH,9,1039.21,9352.89,8,11,3,Delayed,Not Returned,1
ORD01129,2023-12-13,CUST4172,West,Ahmedabad,Electronics,Camera,MegaSource Inc,Air,Hyderabad WH,9,324.85,2923.65,4,4,0,On-Time,Not Returned,4
ORD01130,2022-02-17,CUST2980,West,Mumbai,Clothing,Saree,MegaSource Inc,Sea,Mumbai WH,8,2863.9,22911.2,9,9,0,On-Time,Not Returned,4
ORD01131,2023-03-06,CUST2904,West,Mumbai,Furniture,Table,FastSupply Co,Sea,Mumbai WH,17,3275.0,55675.0,9,8,-1,Early,Not Returned,5
ORD01132,2022-01-22,CUST2784,West,Ahmedabad,Furniture,Sofa,ReliableGoods,Sea,Kolkata WH,1,1093.37,1093.37,5,5,0,On-Time,Not Returned,5
ORD01133,2023-06-26,CUST4382,West,Surat,Clothing,Jeans,FastSupply Co,Sea,Mumbai WH,11,2804.46,30849.06,8,8,0,On-Time,Not Returned,4
ORD01134,2022-05-28,CUST3994,West,Mumbai,Clothing,Saree,MegaSource Inc,Road,Kolkata WH,8,4289.64,34317.12,8,8,0,On-Time,Not Returned,5
ORD01135,2023-04-18,CUST3426,South,Chennai,Sports,Football,SwiftVendors,Sea,Bangalore WH,10,4183.58,41835.8,3,4,1,Delayed,Returned,3
ORD01136,2023-05-13,CUST2099,North,Lucknow,Electronics,Tablet,FastSupply Co,Sea,Mumbai WH,7,4640.41,32482.87,4,4,0,On-Time,Not Returned,5
ORD01137,2023-11-06,CUST2320,Central,Bhopal,Clothing,Saree,FastSupply Co,Road,Delhi WH,3,1861.13,5583.39,6,5,-1,Early,Returned,4
ORD01138,2022-02-08,CUST4488,North,Lucknow,Clothing,T-Shirt,QuickMart Ltd,Road,Hyderabad WH,3,1624.35,4873.05,6,8,2,Delayed,Not Returned,3
ORD01139,2022-11-25,CUST2005,South,Bangalore,Sports,Football,FastSupply Co,Rail,Delhi WH,18,3759.66,67673.88,3,5,2,Delayed,Not Returned,3
ORD01140,2023-02-14,CUST4402,East,Patna,Grocery,Flour,QuickMart Ltd,Road,Bangalore WH,5,2184.01,10920.05,5,7,2,Delayed,Not Returned,4
ORD01141,2022-10-15,CUST4828,North,Chandigarh,Sports,Cycle,FastSupply Co,Sea,Mumbai WH,12,483.37,5800.44,6,6,0,On-Time,Not Returned,5
ORD01142,2023-02-14,CUST1354,East,Bhubaneswar,Furniture,Sofa,QuickMart Ltd,Air,Hyderabad WH,12,1449.87,17398.44,6,6,0,On-Time,Returned,4
ORD01143,2022-04-24,CUST2142,South,Hyderabad,Clothing,T-Shirt,MegaSource Inc,Rail,Hyderabad WH,19,2121.98,40317.62,9,12,3,Delayed,Returned,1
ORD01144,2023-12-03,CUST4611,Central,Raipur,Grocery,Sugar,FastSupply Co,Air,Hyderabad WH,6,1497.96,8987.76,9,8,-1,Early,Returned,4
ORD01145,2023-03-05,CUST2846,East,Patna,Electronics,Camera,QuickMart Ltd,Sea,Bangalore WH,2,1694.42,3388.84,7,7,0,On-Time,Returned,4
ORD01146,2022-02-26,CUST1998,South,Kochi,Electronics,Camera,SwiftVendors,Road,Bangalore WH,12,1504.19,18050.28,4,11,7,Delayed,Returned,2
ORD01147,2023-05-01,CUST4073,West,Mumbai,Grocery,Rice,QuickMart Ltd,Road,Delhi WH,19,255.42,4852.98,5,5,0,On-Time,Returned,4
ORD01148,2023-03-23,CUST2903,Central,Raipur,Electronics,Headphones,FastSupply Co,Rail,Hyderabad WH,5,3203.62,16018.1,8,8,0,On-Time,Not Returned,4
ORD01149,2022-05-13,CUST3334,West,Pune,Clothing,Jacket,FastSupply Co,Air,Bangalore WH,12,3006.6,36079.2,4,4,0,On-Time,Not Returned,4
ORD01150,2023-02-05,CUST3499,Central,Nagpur,Electronics,Camera,FastSupply Co,Rail,Mumbai WH,17,3284.25,55832.25,5,5,0,On-Time,Returned,4
ORD01151,2022-10-16,CUST3736,Central,Raipur,Clothing,Jeans,FastSupply Co,Air,Kolkata WH,17,1001.93,17032.81,6,6,0,On-Time,Returned,4
ORD01152,2022-08-12,CUST2552,North,Delhi,Clothing,Jacket,MegaSource Inc,Rail,Mumbai WH,10,1513.49,15134.9,7,7,0,On-Time,Not Returned,4
ORD01153,2023-12-27,CUST2377,Central,Bhopal,Clothing,Jacket,SwiftVendors,Sea,Delhi WH,17,3117.1,52990.7,4,4,0,On-Time,Not Returned,4
ORD01154,2023-06-23,CUST1117,North,Delhi,Electronics,Mobile,FastSupply Co,Sea,Delhi WH,15,3018.16,45272.4,6,6,0,On-Time,Not Returned,4
ORD01155,2024-01-01,CUST3024,East,Bhubaneswar,Clothing,Shoes,QuickMart Ltd,Rail,Delhi WH,12,2556.34,30676.08,5,5,0,On-Time,Not Returned,5
ORD01156,2022-12-29,CUST4485,Central,Raipur,Sports,Football,SwiftVendors,Sea,Kolkata WH,16,1784.55,28552.8,4,2,-2,Early,Not Returned,4
ORD01157,2022-01-11,CUST2331,East,Patna,Sports,Dumbbells,ReliableGoods,Air,Kolkata WH,19,4569.01,86811.19,8,8,0,On-Time,Not Returned,5
ORD01158,2022-01-16,CUST1744,Central,Raipur,Clothing,Jeans,MegaSource Inc,Air,Bangalore WH,8,1731.86,13854.88,4,4,0,On-Time,Not Returned,5
ORD01159,2023-08-10,CUST2997,North,Chandigarh,Clothing,Jacket,FastSupply Co,Air,Delhi WH,17,2305.31,39190.27,6,6,0,On-Time,Not Returned,5
ORD01160,2022-11-30,CUST1868,West,Ahmedabad,Sports,Dumbbells,SwiftVendors,Road,Delhi WH,5,3406.66,17033.3,4,4,0,On-Time,Not Returned,4
ORD01161,2022-08-22,CUST2453,Central,Nagpur,Electronics,Mobile,FastSupply Co,Rail,Hyderabad WH,16,2737.96,43807.36,8,10,2,Delayed,Not Returned,3
ORD01162,2023-04-20,CUST4267,South,Bangalore,Grocery,Pulses,FastSupply Co,Road,Kolkata WH,6,1767.09,10602.54,7,7,0,On-Time,Not Returned,5
ORD01163,2022-06-27,CUST2058,West,Mumbai,Grocery,Sugar,QuickMart Ltd,Rail,Delhi WH,8,2206.44,17651.52,7,9,2,Delayed,Not Returned,4
ORD01164,2022-07-24,CUST2394,North,Lucknow,Furniture,Sofa,QuickMart Ltd,Rail,Delhi WH,18,3982.68,71688.24,6,6,0,On-Time,Not Returned,4
ORD01165,2022-10-05,CUST2145,South,Hyderabad,Clothing,Saree,FastSupply Co,Rail,Mumbai WH,12,1426.74,17120.88,5,5,0,On-Time,Not Returned,4
ORD01166,2023-03-10,CUST4605,East,Guwahati,Clothing,Saree,QuickMart Ltd,Rail,Bangalore WH,15,754.16,11312.4,6,6,0,On-Time,Not Returned,5
ORD01167,2022-04-03,CUST3441,North,Delhi,Clothing,T-Shirt,FastSupply Co,Road,Bangalore WH,9,1600.16,14401.44,7,7,0,On-Time,Not Returned,4
ORD01168,2023-04-01,CUST3872,West,Pune,Grocery,Rice,FastSupply Co,Sea,Delhi WH,13,4255.19,55317.47,3,3,0,On-Time,Returned,4
ORD01169,2023-03-12,CUST4604,East,Kolkata,Clothing,Jacket,FastSupply Co,Sea,Delhi WH,15,490.5,7357.5,3,3,0,On-Time,Not Returned,5
ORD01170,2023-11-06,CUST2131,East,Guwahati,Sports,Cycle,ReliableGoods,Sea,Mumbai WH,10,4958.9,49589.0,4,4,0,On-Time,Not Returned,5
ORD01171,2022-05-31,CUST3276,North,Delhi,Clothing,Shoes,QuickMart Ltd,Road,Kolkata WH,16,2727.96,43647.36,8,8,0,On-Time,Not Returned,4
ORD01172,2022-08-17,CUST1041,West,Mumbai,Furniture,Table,QuickMart Ltd,Road,Delhi WH,7,4924.99,34474.93,9,7,-2,Early,Returned,4
ORD01173,2023-11-21,CUST3116,North,Jaipur,Furniture,Wardrobe,FastSupply Co,Rail,Kolkata WH,17,4698.03,79866.51,9,9,0,On-Time,Not Returned,5
ORD01174,2022-04-24,CUST4883,South,Chennai,Sports,Cycle,FastSupply Co,Rail,Bangalore WH,7,2291.43,16040.01,9,9,0,On-Time,Returned,4
ORD01175,2022-07-30,CUST1782,South,Chennai,Grocery,Oil,ReliableGoods,Road,Bangalore WH,14,1032.53,14455.42,4,4,0,On-Time,Not Returned,4
ORD01176,2022-07-22,CUST1350,Central,Indore,Clothing,Jeans,MegaSource Inc,Road,Hyderabad WH,15,866.18,12992.7,3,3,0,On-Time,Not Returned,4
ORD01177,2023-02-25,CUST1988,East,Guwahati,Furniture,Bed,SwiftVendors,Road,Kolkata WH,7,1237.95,8665.65,7,7,0,On-Time,Returned,5
ORD01178,2022-04-28,CUST3949,Central,Nagpur,Grocery,Rice,QuickMart Ltd,Rail,Delhi WH,9,3565.16,32086.44,4,7,3,Delayed,Returned,3
ORD01179,2022-01-13,CUST2664,West,Surat,Electronics,Mobile,ReliableGoods,Sea,Delhi WH,19,1401.1,26620.9,9,8,-1,Early,Not Returned,4
ORD01180,2023-10-21,CUST3001,South,Hyderabad,Furniture,Chair,QuickMart Ltd,Road,Mumbai WH,16,1740.06,27840.96,9,9,0,On-Time,Not Returned,5
ORD01181,2023-09-25,CUST3274,Central,Raipur,Grocery,Flour,ReliableGoods,Road,Hyderabad WH,8,2271.46,18171.68,6,6,0,On-Time,Not Returned,4
ORD01182,2022-09-23,CUST4105,South,Hyderabad,Grocery,Sugar,SwiftVendors,Air,Delhi WH,18,4570.5,82269.0,9,9,0,On-Time,Not Returned,5
ORD01183,2022-10-17,CUST1984,South,Bangalore,Clothing,Shoes,QuickMart Ltd,Rail,Delhi WH,18,987.5,17775.0,8,9,1,Delayed,Not Returned,4
ORD01184,2023-12-31,CUST3828,South,Chennai,Grocery,Flour,ReliableGoods,Sea,Bangalore WH,7,74.88,524.16,9,9,0,On-Time,Not Returned,4
ORD01185,2022-04-06,CUST2950,North,Jaipur,Grocery,Rice,MegaSource Inc,Road,Bangalore WH,3,347.48,1042.44,6,6,0,On-Time,Not Returned,4
ORD01186,2023-03-22,CUST3645,Central,Nagpur,Grocery,Oil,SwiftVendors,Rail,Bangalore WH,18,4528.59,81514.62,9,9,0,On-Time,Not Returned,4
ORD01187,2022-11-03,CUST3915,East,Kolkata,Sports,Cricket Bat,FastSupply Co,Air,Kolkata WH,10,3255.21,32552.1,8,9,1,Delayed,Not Returned,3
ORD01188,2022-05-21,CUST3010,Central,Indore,Sports,Cycle,ReliableGoods,Rail,Mumbai WH,7,1401.55,9810.85,7,7,0,On-Time,Not Returned,5
ORD01189,2022-07-24,CUST2835,East,Kolkata,Grocery,Rice,QuickMart Ltd,Road,Bangalore WH,17,927.1,15760.7,4,4,0,On-Time,Not Returned,5
ORD01190,2022-04-12,CUST4247,Central,Indore,Clothing,Jeans,SwiftVendors,Rail,Hyderabad WH,14,1506.62,21092.68,8,9,1,Delayed,Not Returned,3
ORD01191,2023-02-03,CUST1070,Central,Raipur,Grocery,Rice,FastSupply Co,Sea,Hyderabad WH,3,618.24,1854.72,6,6,0,On-Time,Not Returned,5
ORD01192,2022-12-24,CUST1381,South,Kochi,Electronics,Mobile,FastSupply Co,Road,Kolkata WH,12,4710.59,56527.08,4,7,3,Delayed,Returned,2
ORD01193,2022-10-10,CUST2205,East,Guwahati,Grocery,Pulses,QuickMart Ltd,Rail,Hyderabad WH,13,3931.82,51113.66,4,4,0,On-Time,Not Returned,4
ORD01194,2022-10-22,CUST1907,East,Bhubaneswar,Grocery,Pulses,QuickMart Ltd,Sea,Hyderabad WH,2,2338.84,4677.68,6,8,2,Delayed,Not Returned,4
ORD01195,2022-04-30,CUST2656,East,Bhubaneswar,Electronics,Tablet,MegaSource Inc,Road,Hyderabad WH,3,4331.56,12994.68,3,4,1,Delayed,Not Returned,3
ORD01196,2022-07-21,CUST3833,Central,Nagpur,Furniture,Bed,QuickMart Ltd,Road,Bangalore WH,5,1284.82,6424.1,9,9,0,On-Time,Not Returned,4
ORD01197,2023-04-16,CUST1996,East,Patna,Sports,Yoga Mat,SwiftVendors,Sea,Mumbai WH,11,3599.75,39597.25,8,9,1,Delayed,Not Returned,3
ORD01198,2022-07-02,CUST2254,Central,Raipur,Sports,Football,SwiftVendors,Road,Bangalore WH,8,4287.86,34302.88,6,6,0,On-Time,Not Returned,4
ORD01199,2023-04-21,CUST3719,North,Jaipur,Clothing,Jacket,QuickMart Ltd,Road,Kolkata WH,12,1816.01,21792.12,7,14,7,Delayed,Not Returned,1
ORD01200,2023-04-27,CUST3382,South,Bangalore,Sports,Dumbbells,FastSupply Co,Rail,Mumbai WH,7,3799.45,26596.15,5,5,0,On-Time,Not Returned,4
ORD01201,2023-11-06,CUST2511,West,Ahmedabad,Clothing,Jeans,FastSupply Co,Rail,Delhi WH,15,1510.61,22659.15,6,7,1,Delayed,Not Returned,4
ORD01202,2023-02-02,CUST2938,North,Lucknow,Furniture,Sofa,QuickMart Ltd,Air,Mumbai WH,17,1529.34,25998.78,9,9,0,On-Time,Not Returned,4
ORD01203,2023-06-20,CUST3267,East,Guwahati,Grocery,Rice,QuickMart Ltd,Road,Bangalore WH,4,579.93,2319.72,9,8,-1,Early,Not Returned,5
ORD01204,2023-01-06,CUST3174,South,Kochi,Grocery,Sugar,MegaSource Inc,Air,Hyderabad WH,13,2228.29,28967.77,4,4,0,On-Time,Not Returned,5
ORD01205,2023-05-04,CUST2408,South,Chennai,Furniture,Sofa,QuickMart Ltd,Sea,Kolkata WH,18,3662.07,65917.26,4,3,-1,Early,Not Returned,4
ORD01206,2023-03-07,CUST2742,South,Chennai,Grocery,Pulses,QuickMart Ltd,Rail,Hyderabad WH,1,4704.09,4704.09,6,11,5,Delayed,Returned,2
ORD01207,2022-02-02,CUST4055,South,Kochi,Furniture,Wardrobe,ReliableGoods,Rail,Bangalore WH,16,3038.8,48620.8,5,5,0,On-Time,Not Returned,4
ORD01208,2023-03-09,CUST3254,East,Kolkata,Grocery,Pulses,SwiftVendors,Air,Mumbai WH,13,4322.52,56192.76,6,9,3,Delayed,Returned,3
ORD01209,2023-12-11,CUST2354,South,Hyderabad,Sports,Cricket Bat,MegaSource Inc,Sea,Hyderabad WH,10,4121.35,41213.5,5,3,-2,Early,Not Returned,5
ORD01210,2022-08-02,CUST2441,West,Surat,Sports,Cricket Bat,SwiftVendors,Rail,Bangalore WH,12,908.05,10896.6,5,5,0,On-Time,Not Returned,4
ORD01211,2022-09-15,CUST3878,West,Surat,Grocery,Rice,ReliableGoods,Sea,Delhi WH,2,2454.8,4909.6,9,9,0,On-Time,Not Returned,4
ORD01212,2023-09-11,CUST2858,South,Bangalore,Electronics,Headphones,SwiftVendors,Rail,Kolkata WH,3,628.77,1886.31,9,9,0,On-Time,Not Returned,5
ORD01213,2022-10-27,CUST2109,Central,Raipur,Furniture,Bed,MegaSource Inc,Air,Kolkata WH,10,3426.66,34266.6,9,9,0,On-Time,Not Returned,5
ORD01214,2022-07-04,CUST2255,East,Patna,Clothing,Jacket,QuickMart Ltd,Rail,Bangalore WH,2,4752.0,9504.0,7,7,0,On-Time,Not Returned,5
ORD01215,2023-10-01,CUST2029,West,Pune,Grocery,Flour,ReliableGoods,Sea,Hyderabad WH,13,728.59,9471.67,9,9,0,On-Time,Not Returned,5
ORD01216,2022-02-16,CUST1944,West,Mumbai,Clothing,Jacket,MegaSource Inc,Rail,Delhi WH,13,3682.72,47875.36,8,8,0,On-Time,Not Returned,5
ORD01217,2022-10-12,CUST1494,West,Surat,Clothing,Saree,MegaSource Inc,Rail,Kolkata WH,18,3179.58,57232.44,4,4,0,On-Time,Returned,5
ORD01218,2023-03-15,CUST3954,North,Delhi,Clothing,Jacket,QuickMart Ltd,Road,Kolkata WH,3,2938.84,8816.52,4,4,0,On-Time,Not Returned,4
ORD01219,2022-03-13,CUST1788,North,Lucknow,Electronics,Mobile,SwiftVendors,Air,Delhi WH,7,1981.1,13867.7,5,10,5,Delayed,Not Returned,3
ORD01220,2023-04-30,CUST2292,West,Mumbai,Electronics,Mobile,FastSupply Co,Road,Delhi WH,14,1807.9,25310.6,4,6,2,Delayed,Not Returned,3
ORD01221,2022-12-02,CUST1489,Central,Raipur,Sports,Dumbbells,MegaSource Inc,Rail,Hyderabad WH,17,273.98,4657.66,3,3,0,On-Time,Not Returned,4
ORD01222,2022-12-15,CUST4042,East,Guwahati,Furniture,Wardrobe,MegaSource Inc,Air,Bangalore WH,12,1128.65,13543.8,5,6,1,Delayed,Not Returned,3
ORD01223,2022-04-13,CUST3194,East,Guwahati,Grocery,Rice,QuickMart Ltd,Air,Kolkata WH,16,125.13,2002.08,4,5,1,Delayed,Not Returned,3
ORD01224,2023-06-08,CUST4894,West,Surat,Grocery,Oil,FastSupply Co,Air,Delhi WH,12,2928.01,35136.12,3,2,-1,Early,Not Returned,4
ORD01225,2023-07-18,CUST4121,West,Pune,Grocery,Rice,FastSupply Co,Sea,Bangalore WH,15,573.97,8609.55,7,7,0,On-Time,Returned,5
ORD01226,2023-03-28,CUST3826,East,Bhubaneswar,Grocery,Pulses,FastSupply Co,Sea,Delhi WH,10,4371.45,43714.5,4,4,0,On-Time,Not Returned,4
ORD01227,2022-01-21,CUST1758,Central,Nagpur,Furniture,Wardrobe,ReliableGoods,Road,Kolkata WH,7,2639.56,18476.92,3,10,7,Delayed,Returned,2
ORD01228,2022-03-30,CUST1784,North,Jaipur,Grocery,Sugar,MegaSource Inc,Air,Kolkata WH,5,3513.47,17567.35,6,13,7,Delayed,Returned,2
ORD01229,2023-05-22,CUST1886,North,Jaipur,Grocery,Flour,FastSupply Co,Road,Kolkata WH,1,2083.74,2083.74,8,10,2,Delayed,Returned,3
ORD01230,2023-09-27,CUST4025,West,Mumbai,Furniture,Bed,SwiftVendors,Rail,Bangalore WH,17,2824.87,48022.79,6,8,2,Delayed,Not Returned,3
ORD01231,2023-09-23,CUST2983,East,Patna,Sports,Yoga Mat,ReliableGoods,Road,Delhi WH,3,4716.16,14148.48,3,3,0,On-Time,Returned,5
ORD01232,2023-08-02,CUST2132,North,Chandigarh,Electronics,Tablet,FastSupply Co,Rail,Delhi WH,13,459.53,5973.89,5,5,0,On-Time,Not Returned,4
ORD01233,2022-07-13,CUST3967,Central,Indore,Grocery,Oil,ReliableGoods,Air,Bangalore WH,14,1306.99,18297.86,9,9,0,On-Time,Not Returned,4
ORD01234,2022-06-26,CUST3414,West,Surat,Electronics,Camera,FastSupply Co,Air,Hyderabad WH,18,3910.94,70396.92,9,9,0,On-Time,Not Returned,4
ORD01235,2022-11-03,CUST5000,South,Hyderabad,Electronics,Camera,FastSupply Co,Rail,Delhi WH,4,538.75,2155.0,9,12,3,Delayed,Not Returned,1
ORD01236,2023-12-16,CUST4113,West,Pune,Grocery,Sugar,MegaSource Inc,Road,Mumbai WH,18,424.52,7641.36,5,5,0,On-Time,Not Returned,5
ORD01237,2022-07-07,CUST3148,South,Bangalore,Sports,Cricket Bat,SwiftVendors,Sea,Kolkata WH,5,1839.63,9198.15,4,4,0,On-Time,Not Returned,5
ORD01238,2022-02-12,CUST3444,West,Mumbai,Clothing,Jeans,MegaSource Inc,Rail,Mumbai WH,16,506.23,8099.68,9,16,7,Delayed,Not Returned,1
ORD01239,2022-06-22,CUST2159,East,Guwahati,Clothing,Saree,SwiftVendors,Air,Kolkata WH,1,2946.14,2946.14,6,6,0,On-Time,Not Returned,5
ORD01240,2022-10-21,CUST1411,East,Kolkata,Grocery,Flour,FastSupply Co,Rail,Bangalore WH,14,1170.06,16380.84,5,4,-1,Early,Not Returned,4
ORD01241,2023-07-28,CUST4410,East,Guwahati,Furniture,Sofa,SwiftVendors,Rail,Hyderabad WH,15,4483.7,67255.5,5,3,-2,Early,Not Returned,5
ORD01242,2022-08-13,CUST1795,East,Patna,Furniture,Chair,MegaSource Inc,Sea,Mumbai WH,9,3928.33,35354.97,9,9,0,On-Time,Not Returned,5
ORD01243,2023-04-01,CUST2213,Central,Bhopal,Sports,Dumbbells,MegaSource Inc,Air,Delhi WH,15,3513.54,52703.1,6,6,0,On-Time,Not Returned,5
ORD01244,2022-11-12,CUST1931,Central,Indore,Grocery,Pulses,ReliableGoods,Rail,Hyderabad WH,17,3103.87,52765.79,7,7,0,On-Time,Not Returned,5
ORD01245,2022-10-01,CUST2478,South,Bangalore,Furniture,Wardrobe,MegaSource Inc,Rail,Delhi WH,4,4324.16,17296.64,5,5,0,On-Time,Not Returned,5
ORD01246,2022-10-01,CUST1734,Central,Raipur,Electronics,Camera,ReliableGoods,Road,Mumbai WH,12,1154.16,13849.92,9,9,0,On-Time,Not Returned,5
ORD01247,2022-03-21,CUST2238,West,Surat,Grocery,Pulses,MegaSource Inc,Air,Bangalore WH,5,4371.89,21859.45,8,8,0,On-Time,Returned,5
ORD01248,2023-05-24,CUST1057,East,Kolkata,Grocery,Flour,ReliableGoods,Road,Hyderabad WH,5,3957.99,19789.95,3,2,-1,Early,Not Returned,4
ORD01249,2022-06-22,CUST3900,North,Delhi,Clothing,Saree,MegaSource Inc,Road,Delhi WH,11,3753.4,41287.4,4,4,0,On-Time,Returned,5
ORD01250,2022-08-13,CUST3187,North,Jaipur,Clothing,Saree,ReliableGoods,Rail,Delhi WH,6,2828.22,16969.32,5,7,2,Delayed,Not Returned,3
ORD01251,2022-10-03,CUST1518,North,Lucknow,Grocery,Flour,MegaSource Inc,Road,Hyderabad WH,7,1268.91,8882.37,8,8,0,On-Time,Not Returned,4
ORD01252,2022-12-20,CUST2123,West,Surat,Electronics,Headphones,SwiftVendors,Sea,Bangalore WH,14,2146.56,30051.84,8,8,0,On-Time,Not Returned,5
ORD01253,2023-03-15,CUST1186,North,Delhi,Furniture,Table,QuickMart Ltd,Sea,Mumbai WH,11,3978.17,43759.87,5,10,5,Delayed,Returned,3
ORD01254,2022-12-10,CUST4990,North,Delhi,Electronics,Mobile,QuickMart Ltd,Air,Mumbai WH,13,207.3,2694.9,7,7,0,On-Time,Not Returned,5
ORD01255,2022-07-21,CUST1223,South,Bangalore,Clothing,T-Shirt,SwiftVendors,Road,Bangalore WH,2,3921.15,7842.3,3,3,0,On-Time,Not Returned,4
ORD01256,2023-05-29,CUST3266,West,Pune,Furniture,Table,QuickMart Ltd,Sea,Kolkata WH,7,1238.35,8668.45,4,5,1,Delayed,Not Returned,4
ORD01257,2023-02-03,CUST2196,West,Mumbai,Sports,Cycle,FastSupply Co,Sea,Delhi WH,4,764.33,3057.32,5,7,2,Delayed,Not Returned,4
ORD01258,2023-08-10,CUST3856,North,Chandigarh,Grocery,Pulses,MegaSource Inc,Rail,Mumbai WH,8,622.72,4981.76,4,5,1,Delayed,Not Returned,3
ORD01259,2022-09-19,CUST4866,West,Pune,Clothing,Saree,ReliableGoods,Air,Delhi WH,19,184.89,3512.91,6,6,0,On-Time,Not Returned,5
ORD01260,2023-04-05,CUST1517,South,Kochi,Furniture,Wardrobe,ReliableGoods,Air,Hyderabad WH,13,2641.75,34342.75,8,8,0,On-Time,Not Returned,4
ORD01261,2023-08-07,CUST3612,South,Hyderabad,Clothing,Shoes,ReliableGoods,Rail,Bangalore WH,14,1130.39,15825.46,8,7,-1,Early,Not Returned,5
ORD01262,2022-01-12,CUST4557,East,Guwahati,Sports,Yoga Mat,MegaSource Inc,Road,Bangalore WH,10,4947.69,49476.9,5,12,7,Delayed,Returned,1
ORD01263,2022-06-19,CUST4083,South,Kochi,Sports,Cricket Bat,ReliableGoods,Air,Hyderabad WH,11,2893.46,31828.06,5,5,0,On-Time,Not Returned,4
ORD01264,2023-01-03,CUST3010,East,Bhubaneswar,Clothing,Saree,ReliableGoods,Rail,Kolkata WH,2,732.53,1465.06,6,9,3,Delayed,Not Returned,2
ORD01265,2022-10-28,CUST1420,North,Chandigarh,Electronics,Headphones,ReliableGoods,Air,Delhi WH,9,3459.37,31134.33,7,7,0,On-Time,Not Returned,5
ORD01266,2023-07-03,CUST4574,East,Patna,Electronics,Mobile,ReliableGoods,Air,Kolkata WH,17,4493.83,76395.11,5,5,0,On-Time,Not Returned,5
ORD01267,2023-01-14,CUST1050,East,Patna,Electronics,Laptop,QuickMart Ltd,Rail,Delhi WH,3,3738.64,11215.92,8,8,0,On-Time,Not Returned,5
ORD01268,2022-08-19,CUST3351,North,Lucknow,Grocery,Sugar,QuickMart Ltd,Road,Kolkata WH,6,428.38,2570.28,4,4,0,On-Time,Not Returned,4
ORD01269,2023-01-23,CUST2164,East,Guwahati,Grocery,Sugar,ReliableGoods,Sea,Delhi WH,5,4484.63,22423.15,3,3,0,On-Time,Not Returned,4
ORD01270,2022-05-21,CUST2922,South,Hyderabad,Sports,Cycle,ReliableGoods,Sea,Kolkata WH,5,3979.95,19899.75,9,9,0,On-Time,Not Returned,5
ORD01271,2023-03-05,CUST2960,North,Delhi,Electronics,Tablet,FastSupply Co,Air,Delhi WH,15,833.6,12504.0,4,4,0,On-Time,Not Returned,5
ORD01272,2023-07-27,CUST2804,West,Mumbai,Sports,Football,QuickMart Ltd,Sea,Hyderabad WH,17,306.34,5207.78,7,9,2,Delayed,Not Returned,4
ORD01273,2023-08-05,CUST2395,East,Guwahati,Clothing,Jeans,MegaSource Inc,Air,Bangalore WH,9,2808.69,25278.21,3,4,1,Delayed,Not Returned,4
ORD01274,2022-02-12,CUST1755,South,Bangalore,Grocery,Sugar,ReliableGoods,Road,Delhi WH,3,822.38,2467.14,4,5,1,Delayed,Not Returned,3
ORD01275,2022-10-15,CUST4954,West,Ahmedabad,Clothing,Saree,QuickMart Ltd,Sea,Mumbai WH,17,4181.23,71080.91,4,9,5,Delayed,Not Returned,1
ORD01276,2023-12-06,CUST1210,North,Delhi,Grocery,Pulses,ReliableGoods,Air,Kolkata WH,10,1823.76,18237.6,6,6,0,On-Time,Not Returned,5
ORD01277,2023-04-24,CUST2034,North,Lucknow,Furniture,Chair,MegaSource Inc,Rail,Kolkata WH,3,4568.82,13706.46,9,9,0,On-Time,Returned,5
ORD01278,2022-06-27,CUST4854,North,Delhi,Furniture,Table,FastSupply Co,Rail,Mumbai WH,18,2850.16,51302.88,7,9,2,Delayed,Not Returned,3
ORD01279,2022-07-22,CUST4529,South,Chennai,Sports,Yoga Mat,ReliableGoods,Road,Bangalore WH,18,954.23,17176.14,8,8,0,On-Time,Not Returned,5
ORD01280,2023-06-13,CUST2956,West,Ahmedabad,Sports,Football,QuickMart Ltd,Road,Bangalore WH,17,741.01,12597.17,6,6,0,On-Time,Not Returned,5
ORD01281,2023-03-21,CUST1467,North,Delhi,Grocery,Rice,QuickMart Ltd,Rail,Hyderabad WH,3,2903.54,8710.62,3,3,0,On-Time,Not Returned,4
ORD01282,2023-12-25,CUST4367,South,Hyderabad,Sports,Football,SwiftVendors,Sea,Hyderabad WH,3,3821.32,11463.96,9,14,5,Delayed,Returned,1
ORD01283,2022-09-30,CUST1267,Central,Bhopal,Furniture,Wardrobe,QuickMart Ltd,Road,Mumbai WH,6,3918.45,23510.7,8,8,0,On-Time,Not Returned,5
ORD01284,2022-03-06,CUST2641,South,Bangalore,Grocery,Pulses,QuickMart Ltd,Road,Hyderabad WH,13,1415.0,18395.0,6,11,5,Delayed,Not Returned,3
ORD01285,2023-10-31,CUST3014,Central,Indore,Electronics,Mobile,FastSupply Co,Rail,Bangalore WH,15,1061.02,15915.3,9,9,0,On-Time,Not Returned,4
ORD01286,2022-01-13,CUST1303,West,Surat,Electronics,Laptop,FastSupply Co,Sea,Mumbai WH,9,132.94,1196.46,7,8,1,Delayed,Not Returned,4
ORD01287,2022-01-04,CUST3363,North,Lucknow,Sports,Dumbbells,ReliableGoods,Sea,Delhi WH,4,3412.04,13648.16,5,8,3,Delayed,Not Returned,3
ORD01288,2023-09-02,CUST3578,North,Jaipur,Furniture,Chair,ReliableGoods,Air,Delhi WH,14,429.01,6006.14,5,6,1,Delayed,Not Returned,3
ORD01289,2022-12-14,CUST3811,East,Guwahati,Clothing,Shoes,QuickMart Ltd,Rail,Mumbai WH,5,2132.77,10663.85,3,3,0,On-Time,Not Returned,4
ORD01290,2022-08-21,CUST1219,North,Jaipur,Furniture,Wardrobe,MegaSource Inc,Sea,Delhi WH,2,3028.33,6056.66,5,5,0,On-Time,Not Returned,5
ORD01291,2023-05-28,CUST1621,West,Surat,Clothing,Jeans,MegaSource Inc,Sea,Hyderabad WH,11,4688.69,51575.59,6,9,3,Delayed,Returned,1
ORD01292,2022-12-12,CUST1611,South,Bangalore,Grocery,Rice,QuickMart Ltd,Sea,Mumbai WH,9,1593.42,14340.78,3,3,0,On-Time,Not Returned,4
ORD01293,2023-10-03,CUST4322,West,Pune,Furniture,Bed,FastSupply Co,Rail,Mumbai WH,3,1286.37,3859.11,8,8,0,On-Time,Not Returned,5
ORD01294,2022-11-17,CUST3305,North,Jaipur,Electronics,Laptop,ReliableGoods,Rail,Bangalore WH,9,3288.09,29592.81,7,7,0,On-Time,Not Returned,4
ORD01295,2023-05-09,CUST4887,South,Bangalore,Clothing,Saree,ReliableGoods,Road,Hyderabad WH,3,3115.23,9345.69,3,8,5,Delayed,Returned,2
ORD01296,2022-10-02,CUST2244,West,Pune,Grocery,Oil,QuickMart Ltd,Road,Hyderabad WH,2,1693.94,3387.88,8,8,0,On-Time,Not Returned,5
ORD01297,2022-06-28,CUST1348,North,Jaipur,Electronics,Headphones,MegaSource Inc,Sea,Delhi WH,12,4644.1,55729.2,3,4,1,Delayed,Not Returned,3
ORD01298,2022-04-04,CUST2016,North,Lucknow,Electronics,Camera,SwiftVendors,Rail,Delhi WH,10,4232.07,42320.7,4,4,0,On-Time,Not Returned,5
ORD01299,2023-02-05,CUST1485,North,Jaipur,Electronics,Tablet,MegaSource Inc,Rail,Mumbai WH,9,1158.71,10428.39,4,4,0,On-Time,Not Returned,5
ORD01300,2022-10-13,CUST3285,East,Bhubaneswar,Grocery,Flour,QuickMart Ltd,Rail,Mumbai WH,15,1233.76,18506.4,3,4,1,Delayed,Not Returned,4
ORD01301,2022-08-29,CUST4131,East,Patna,Sports,Dumbbells,QuickMart Ltd,Rail,Delhi WH,8,2585.89,20687.12,9,9,0,On-Time,Not Returned,5
ORD01302,2022-11-25,CUST2704,East,Bhubaneswar,Grocery,Oil,ReliableGoods,Sea,Delhi WH,5,3879.18,19395.9,5,5,0,On-Time,Not Returned,5
ORD01303,2023-08-28,CUST3483,South,Bangalore,Furniture,Bed,SwiftVendors,Rail,Mumbai WH,11,268.0,2948.0,4,6,2,Delayed,Not Returned,4
ORD01304,2023-09-10,CUST3441,West,Mumbai,Grocery,Sugar,ReliableGoods,Rail,Delhi WH,2,3482.01,6964.02,9,12,3,Delayed,Not Returned,1
ORD01305,2022-01-17,CUST4238,South,Chennai,Clothing,T-Shirt,ReliableGoods,Rail,Mumbai WH,15,3258.77,48881.55,9,9,0,On-Time,Not Returned,5
ORD01306,2022-02-03,CUST3533,South,Chennai,Clothing,T-Shirt,ReliableGoods,Road,Bangalore WH,6,1195.83,7174.98,7,12,5,Delayed,Returned,1
ORD01307,2023-08-19,CUST1924,North,Chandigarh,Furniture,Bed,QuickMart Ltd,Road,Bangalore WH,8,3422.7,27381.6,8,9,1,Delayed,Not Returned,4
ORD01308,2022-08-14,CUST4177,Central,Indore,Clothing,Jacket,ReliableGoods,Rail,Hyderabad WH,5,4703.91,23519.55,6,11,5,Delayed,Returned,3
ORD01309,2023-05-04,CUST3140,Central,Indore,Clothing,Jacket,FastSupply Co,Air,Mumbai WH,16,281.59,4505.44,4,4,0,On-Time,Not Returned,4
ORD01310,2023-07-01,CUST2558,North,Chandigarh,Clothing,Saree,MegaSource Inc,Air,Bangalore WH,18,1632.28,29381.04,3,3,0,On-Time,Not Returned,4
ORD01311,2022-03-21,CUST2845,Central,Bhopal,Grocery,Rice,FastSupply Co,Sea,Hyderabad WH,6,2218.97,13313.82,5,10,5,Delayed,Returned,3
ORD01312,2022-09-26,CUST4721,South,Bangalore,Clothing,Jeans,FastSupply Co,Rail,Delhi WH,5,4501.34,22506.7,6,11,5,Delayed,Returned,1
ORD01313,2023-11-20,CUST2813,West,Surat,Sports,Yoga Mat,MegaSource Inc,Air,Kolkata WH,16,4813.19,77011.04,8,8,0,On-Time,Not Returned,5
ORD01314,2023-03-14,CUST2217,East,Guwahati,Electronics,Laptop,ReliableGoods,Road,Hyderabad WH,13,2248.37,29228.81,9,9,0,On-Time,Not Returned,4
ORD01315,2022-02-21,CUST4523,South,Kochi,Grocery,Sugar,SwiftVendors,Air,Kolkata WH,5,3762.64,18813.2,8,8,0,On-Time,Not Returned,4
ORD01316,2022-11-09,CUST3410,South,Bangalore,Sports,Cricket Bat,MegaSource Inc,Air,Hyderabad WH,13,2681.72,34862.36,4,4,0,On-Time,Not Returned,5
ORD01317,2023-05-16,CUST2756,West,Surat,Clothing,Jeans,QuickMart Ltd,Air,Kolkata WH,17,2712.03,46104.51,8,8,0,On-Time,Not Returned,4
ORD01318,2023-10-26,CUST2250,Central,Indore,Clothing,T-Shirt,QuickMart Ltd,Road,Kolkata WH,18,1426.59,25678.62,8,8,0,On-Time,Not Returned,4
ORD01319,2023-10-13,CUST3329,West,Surat,Clothing,Saree,SwiftVendors,Rail,Bangalore WH,8,1123.93,8991.44,5,8,3,Delayed,Not Returned,2
ORD01320,2023-02-25,CUST3543,South,Kochi,Electronics,Mobile,ReliableGoods,Rail,Mumbai WH,13,1475.63,19183.19,9,9,0,On-Time,Not Returned,4
ORD01321,2022-04-07,CUST1246,North,Lucknow,Clothing,Shoes,QuickMart Ltd,Road,Mumbai WH,19,2803.82,53272.58,5,6,1,Delayed,Not Returned,4
ORD01322,2022-10-28,CUST3497,North,Chandigarh,Clothing,Saree,ReliableGoods,Road,Hyderabad WH,3,194.32,582.96,5,5,0,On-Time,Not Returned,4
ORD01323,2022-08-16,CUST4932,South,Bangalore,Furniture,Sofa,ReliableGoods,Air,Mumbai WH,8,4540.88,36327.04,3,3,0,On-Time,Not Returned,5
ORD01324,2023-04-12,CUST4031,North,Jaipur,Grocery,Flour,FastSupply Co,Road,Hyderabad WH,2,823.6,1647.2,8,8,0,On-Time,Not Returned,4
ORD01325,2023-06-02,CUST1406,Central,Bhopal,Grocery,Pulses,MegaSource Inc,Road,Bangalore WH,8,1139.44,9115.52,8,8,0,On-Time,Not Returned,5
ORD01326,2023-06-20,CUST4881,West,Surat,Sports,Cricket Bat,QuickMart Ltd,Air,Bangalore WH,13,2615.47,34001.11,8,10,2,Delayed,Returned,4
ORD01327,2022-09-26,CUST4124,East,Bhubaneswar,Electronics,Headphones,MegaSource Inc,Rail,Hyderabad WH,13,3565.07,46345.91,7,12,5,Delayed,Not Returned,1
ORD01328,2022-10-10,CUST1851,West,Ahmedabad,Clothing,T-Shirt,MegaSource Inc,Rail,Hyderabad WH,1,523.86,523.86,5,5,0,On-Time,Not Returned,5
ORD01329,2022-08-06,CUST3562,East,Guwahati,Electronics,Tablet,SwiftVendors,Air,Mumbai WH,6,1622.59,9735.54,6,6,0,On-Time,Not Returned,4
ORD01330,2023-04-14,CUST1864,South,Hyderabad,Furniture,Chair,ReliableGoods,Road,Kolkata WH,19,4844.94,92053.86,4,4,0,On-Time,Not Returned,5
ORD01331,2022-02-22,CUST2083,South,Chennai,Electronics,Camera,SwiftVendors,Air,Bangalore WH,16,1348.6,21577.6,9,14,5,Delayed,Returned,3
ORD01332,2023-02-10,CUST3705,East,Kolkata,Grocery,Sugar,FastSupply Co,Rail,Bangalore WH,8,1599.6,12796.8,6,8,2,Delayed,Not Returned,4
ORD01333,2023-01-20,CUST1332,North,Jaipur,Electronics,Mobile,SwiftVendors,Rail,Delhi WH,1,4190.67,4190.67,9,9,0,On-Time,Not Returned,5
ORD01334,2022-03-26,CUST1643,South,Hyderabad,Furniture,Wardrobe,QuickMart Ltd,Sea,Mumbai WH,16,298.56,4776.96,3,4,1,Delayed,Returned,4
ORD01335,2023-07-10,CUST1982,Central,Bhopal,Electronics,Laptop,SwiftVendors,Air,Mumbai WH,9,2349.84,21148.56,3,6,3,Delayed,Returned,2
ORD01336,2023-04-08,CUST1711,Central,Indore,Furniture,Chair,MegaSource Inc,Road,Kolkata WH,13,1929.1,25078.3,9,9,0,On-Time,Not Returned,4
ORD01337,2023-10-30,CUST3260,Central,Bhopal,Electronics,Mobile,MegaSource Inc,Sea,Delhi WH,11,1617.1,17788.1,8,8,0,On-Time,Not Returned,5
ORD01338,2022-12-26,CUST1307,Central,Nagpur,Sports,Football,MegaSource Inc,Road,Hyderabad WH,13,1464.21,19034.73,6,11,5,Delayed,Returned,1
ORD01339,2023-03-02,CUST1641,East,Patna,Clothing,Shoes,QuickMart Ltd,Air,Hyderabad WH,10,502.3,5023.0,8,10,2,Delayed,Not Returned,4
ORD01340,2022-09-20,CUST1010,North,Jaipur,Grocery,Flour,MegaSource Inc,Rail,Kolkata WH,4,1608.39,6433.56,7,7,0,On-Time,Not Returned,5
ORD01341,2023-03-01,CUST2673,East,Kolkata,Grocery,Oil,SwiftVendors,Rail,Kolkata WH,6,263.11,1578.66,3,3,0,On-Time,Not Returned,4
ORD01342,2023-04-24,CUST2845,South,Chennai,Electronics,Mobile,ReliableGoods,Rail,Hyderabad WH,7,3915.77,27410.39,3,3,0,On-Time,Not Returned,4
ORD01343,2022-05-15,CUST3823,Central,Nagpur,Electronics,Headphones,FastSupply Co,Sea,Kolkata WH,5,2021.23,10106.15,6,6,0,On-Time,Not Returned,5
ORD01344,2023-11-27,CUST3432,Central,Indore,Electronics,Tablet,FastSupply Co,Sea,Delhi WH,11,2247.32,24720.52,3,4,1,Delayed,Not Returned,3
ORD01345,2023-02-02,CUST2924,Central,Bhopal,Furniture,Table,ReliableGoods,Sea,Bangalore WH,13,4473.29,58152.77,7,7,0,On-Time,Not Returned,5
ORD01346,2022-08-28,CUST2192,South,Hyderabad,Electronics,Tablet,MegaSource Inc,Road,Hyderabad WH,19,3307.37,62840.03,7,9,2,Delayed,Not Returned,4
ORD01347,2023-02-18,CUST1133,West,Mumbai,Sports,Football,ReliableGoods,Sea,Bangalore WH,10,89.89,898.9,7,10,3,Delayed,Not Returned,1
ORD01348,2023-07-21,CUST1948,East,Patna,Electronics,Tablet,QuickMart Ltd,Road,Kolkata WH,10,4718.72,47187.2,4,4,0,On-Time,Not Returned,4
ORD01349,2022-03-10,CUST2180,North,Delhi,Electronics,Headphones,QuickMart Ltd,Sea,Kolkata WH,11,1223.87,13462.57,7,7,0,On-Time,Not Returned,4
ORD01350,2023-01-12,CUST3895,South,Kochi,Clothing,Jeans,MegaSource Inc,Sea,Bangalore WH,7,582.69,4078.83,7,7,0,On-Time,Not Returned,4
ORD01351,2023-11-06,CUST2158,West,Surat,Sports,Football,QuickMart Ltd,Sea,Kolkata WH,18,3852.23,69340.14,4,5,1,Delayed,Not Returned,3
ORD01352,2022-11-01,CUST3879,West,Surat,Electronics,Laptop,MegaSource Inc,Rail,Bangalore WH,4,2527.36,10109.44,8,8,0,On-Time,Not Returned,5
ORD01353,2023-12-12,CUST4520,North,Lucknow,Grocery,Pulses,ReliableGoods,Sea,Mumbai WH,2,2197.16,4394.32,5,6,1,Delayed,Not Returned,4
ORD01354,2022-03-31,CUST2859,South,Kochi,Sports,Football,MegaSource Inc,Road,Hyderabad WH,14,1285.04,17990.56,3,8,5,Delayed,Returned,2
ORD01355,2023-06-16,CUST1291,West,Ahmedabad,Sports,Cricket Bat,SwiftVendors,Air,Kolkata WH,13,2759.98,35879.74,7,7,0,On-Time,Not Returned,4
ORD01356,2023-01-17,CUST3815,Central,Raipur,Furniture,Bed,MegaSource Inc,Road,Delhi WH,12,1408.2,16898.4,3,8,5,Delayed,Returned,1
ORD01357,2023-06-14,CUST1956,North,Lucknow,Grocery,Rice,SwiftVendors,Rail,Delhi WH,7,4512.84,31589.88,6,4,-2,Early,Not Returned,4
ORD01358,2023-09-16,CUST4784,Central,Nagpur,Grocery,Flour,MegaSource Inc,Road,Bangalore WH,2,1115.26,2230.52,3,3,0,On-Time,Not Returned,5
ORD01359,2023-08-08,CUST2083,North,Delhi,Furniture,Wardrobe,QuickMart Ltd,Rail,Delhi WH,13,4427.56,57558.28,9,9,0,On-Time,Not Returned,4
ORD01360,2022-02-04,CUST4226,East,Patna,Sports,Dumbbells,QuickMart Ltd,Rail,Mumbai WH,14,2819.06,39466.84,8,7,-1,Early,Not Returned,5
ORD01361,2022-03-03,CUST4240,East,Patna,Grocery,Oil,MegaSource Inc,Road,Hyderabad WH,17,4151.02,70567.34,4,3,-1,Early,Not Returned,4
ORD01362,2022-06-02,CUST3560,South,Chennai,Furniture,Table,SwiftVendors,Air,Delhi WH,9,3578.59,32207.31,3,3,0,On-Time,Not Returned,4
ORD01363,2023-04-09,CUST3415,West,Surat,Furniture,Chair,QuickMart Ltd,Road,Kolkata WH,17,3498.64,59476.88,3,3,0,On-Time,Not Returned,5
ORD01364,2023-05-02,CUST3708,Central,Nagpur,Furniture,Bed,SwiftVendors,Road,Delhi WH,8,1655.51,13244.08,3,3,0,On-Time,Not Returned,4
ORD01365,2023-12-14,CUST4292,West,Mumbai,Furniture,Sofa,SwiftVendors,Air,Delhi WH,2,1207.79,2415.58,5,3,-2,Early,Not Returned,4
ORD01366,2022-06-20,CUST4824,East,Patna,Clothing,Shoes,QuickMart Ltd,Road,Mumbai WH,13,1093.89,14220.57,5,5,0,On-Time,Not Returned,5
ORD01367,2023-08-14,CUST1810,Central,Bhopal,Furniture,Bed,QuickMart Ltd,Road,Delhi WH,3,4293.1,12879.3,6,6,0,On-Time,Not Returned,5
ORD01368,2022-04-23,CUST2741,South,Hyderabad,Grocery,Pulses,ReliableGoods,Air,Delhi WH,16,4111.11,65777.76,4,7,3,Delayed,Returned,1
ORD01369,2022-01-12,CUST1470,West,Surat,Grocery,Oil,SwiftVendors,Road,Mumbai WH,6,2230.84,13385.04,3,3,0,On-Time,Not Returned,4
ORD01370,2023-06-14,CUST3230,North,Delhi,Sports,Yoga Mat,ReliableGoods,Road,Bangalore WH,19,705.4,13402.6,3,4,1,Delayed,Not Returned,4
ORD01371,2022-11-12,CUST1920,North,Chandigarh,Electronics,Tablet,FastSupply Co,Road,Mumbai WH,7,1942.15,13595.05,3,3,0,On-Time,Not Returned,4
ORD01372,2022-12-09,CUST3652,Central,Bhopal,Furniture,Wardrobe,MegaSource Inc,Air,Mumbai WH,10,3115.75,31157.5,3,6,3,Delayed,Returned,1
ORD01373,2022-02-11,CUST1610,North,Lucknow,Furniture,Table,SwiftVendors,Rail,Bangalore WH,9,2299.3,20693.7,5,5,0,On-Time,Not Returned,5
ORD01374,2023-12-16,CUST4720,North,Lucknow,Electronics,Headphones,FastSupply Co,Air,Delhi WH,2,3911.94,7823.88,8,9,1,Delayed,Not Returned,4
ORD01375,2023-04-11,CUST2088,East,Bhubaneswar,Electronics,Mobile,ReliableGoods,Air,Hyderabad WH,15,4988.23,74823.45,8,9,1,Delayed,Not Returned,3
ORD01376,2023-10-28,CUST4385,South,Hyderabad,Grocery,Sugar,QuickMart Ltd,Sea,Bangalore WH,5,996.1,4980.5,6,6,0,On-Time,Not Returned,4
ORD01377,2023-07-30,CUST1582,North,Lucknow,Grocery,Flour,SwiftVendors,Air,Hyderabad WH,4,2325.27,9301.08,9,9,0,On-Time,Not Returned,4
ORD01378,2023-01-30,CUST1292,North,Lucknow,Clothing,Jacket,MegaSource Inc,Air,Delhi WH,4,2183.37,8733.48,7,7,0,On-Time,Not Returned,4
ORD01379,2022-01-21,CUST1244,West,Mumbai,Electronics,Tablet,FastSupply Co,Road,Mumbai WH,18,1557.24,28030.32,4,4,0,On-Time,Not Returned,5
ORD01380,2022-10-25,CUST1679,Central,Bhopal,Sports,Dumbbells,SwiftVendors,Sea,Bangalore WH,4,1030.57,4122.28,8,11,3,Delayed,Returned,1
ORD01381,2022-08-30,CUST4246,East,Bhubaneswar,Electronics,Headphones,ReliableGoods,Rail,Kolkata WH,17,375.18,6378.06,9,12,3,Delayed,Not Returned,2
ORD01382,2023-01-08,CUST2259,Central,Nagpur,Sports,Dumbbells,ReliableGoods,Sea,Hyderabad WH,12,4441.24,53294.88,3,3,0,On-Time,Not Returned,5
ORD01383,2023-02-26,CUST3437,West,Surat,Furniture,Bed,SwiftVendors,Road,Hyderabad WH,17,2128.25,36180.25,8,9,1,Delayed,Not Returned,3
ORD01384,2023-03-15,CUST4067,West,Ahmedabad,Clothing,Saree,MegaSource Inc,Road,Mumbai WH,10,2509.63,25096.3,6,7,1,Delayed,Not Returned,3
ORD01385,2022-02-04,CUST4376,West,Pune,Furniture,Chair,FastSupply Co,Sea,Mumbai WH,1,4588.86,4588.86,7,10,3,Delayed,Not Returned,2
ORD01386,2022-12-12,CUST3331,North,Lucknow,Grocery,Oil,ReliableGoods,Rail,Kolkata WH,18,3892.64,70067.52,8,8,0,On-Time,Not Returned,4
ORD01387,2022-02-07,CUST4773,Central,Nagpur,Sports,Cricket Bat,ReliableGoods,Air,Hyderabad WH,18,695.98,12527.64,6,6,0,On-Time,Not Returned,4
ORD01388,2022-08-22,CUST2182,Central,Indore,Grocery,Sugar,QuickMart Ltd,Road,Kolkata WH,14,2848.83,39883.62,5,5,0,On-Time,Not Returned,5
ORD01389,2023-12-24,CUST2798,Central,Nagpur,Sports,Cycle,MegaSource Inc,Sea,Delhi WH,15,2239.15,33587.25,7,7,0,On-Time,Not Returned,5
ORD01390,2022-09-11,CUST1509,South,Chennai,Grocery,Flour,QuickMart Ltd,Sea,Kolkata WH,12,3996.19,47954.28,6,6,0,On-Time,Not Returned,4
ORD01391,2023-03-31,CUST2919,East,Patna,Clothing,Saree,MegaSource Inc,Air,Hyderabad WH,4,3634.95,14539.8,9,9,0,On-Time,Not Returned,5
ORD01392,2022-10-01,CUST3820,North,Delhi,Electronics,Mobile,FastSupply Co,Sea,Hyderabad WH,3,3467.51,10402.53,8,8,0,On-Time,Not Returned,4
ORD01393,2023-03-12,CUST2245,East,Bhubaneswar,Furniture,Bed,ReliableGoods,Road,Hyderabad WH,12,1735.7,20828.4,5,7,2,Delayed,Not Returned,4
ORD01394,2023-08-30,CUST3866,North,Chandigarh,Electronics,Laptop,QuickMart Ltd,Road,Hyderabad WH,7,4034.57,28241.99,9,9,0,On-Time,Not Returned,4
ORD01395,2023-06-06,CUST2648,Central,Indore,Furniture,Table,QuickMart Ltd,Rail,Bangalore WH,11,309.34,3402.74,6,6,0,On-Time,Not Returned,4
ORD01396,2022-09-09,CUST4861,South,Kochi,Electronics,Tablet,FastSupply Co,Sea,Hyderabad WH,1,840.14,840.14,6,6,0,On-Time,Not Returned,5
ORD01397,2022-08-05,CUST2115,South,Kochi,Furniture,Sofa,MegaSource Inc,Sea,Hyderabad WH,6,1711.34,10268.04,9,9,0,On-Time,Not Returned,4
ORD01398,2022-01-28,CUST3049,Central,Nagpur,Grocery,Rice,MegaSource Inc,Rail,Mumbai WH,15,430.2,6453.0,8,8,0,On-Time,Not Returned,4
ORD01399,2023-02-10,CUST3211,East,Guwahati,Clothing,Saree,SwiftVendors,Rail,Delhi WH,15,1213.22,18198.3,7,7,0,On-Time,Not Returned,4
ORD01400,2023-05-10,CUST3022,West,Pune,Sports,Cycle,ReliableGoods,Rail,Hyderabad WH,19,4159.25,79025.75,5,5,0,On-Time,Not Returned,4
ORD01401,2023-10-23,CUST2793,Central,Nagpur,Grocery,Oil,SwiftVendors,Rail,Delhi WH,11,4743.85,52182.35,3,3,0,On-Time,Not Returned,4
ORD01402,2023-03-27,CUST1329,North,Lucknow,Grocery,Flour,QuickMart Ltd,Sea,Mumbai WH,2,1557.78,3115.56,4,4,0,On-Time,Not Returned,4
ORD01403,2023-11-13,CUST3449,East,Kolkata,Sports,Cycle,MegaSource Inc,Road,Hyderabad WH,14,1359.35,19030.9,7,7,0,On-Time,Not Returned,5
ORD01404,2022-08-05,CUST1163,West,Ahmedabad,Electronics,Camera,MegaSource Inc,Sea,Mumbai WH,2,1435.47,2870.94,5,10,5,Delayed,Returned,3
ORD01405,2022-01-23,CUST4643,South,Chennai,Furniture,Bed,ReliableGoods,Road,Mumbai WH,4,1424.71,5698.84,9,9,0,On-Time,Not Returned,5
ORD01406,2023-02-19,CUST2769,North,Delhi,Grocery,Oil,MegaSource Inc,Air,Delhi WH,17,227.85,3873.45,6,6,0,On-Time,Not Returned,4
ORD01407,2023-04-28,CUST4008,South,Bangalore,Grocery,Rice,SwiftVendors,Rail,Kolkata WH,3,4638.24,13914.72,9,9,0,On-Time,Not Returned,4
ORD01408,2023-12-19,CUST2320,North,Jaipur,Electronics,Headphones,SwiftVendors,Road,Kolkata WH,13,1107.81,14401.53,5,5,0,On-Time,Not Returned,4
ORD01409,2022-05-04,CUST3472,West,Surat,Grocery,Sugar,QuickMart Ltd,Air,Kolkata WH,9,2129.02,19161.18,9,9,0,On-Time,Not Returned,4
ORD01410,2023-07-16,CUST2025,North,Jaipur,Furniture,Wardrobe,QuickMart Ltd,Sea,Mumbai WH,7,97.95,685.65,9,9,0,On-Time,Not Returned,5
ORD01411,2022-05-19,CUST1105,West,Ahmedabad,Sports,Football,SwiftVendors,Sea,Delhi WH,15,4296.88,64453.2,4,6,2,Delayed,Not Returned,3
ORD01412,2022-07-07,CUST1374,Central,Indore,Clothing,Jacket,SwiftVendors,Road,Mumbai WH,11,3669.23,40361.53,8,8,0,On-Time,Not Returned,4
ORD01413,2022-07-07,CUST1937,Central,Nagpur,Clothing,T-Shirt,FastSupply Co,Air,Mumbai WH,2,4736.44,9472.88,4,4,0,On-Time,Not Returned,4
ORD01414,2023-03-07,CUST4939,North,Jaipur,Sports,Dumbbells,MegaSource Inc,Sea,Mumbai WH,15,3919.0,58785.0,3,6,3,Delayed,Returned,3
ORD01415,2023-02-25,CUST3761,East,Guwahati,Sports,Yoga Mat,FastSupply Co,Air,Bangalore WH,14,1602.85,22439.9,3,10,7,Delayed,Returned,1
ORD01416,2023-05-02,CUST4424,South,Kochi,Sports,Yoga Mat,QuickMart Ltd,Road,Delhi WH,11,1276.97,14046.67,4,4,0,On-Time,Not Returned,4
ORD01417,2023-08-12,CUST4524,North,Lucknow,Electronics,Headphones,SwiftVendors,Sea,Delhi WH,3,3503.7,10511.1,7,7,0,On-Time,Not Returned,4
ORD01418,2023-10-20,CUST3356,North,Chandigarh,Clothing,Jacket,SwiftVendors,Air,Hyderabad WH,17,1852.36,31490.12,7,7,0,On-Time,Not Returned,5
ORD01419,2022-10-15,CUST3404,South,Kochi,Grocery,Flour,MegaSource Inc,Sea,Bangalore WH,12,2852.76,34233.12,9,9,0,On-Time,Not Returned,4
ORD01420,2022-03-25,CUST4894,North,Delhi,Electronics,Tablet,QuickMart Ltd,Road,Delhi WH,15,80.97,1214.55,9,9,0,On-Time,Returned,5
ORD01421,2023-09-22,CUST1084,South,Hyderabad,Furniture,Bed,ReliableGoods,Air,Hyderabad WH,16,356.33,5701.28,6,6,0,On-Time,Not Returned,5
ORD01422,2022-01-17,CUST4132,West,Surat,Sports,Cycle,ReliableGoods,Sea,Kolkata WH,5,2700.07,13500.35,3,5,2,Delayed,Not Returned,3
ORD01423,2023-06-09,CUST3753,East,Guwahati,Grocery,Sugar,FastSupply Co,Road,Delhi WH,6,2852.05,17112.3,6,6,0,On-Time,Not Returned,4
ORD01424,2023-04-08,CUST4364,Central,Raipur,Clothing,T-Shirt,MegaSource Inc,Road,Mumbai WH,19,3769.69,71624.11,3,3,0,On-Time,Not Returned,4
ORD01425,2023-06-05,CUST2103,Central,Bhopal,Grocery,Sugar,MegaSource Inc,Sea,Mumbai WH,5,703.23,3516.15,4,4,0,On-Time,Not Returned,4
ORD01426,2023-10-25,CUST3360,East,Kolkata,Electronics,Tablet,QuickMart Ltd,Road,Bangalore WH,3,2590.26,7770.78,7,10,3,Delayed,Returned,3
ORD01427,2023-06-04,CUST1164,South,Hyderabad,Grocery,Oil,QuickMart Ltd,Road,Mumbai WH,1,1012.52,1012.52,9,9,0,On-Time,Not Returned,4
ORD01428,2023-03-18,CUST4125,East,Guwahati,Sports,Yoga Mat,MegaSource Inc,Air,Bangalore WH,6,511.32,3067.92,7,8,1,Delayed,Not Returned,3
ORD01429,2022-12-03,CUST4097,South,Hyderabad,Clothing,T-Shirt,FastSupply Co,Rail,Delhi WH,15,2081.95,31229.25,4,4,0,On-Time,Not Returned,5
ORD01430,2022-08-12,CUST1717,East,Patna,Clothing,Saree,FastSupply Co,Road,Bangalore WH,2,858.52,1717.04,6,6,0,On-Time,Not Returned,5
ORD01431,2023-05-30,CUST2927,North,Lucknow,Clothing,Jacket,ReliableGoods,Road,Delhi WH,3,1147.82,3443.46,6,6,0,On-Time,Not Returned,4
ORD01432,2022-12-04,CUST3125,North,Lucknow,Clothing,Jacket,FastSupply Co,Road,Hyderabad WH,17,1621.9,27572.3,5,5,0,On-Time,Not Returned,5
ORD01433,2023-11-24,CUST3668,East,Kolkata,Electronics,Mobile,MegaSource Inc,Road,Delhi WH,12,1333.97,16007.64,9,9,0,On-Time,Not Returned,4
ORD01434,2023-09-05,CUST2811,West,Ahmedabad,Electronics,Camera,ReliableGoods,Sea,Hyderabad WH,18,483.58,8704.44,9,9,0,On-Time,Not Returned,4
ORD01435,2022-02-17,CUST4752,East,Guwahati,Grocery,Oil,QuickMart Ltd,Road,Mumbai WH,15,495.09,7426.35,9,9,0,On-Time,Not Returned,5
ORD01436,2023-02-01,CUST2139,Central,Indore,Electronics,Camera,ReliableGoods,Air,Bangalore WH,12,1006.58,12078.96,3,4,1,Delayed,Not Returned,4
ORD01437,2023-04-28,CUST1743,North,Chandigarh,Clothing,Jeans,ReliableGoods,Sea,Hyderabad WH,16,300.27,4804.32,6,6,0,On-Time,Not Returned,5
ORD01438,2022-07-30,CUST3397,East,Bhubaneswar,Furniture,Chair,SwiftVendors,Rail,Delhi WH,8,3150.96,25207.68,4,4,0,On-Time,Not Returned,5
ORD01439,2023-08-10,CUST2785,Central,Raipur,Grocery,Pulses,QuickMart Ltd,Air,Kolkata WH,14,1472.27,20611.78,6,6,0,On-Time,Not Returned,4
ORD01440,2023-03-01,CUST3600,North,Chandigarh,Furniture,Wardrobe,SwiftVendors,Rail,Hyderabad WH,17,1434.74,24390.58,7,8,1,Delayed,Not Returned,4
ORD01441,2022-07-29,CUST4335,West,Ahmedabad,Clothing,Saree,ReliableGoods,Road,Delhi WH,8,1693.39,13547.12,3,2,-1,Early,Not Returned,5
ORD01442,2022-11-08,CUST3014,West,Mumbai,Furniture,Table,MegaSource Inc,Road,Hyderabad WH,15,3330.84,49962.6,9,9,0,On-Time,Not Returned,5
ORD01443,2023-11-28,CUST4969,Central,Bhopal,Grocery,Pulses,FastSupply Co,Road,Hyderabad WH,14,4359.64,61034.96,8,8,0,On-Time,Not Returned,4
ORD01444,2022-06-23,CUST1373,East,Kolkata,Electronics,Camera,MegaSource Inc,Road,Mumbai WH,18,3807.48,68534.64,5,5,0,On-Time,Not Returned,5
ORD01445,2023-12-15,CUST2925,North,Delhi,Clothing,T-Shirt,ReliableGoods,Rail,Mumbai WH,7,3651.27,25558.89,3,10,7,Delayed,Returned,3
ORD01446,2023-06-12,CUST2425,West,Surat,Sports,Cricket Bat,MegaSource Inc,Rail,Kolkata WH,3,2447.74,7343.22,7,10,3,Delayed,Returned,3
ORD01447,2023-12-12,CUST2672,Central,Bhopal,Grocery,Flour,QuickMart Ltd,Road,Kolkata WH,12,3484.34,41812.08,9,9,0,On-Time,Not Returned,4
ORD01448,2023-09-25,CUST2365,South,Chennai,Electronics,Laptop,SwiftVendors,Road,Hyderabad WH,3,2786.17,8358.51,7,7,0,On-Time,Not Returned,4
ORD01449,2023-05-31,CUST2315,East,Guwahati,Furniture,Sofa,ReliableGoods,Rail,Kolkata WH,14,1120.44,15686.16,7,7,0,On-Time,Not Returned,4
ORD01450,2023-05-09,CUST3744,South,Hyderabad,Clothing,Saree,MegaSource Inc,Rail,Delhi WH,15,1082.51,16237.65,9,9,0,On-Time,Not Returned,5
ORD01451,2023-02-14,CUST1428,East,Bhubaneswar,Sports,Dumbbells,QuickMart Ltd,Rail,Kolkata WH,14,1517.14,21239.96,7,9,2,Delayed,Not Returned,4
ORD01452,2022-01-25,CUST4513,North,Lucknow,Sports,Cricket Bat,SwiftVendors,Sea,Kolkata WH,7,4558.47,31909.29,4,4,0,On-Time,Not Returned,4
ORD01453,2022-11-19,CUST1658,Central,Raipur,Electronics,Laptop,QuickMart Ltd,Air,Delhi WH,17,2759.7,46914.9,5,5,0,On-Time,Not Returned,4
ORD01454,2023-10-15,CUST2350,North,Chandigarh,Furniture,Wardrobe,MegaSource Inc,Sea,Delhi WH,12,3682.83,44193.96,8,10,2,Delayed,Returned,3
ORD01455,2022-11-27,CUST2686,South,Chennai,Grocery,Oil,FastSupply Co,Sea,Delhi WH,4,1765.47,7061.88,7,10,3,Delayed,Not Returned,1
ORD01456,2022-01-23,CUST3841,Central,Bhopal,Grocery,Sugar,FastSupply Co,Sea,Hyderabad WH,9,2068.19,18613.71,7,7,0,On-Time,Returned,5
ORD01457,2023-11-18,CUST3029,North,Delhi,Sports,Dumbbells,FastSupply Co,Road,Delhi WH,6,671.55,4029.3,6,7,1,Delayed,Not Returned,4
ORD01458,2023-10-15,CUST2180,North,Delhi,Grocery,Oil,MegaSource Inc,Road,Hyderabad WH,16,897.91,14366.56,5,5,0,On-Time,Not Returned,5
ORD01459,2022-11-06,CUST3713,North,Chandigarh,Clothing,Jeans,SwiftVendors,Sea,Hyderabad WH,2,4145.41,8290.82,3,8,5,Delayed,Returned,3
ORD01460,2023-08-08,CUST4871,South,Chennai,Clothing,Shoes,ReliableGoods,Rail,Kolkata WH,8,2944.95,23559.6,5,8,3,Delayed,Returned,1
ORD01461,2022-05-22,CUST2640,North,Delhi,Furniture,Bed,MegaSource Inc,Road,Delhi WH,11,1720.79,18928.69,5,5,0,On-Time,Not Returned,5
ORD01462,2022-05-23,CUST4332,West,Mumbai,Electronics,Mobile,QuickMart Ltd,Air,Delhi WH,13,4024.11,52313.43,9,10,1,Delayed,Not Returned,4
ORD01463,2022-05-01,CUST4115,East,Bhubaneswar,Furniture,Sofa,MegaSource Inc,Rail,Kolkata WH,17,1270.27,21594.59,9,14,5,Delayed,Returned,2
ORD01464,2023-12-13,CUST3253,West,Surat,Electronics,Mobile,ReliableGoods,Rail,Kolkata WH,8,4881.36,39050.88,9,9,0,On-Time,Not Returned,5
ORD01465,2023-04-12,CUST1150,South,Bangalore,Electronics,Headphones,SwiftVendors,Rail,Mumbai WH,18,1756.85,31623.3,8,8,0,On-Time,Not Returned,5
ORD01466,2022-03-02,CUST2862,South,Chennai,Electronics,Headphones,FastSupply Co,Sea,Hyderabad WH,18,1719.69,30954.42,5,7,2,Delayed,Returned,4
ORD01467,2022-09-26,CUST1360,North,Chandigarh,Furniture,Bed,ReliableGoods,Air,Bangalore WH,14,1593.96,22315.44,8,8,0,On-Time,Not Returned,4
ORD01468,2023-10-26,CUST2288,Central,Raipur,Sports,Football,MegaSource Inc,Road,Mumbai WH,15,654.45,9816.75,7,7,0,On-Time,Not Returned,5
ORD01469,2023-07-29,CUST2033,West,Ahmedabad,Clothing,Shoes,ReliableGoods,Sea,Hyderabad WH,6,600.13,3600.78,9,12,3,Delayed,Returned,1
ORD01470,2023-03-09,CUST2324,South,Kochi,Electronics,Mobile,QuickMart Ltd,Sea,Kolkata WH,11,3258.12,35839.32,7,9,2,Delayed,Not Returned,3
ORD01471,2023-12-18,CUST1474,East,Kolkata,Sports,Cricket Bat,MegaSource Inc,Air,Delhi WH,13,4381.83,56963.79,9,9,0,On-Time,Not Returned,5
ORD01472,2022-03-21,CUST4973,South,Kochi,Furniture,Chair,SwiftVendors,Road,Kolkata WH,1,3963.08,3963.08,4,4,0,On-Time,Not Returned,5
ORD01473,2023-07-13,CUST4164,West,Ahmedabad,Clothing,T-Shirt,FastSupply Co,Road,Kolkata WH,6,748.48,4490.88,8,8,0,On-Time,Not Returned,4
ORD01474,2023-02-16,CUST2655,East,Guwahati,Furniture,Wardrobe,MegaSource Inc,Sea,Mumbai WH,9,2750.63,24755.67,8,8,0,On-Time,Not Returned,4
ORD01475,2023-12-01,CUST4542,East,Patna,Grocery,Rice,MegaSource Inc,Air,Delhi WH,8,572.68,4581.44,3,3,0,On-Time,Not Returned,4
ORD01476,2023-03-30,CUST3107,North,Lucknow,Sports,Dumbbells,SwiftVendors,Road,Kolkata WH,11,274.21,3016.31,6,8,2,Delayed,Not Returned,4
ORD01477,2022-01-31,CUST4378,Central,Nagpur,Electronics,Tablet,SwiftVendors,Air,Hyderabad WH,19,3299.11,62683.09,5,5,0,On-Time,Not Returned,5
ORD01478,2023-02-21,CUST1004,East,Kolkata,Furniture,Bed,FastSupply Co,Rail,Bangalore WH,9,2699.0,24291.0,3,3,0,On-Time,Not Returned,5
ORD01479,2023-02-05,CUST3693,North,Lucknow,Electronics,Laptop,SwiftVendors,Road,Mumbai WH,17,456.02,7752.34,8,8,0,On-Time,Not Returned,5
ORD01480,2022-07-30,CUST4560,Central,Bhopal,Sports,Football,FastSupply Co,Sea,Mumbai WH,12,222.95,2675.4,3,1,-2,Early,Returned,5
ORD01481,2022-07-11,CUST3222,North,Jaipur,Sports,Yoga Mat,QuickMart Ltd,Sea,Mumbai WH,14,4949.29,69290.06,4,4,0,On-Time,Returned,5
ORD01482,2022-03-04,CUST2892,South,Kochi,Clothing,Saree,ReliableGoods,Air,Delhi WH,15,198.61,2979.15,6,6,0,On-Time,Not Returned,4
ORD01483,2022-03-13,CUST2692,South,Hyderabad,Grocery,Rice,FastSupply Co,Road,Delhi WH,16,2250.41,36006.56,8,8,0,On-Time,Not Returned,5
ORD01484,2023-02-16,CUST1222,Central,Bhopal,Grocery,Oil,FastSupply Co,Sea,Hyderabad WH,1,2547.86,2547.86,8,8,0,On-Time,Not Returned,4
ORD01485,2022-06-16,CUST1768,North,Lucknow,Furniture,Table,QuickMart Ltd,Rail,Delhi WH,10,630.54,6305.4,5,5,0,On-Time,Not Returned,5
ORD01486,2023-08-15,CUST3123,West,Ahmedabad,Furniture,Chair,QuickMart Ltd,Road,Delhi WH,8,886.86,7094.88,9,9,0,On-Time,Not Returned,5
ORD01487,2023-11-24,CUST2481,North,Chandigarh,Clothing,Saree,FastSupply Co,Road,Delhi WH,18,1791.43,32245.74,6,6,0,On-Time,Not Returned,4
ORD01488,2022-01-16,CUST3550,West,Surat,Sports,Cricket Bat,SwiftVendors,Road,Hyderabad WH,1,3820.3,3820.3,4,4,0,On-Time,Not Returned,4
ORD01489,2023-05-01,CUST4098,East,Kolkata,Sports,Cycle,QuickMart Ltd,Road,Delhi WH,2,2560.06,5120.12,7,7,0,On-Time,Not Returned,4
ORD01490,2022-07-16,CUST3041,East,Guwahati,Sports,Cycle,QuickMart Ltd,Air,Mumbai WH,1,3207.61,3207.61,3,3,0,On-Time,Not Returned,4
ORD01491,2023-08-18,CUST3561,East,Bhubaneswar,Clothing,Jeans,FastSupply Co,Air,Hyderabad WH,1,4926.61,4926.61,5,5,0,On-Time,Not Returned,4
ORD01492,2023-08-19,CUST2810,North,Jaipur,Electronics,Headphones,MegaSource Inc,Road,Hyderabad WH,9,3851.63,34664.67,8,8,0,On-Time,Not Returned,5
ORD01493,2022-07-01,CUST4112,Central,Nagpur,Grocery,Rice,MegaSource Inc,Rail,Delhi WH,13,2200.09,28601.17,7,7,0,On-Time,Not Returned,5
ORD01494,2023-06-06,CUST1211,West,Surat,Electronics,Laptop,MegaSource Inc,Sea,Bangalore WH,1,2259.89,2259.89,4,4,0,On-Time,Not Returned,4
ORD01495,2023-09-23,CUST1833,North,Delhi,Sports,Cricket Bat,FastSupply Co,Air,Delhi WH,13,3112.92,40467.96,6,7,1,Delayed,Not Returned,4
ORD01496,2022-03-24,CUST2093,East,Bhubaneswar,Grocery,Pulses,ReliableGoods,Road,Kolkata WH,7,3343.56,23404.92,3,3,0,On-Time,Not Returned,4
ORD01497,2023-11-21,CUST3249,South,Kochi,Furniture,Bed,MegaSource Inc,Road,Hyderabad WH,2,2528.52,5057.04,5,5,0,On-Time,Not Returned,4
ORD01498,2023-08-04,CUST1536,East,Bhubaneswar,Clothing,T-Shirt,FastSupply Co,Air,Mumbai WH,6,3242.06,19452.36,8,8,0,On-Time,Not Returned,4
ORD01499,2023-07-04,CUST4799,Central,Bhopal,Furniture,Chair,ReliableGoods,Air,Hyderabad WH,7,166.49,1165.43,8,7,-1,Early,Not Returned,4
ORD01500,2022-06-13,CUST2179,East,Guwahati,Clothing,Shoes,ReliableGoods,Rail,Kolkata WH,14,2176.63,30472.82,7,10,3,Delayed,Returned,1
ORD01501,2023-05-18,CUST2794,Central,Raipur,Grocery,Pulses,SwiftVendors,Sea,Bangalore WH,18,1430.74,25753.32,7,7,0,On-Time,Not Returned,4
ORD01502,2022-05-03,CUST4607,South,Chennai,Grocery,Oil,FastSupply Co,Sea,Mumbai WH,15,689.41,10341.15,3,3,0,On-Time,Not Returned,4
ORD01503,2023-07-30,CUST3860,West,Mumbai,Clothing,T-Shirt,SwiftVendors,Sea,Kolkata WH,2,542.76,1085.52,6,6,0,On-Time,Not Returned,5
ORD01504,2022-06-07,CUST2985,East,Kolkata,Sports,Dumbbells,ReliableGoods,Rail,Kolkata WH,10,3035.8,30358.0,4,4,0,On-Time,Returned,5
ORD01505,2023-03-05,CUST1497,Central,Bhopal,Furniture,Bed,ReliableGoods,Road,Kolkata WH,12,2641.82,31701.84,9,9,0,On-Time,Not Returned,5
ORD01506,2023-12-21,CUST1118,West,Ahmedabad,Clothing,Jeans,QuickMart Ltd,Rail,Kolkata WH,17,1305.24,22189.08,6,7,1,Delayed,Not Returned,3
ORD01507,2022-11-27,CUST4986,South,Kochi,Electronics,Camera,SwiftVendors,Rail,Mumbai WH,8,2381.2,19049.6,6,6,0,On-Time,Returned,5
ORD01508,2022-07-28,CUST3580,Central,Bhopal,Sports,Yoga Mat,FastSupply Co,Road,Mumbai WH,11,2486.55,27352.05,6,11,5,Delayed,Returned,3
ORD01509,2022-08-27,CUST3493,South,Kochi,Furniture,Sofa,QuickMart Ltd,Road,Kolkata WH,3,1015.29,3045.87,9,9,0,On-Time,Not Returned,5
ORD01510,2023-04-20,CUST4273,South,Bangalore,Furniture,Bed,ReliableGoods,Sea,Bangalore WH,6,3277.86,19667.16,3,6,3,Delayed,Not Returned,3
ORD01511,2022-04-03,CUST1980,North,Delhi,Sports,Dumbbells,QuickMart Ltd,Air,Hyderabad WH,9,3915.55,35239.95,9,11,2,Delayed,Not Returned,4
ORD01512,2023-04-14,CUST3907,West,Mumbai,Electronics,Laptop,FastSupply Co,Air,Delhi WH,6,3967.74,23806.44,3,3,0,On-Time,Not Returned,4
ORD01513,2022-01-07,CUST1648,North,Jaipur,Furniture,Sofa,MegaSource Inc,Road,Mumbai WH,9,3032.23,27290.07,9,9,0,On-Time,Not Returned,5
ORD01514,2023-07-01,CUST2272,South,Hyderabad,Sports,Yoga Mat,QuickMart Ltd,Air,Hyderabad WH,7,2582.61,18078.27,4,4,0,On-Time,Returned,4
ORD01515,2023-03-10,CUST3256,Central,Nagpur,Grocery,Flour,QuickMart Ltd,Rail,Hyderabad WH,9,351.99,3167.91,6,6,0,On-Time,Not Returned,4
ORD01516,2022-11-12,CUST1056,East,Patna,Clothing,Jeans,FastSupply Co,Rail,Mumbai WH,18,1474.76,26545.68,3,3,0,On-Time,Not Returned,4
ORD01517,2023-09-18,CUST3262,North,Jaipur,Grocery,Rice,SwiftVendors,Road,Bangalore WH,12,511.69,6140.28,9,9,0,On-Time,Not Returned,4
ORD01518,2022-09-26,CUST2671,East,Kolkata,Furniture,Sofa,FastSupply Co,Sea,Delhi WH,8,4820.92,38567.36,4,4,0,On-Time,Not Returned,5
ORD01519,2022-06-25,CUST1381,North,Jaipur,Grocery,Pulses,FastSupply Co,Air,Mumbai WH,8,718.65,5749.2,9,16,7,Delayed,Not Returned,1
ORD01520,2023-02-19,CUST1920,West,Surat,Electronics,Tablet,QuickMart Ltd,Rail,Hyderabad WH,18,801.29,14423.22,8,8,0,On-Time,Not Returned,5
ORD01521,2023-08-25,CUST4446,East,Guwahati,Furniture,Bed,ReliableGoods,Air,Delhi WH,15,4453.4,66801.0,4,3,-1,Early,Not Returned,4
ORD01522,2022-10-26,CUST4739,North,Jaipur,Clothing,Saree,FastSupply Co,Sea,Kolkata WH,7,4722.45,33057.15,6,6,0,On-Time,Returned,4
ORD01523,2022-06-11,CUST1464,South,Chennai,Clothing,Jacket,FastSupply Co,Air,Hyderabad WH,11,3840.85,42249.35,5,7,2,Delayed,Not Returned,3
ORD01524,2022-01-31,CUST2890,Central,Nagpur,Clothing,T-Shirt,QuickMart Ltd,Rail,Kolkata WH,16,76.75,1228.0,6,6,0,On-Time,Not Returned,5
ORD01525,2022-07-31,CUST4879,South,Chennai,Electronics,Mobile,QuickMart Ltd,Road,Kolkata WH,4,56.66,226.64,5,5,0,On-Time,Not Returned,5
ORD01526,2023-12-14,CUST1481,West,Surat,Clothing,Jacket,QuickMart Ltd,Road,Mumbai WH,6,1921.6,11529.6,4,7,3,Delayed,Returned,3
ORD01527,2023-08-29,CUST3653,West,Surat,Grocery,Pulses,QuickMart Ltd,Air,Kolkata WH,3,759.81,2279.43,8,8,0,On-Time,Not Returned,5
ORD01528,2023-07-03,CUST4408,North,Delhi,Grocery,Sugar,SwiftVendors,Air,Hyderabad WH,9,141.01,1269.09,8,9,1,Delayed,Not Returned,4
ORD01529,2023-12-05,CUST1630,South,Hyderabad,Furniture,Bed,MegaSource Inc,Road,Mumbai WH,10,2347.13,23471.3,3,3,0,On-Time,Not Returned,4
ORD01530,2023-11-12,CUST3041,East,Patna,Clothing,Saree,MegaSource Inc,Road,Bangalore WH,14,4718.16,66054.24,8,8,0,On-Time,Not Returned,5
ORD01531,2022-08-29,CUST4820,North,Lucknow,Electronics,Camera,ReliableGoods,Rail,Hyderabad WH,11,1652.91,18182.01,7,7,0,On-Time,Not Returned,4
ORD01532,2022-03-31,CUST3935,North,Jaipur,Sports,Dumbbells,ReliableGoods,Air,Kolkata WH,18,3322.65,59807.7,4,6,2,Delayed,Not Returned,3
ORD01533,2023-11-22,CUST2195,South,Chennai,Grocery,Oil,FastSupply Co,Air,Hyderabad WH,12,3278.56,39342.72,3,3,0,On-Time,Returned,5
ORD01534,2022-09-01,CUST3084,Central,Bhopal,Furniture,Bed,SwiftVendors,Rail,Hyderabad WH,12,1292.85,15514.2,8,9,1,Delayed,Not Returned,3
ORD01535,2022-12-01,CUST3889,West,Ahmedabad,Grocery,Rice,MegaSource Inc,Road,Delhi WH,13,3269.6,42504.8,4,9,5,Delayed,Not Returned,3
ORD01536,2022-11-06,CUST2119,East,Patna,Grocery,Flour,ReliableGoods,Sea,Hyderabad WH,13,1101.05,14313.65,6,6,0,On-Time,Not Returned,5
ORD01537,2023-12-05,CUST2701,West,Mumbai,Furniture,Bed,FastSupply Co,Rail,Bangalore WH,19,653.94,12424.86,8,8,0,On-Time,Not Returned,4
ORD01538,2023-10-18,CUST4419,North,Jaipur,Grocery,Sugar,ReliableGoods,Road,Bangalore WH,19,3521.85,66915.15,9,11,2,Delayed,Not Returned,3
ORD01539,2023-09-08,CUST2976,Central,Raipur,Grocery,Pulses,SwiftVendors,Air,Kolkata WH,14,611.53,8561.42,5,5,0,On-Time,Not Returned,4
ORD01540,2023-12-10,CUST2934,North,Chandigarh,Electronics,Laptop,FastSupply Co,Road,Delhi WH,4,4984.7,19938.8,4,4,0,On-Time,Not Returned,4
ORD01541,2022-01-20,CUST1998,Central,Nagpur,Sports,Cycle,FastSupply Co,Air,Mumbai WH,13,958.09,12455.17,3,3,0,On-Time,Not Returned,4
ORD01542,2022-04-26,CUST2870,South,Chennai,Furniture,Table,QuickMart Ltd,Sea,Delhi WH,8,2991.0,23928.0,6,6,0,On-Time,Not Returned,5
ORD01543,2022-10-17,CUST3257,West,Surat,Furniture,Wardrobe,SwiftVendors,Sea,Kolkata WH,19,2086.3,39639.7,7,7,0,On-Time,Not Returned,5
ORD01544,2023-01-03,CUST1592,North,Chandigarh,Clothing,T-Shirt,FastSupply Co,Air,Kolkata WH,12,675.61,8107.32,6,6,0,On-Time,Not Returned,4
ORD01545,2023-08-03,CUST2571,Central,Raipur,Sports,Cycle,QuickMart Ltd,Road,Bangalore WH,18,187.83,3380.94,8,10,2,Delayed,Not Returned,3
ORD01546,2023-09-18,CUST1780,Central,Indore,Grocery,Oil,QuickMart Ltd,Sea,Kolkata WH,6,3132.52,18795.12,5,5,0,On-Time,Not Returned,4
ORD01547,2023-03-05,CUST4775,North,Delhi,Electronics,Tablet,SwiftVendors,Air,Hyderabad WH,18,4043.45,72782.1,6,6,0,On-Time,Not Returned,4
ORD01548,2023-04-06,CUST3455,West,Ahmedabad,Clothing,Saree,ReliableGoods,Air,Kolkata WH,19,4217.98,80141.62,7,5,-2,Early,Not Returned,4
ORD01549,2022-01-28,CUST3081,South,Kochi,Furniture,Bed,FastSupply Co,Road,Delhi WH,5,2439.43,12197.15,9,10,1,Delayed,Returned,3
ORD01550,2023-01-25,CUST4056,South,Chennai,Sports,Dumbbells,MegaSource Inc,Sea,Hyderabad WH,9,3898.4,35085.6,3,6,3,Delayed,Returned,2
ORD01551,2023-09-06,CUST4601,East,Guwahati,Electronics,Laptop,FastSupply Co,Air,Bangalore WH,3,3380.59,10141.77,4,4,0,On-Time,Not Returned,5
ORD01552,2022-07-03,CUST1559,East,Bhubaneswar,Furniture,Sofa,SwiftVendors,Road,Hyderabad WH,10,3635.06,36350.6,5,7,2,Delayed,Not Returned,4
ORD01553,2022-03-07,CUST4539,East,Bhubaneswar,Grocery,Sugar,MegaSource Inc,Road,Mumbai WH,19,2488.37,47279.03,7,7,0,On-Time,Not Returned,5
ORD01554,2023-09-24,CUST1285,West,Mumbai,Clothing,Jeans,SwiftVendors,Air,Delhi WH,3,3185.39,9556.17,8,8,0,On-Time,Not Returned,5
ORD01555,2022-12-15,CUST2131,East,Bhubaneswar,Sports,Cricket Bat,QuickMart Ltd,Road,Bangalore WH,15,4037.35,60560.25,8,8,0,On-Time,Not Returned,4
ORD01556,2023-07-06,CUST4164,East,Kolkata,Clothing,T-Shirt,ReliableGoods,Road,Kolkata WH,1,2019.53,2019.53,8,8,0,On-Time,Not Returned,4
ORD01557,2023-03-26,CUST4235,West,Pune,Grocery,Pulses,QuickMart Ltd,Air,Delhi WH,7,4039.6,28277.2,5,8,3,Delayed,Returned,2
ORD01558,2022-07-14,CUST4499,East,Guwahati,Grocery,Oil,QuickMart Ltd,Sea,Bangalore WH,12,2980.48,35765.76,6,6,0,On-Time,Not Returned,5
ORD01559,2022-01-03,CUST2699,South,Kochi,Furniture,Table,SwiftVendors,Sea,Hyderabad WH,17,871.21,14810.57,5,6,1,Delayed,Not Returned,3
ORD01560,2023-01-12,CUST2392,North,Delhi,Clothing,Jacket,FastSupply Co,Sea,Hyderabad WH,5,172.19,860.95,8,10,2,Delayed,Not Returned,4
ORD01561,2022-09-22,CUST4826,South,Hyderabad,Clothing,Shoes,SwiftVendors,Road,Hyderabad WH,4,1845.63,7382.52,9,9,0,On-Time,Not Returned,4
ORD01562,2023-09-14,CUST4226,South,Kochi,Clothing,Jeans,MegaSource Inc,Air,Hyderabad WH,12,2756.15,33073.8,7,7,0,On-Time,Not Returned,5
ORD01563,2023-06-28,CUST3079,Central,Indore,Clothing,T-Shirt,MegaSource Inc,Air,Delhi WH,18,4207.11,75727.98,4,4,0,On-Time,Returned,5
ORD01564,2022-06-16,CUST2094,North,Delhi,Electronics,Mobile,SwiftVendors,Air,Bangalore WH,17,681.05,11577.85,4,4,0,On-Time,Not Returned,5
ORD01565,2022-10-06,CUST4360,South,Chennai,Furniture,Bed,MegaSource Inc,Air,Bangalore WH,19,4011.02,76209.38,5,5,0,On-Time,Not Returned,4
ORD01566,2022-08-26,CUST1010,North,Lucknow,Sports,Dumbbells,SwiftVendors,Air,Delhi WH,9,4321.89,38897.01,8,6,-2,Early,Returned,5
ORD01567,2023-07-29,CUST2158,South,Chennai,Electronics,Tablet,ReliableGoods,Sea,Hyderabad WH,4,795.9,3183.6,3,3,0,On-Time,Not Returned,4
ORD01568,2023-06-09,CUST3973,West,Ahmedabad,Clothing,Shoes,QuickMart Ltd,Sea,Bangalore WH,2,4265.39,8530.78,9,9,0,On-Time,Not Returned,4
ORD01569,2022-10-12,CUST2222,West,Mumbai,Grocery,Pulses,QuickMart Ltd,Air,Kolkata WH,4,4957.7,19830.8,5,10,5,Delayed,Not Returned,1
ORD01570,2023-11-06,CUST4430,East,Guwahati,Grocery,Oil,SwiftVendors,Road,Mumbai WH,2,3647.85,7295.7,8,8,0,On-Time,Not Returned,4
ORD01571,2022-09-09,CUST3404,West,Mumbai,Clothing,T-Shirt,MegaSource Inc,Road,Kolkata WH,15,3934.61,59019.15,6,7,1,Delayed,Not Returned,3
ORD01572,2022-02-25,CUST3375,North,Chandigarh,Electronics,Tablet,MegaSource Inc,Air,Bangalore WH,2,4972.36,9944.72,4,4,0,On-Time,Not Returned,5
ORD01573,2023-12-16,CUST3703,Central,Indore,Electronics,Headphones,QuickMart Ltd,Air,Delhi WH,4,3047.13,12188.52,4,4,0,On-Time,Not Returned,4
ORD01574,2022-05-31,CUST3005,East,Bhubaneswar,Furniture,Bed,MegaSource Inc,Air,Hyderabad WH,6,1574.04,9444.24,9,9,0,On-Time,Not Returned,5
ORD01575,2023-12-12,CUST4544,South,Bangalore,Grocery,Sugar,MegaSource Inc,Sea,Hyderabad WH,7,4195.78,29370.46,4,4,0,On-Time,Not Returned,5
ORD01576,2023-11-26,CUST1608,West,Mumbai,Clothing,Saree,ReliableGoods,Road,Mumbai WH,10,3091.7,30917.0,3,3,0,On-Time,Not Returned,4
ORD01577,2022-03-19,CUST2829,East,Kolkata,Electronics,Mobile,FastSupply Co,Rail,Kolkata WH,19,2926.92,55611.48,8,10,2,Delayed,Not Returned,4
ORD01578,2023-04-23,CUST3206,West,Pune,Electronics,Laptop,MegaSource Inc,Sea,Bangalore WH,19,1305.5,24804.5,8,8,0,On-Time,Not Returned,5
ORD01579,2023-07-06,CUST2983,East,Guwahati,Sports,Yoga Mat,ReliableGoods,Road,Kolkata WH,12,3793.85,45526.2,9,16,7,Delayed,Returned,2
ORD01580,2022-04-25,CUST2413,North,Delhi,Furniture,Wardrobe,FastSupply Co,Road,Delhi WH,3,454.25,1362.75,8,8,0,On-Time,Not Returned,4
ORD01581,2023-03-01,CUST2361,North,Jaipur,Sports,Dumbbells,ReliableGoods,Road,Hyderabad WH,13,4625.22,60127.86,9,9,0,On-Time,Not Returned,5
ORD01582,2023-04-28,CUST3260,South,Chennai,Grocery,Flour,SwiftVendors,Air,Kolkata WH,18,1662.83,29930.94,8,8,0,On-Time,Not Returned,5
ORD01583,2023-05-30,CUST4124,East,Bhubaneswar,Clothing,T-Shirt,SwiftVendors,Rail,Kolkata WH,8,682.48,5459.84,3,10,7,Delayed,Returned,1
ORD01584,2022-01-06,CUST3225,Central,Nagpur,Grocery,Sugar,ReliableGoods,Road,Hyderabad WH,15,2239.71,33595.65,7,7,0,On-Time,Not Returned,5
ORD01585,2023-01-31,CUST2545,North,Delhi,Clothing,Jeans,QuickMart Ltd,Sea,Bangalore WH,1,260.23,260.23,5,5,0,On-Time,Not Returned,4
ORD01586,2023-10-12,CUST2865,South,Bangalore,Electronics,Camera,QuickMart Ltd,Sea,Mumbai WH,3,3438.9,10316.7,5,8,3,Delayed,Returned,1
ORD01587,2023-01-21,CUST4820,East,Kolkata,Electronics,Tablet,FastSupply Co,Rail,Kolkata WH,8,4518.39,36147.12,8,8,0,On-Time,Not Returned,5
ORD01588,2023-10-19,CUST2318,South,Hyderabad,Clothing,Shoes,FastSupply Co,Road,Hyderabad WH,4,4194.45,16777.8,6,11,5,Delayed,Not Returned,1
ORD01589,2022-10-05,CUST4561,North,Delhi,Grocery,Flour,ReliableGoods,Air,Hyderabad WH,16,680.48,10887.68,4,4,0,On-Time,Not Returned,5
ORD01590,2023-11-11,CUST1772,South,Kochi,Grocery,Sugar,FastSupply Co,Road,Kolkata WH,10,675.04,6750.4,3,5,2,Delayed,Not Returned,4
ORD01591,2022-08-16,CUST3856,East,Bhubaneswar,Furniture,Table,QuickMart Ltd,Sea,Kolkata WH,12,4076.5,48918.0,6,13,7,Delayed,Not Returned,2
ORD01592,2023-11-26,CUST1978,West,Mumbai,Sports,Yoga Mat,QuickMart Ltd,Rail,Mumbai WH,14,4625.06,64750.84,6,7,1,Delayed,Not Returned,3
ORD01593,2022-04-27,CUST3342,Central,Bhopal,Clothing,Jacket,SwiftVendors,Air,Hyderabad WH,14,2330.32,32624.48,8,8,0,On-Time,Not Returned,4
ORD01594,2022-12-18,CUST2568,North,Delhi,Grocery,Flour,MegaSource Inc,Road,Mumbai WH,2,2519.91,5039.82,3,3,0,On-Time,Not Returned,5
ORD01595,2023-10-23,CUST1956,East,Guwahati,Electronics,Camera,QuickMart Ltd,Rail,Hyderabad WH,5,1625.4,8127.0,5,12,7,Delayed,Returned,2
ORD01596,2023-06-25,CUST4506,East,Bhubaneswar,Grocery,Pulses,SwiftVendors,Road,Hyderabad WH,5,4476.61,22383.05,4,4,0,On-Time,Not Returned,5
ORD01597,2023-08-17,CUST4176,South,Chennai,Grocery,Rice,MegaSource Inc,Air,Kolkata WH,6,3242.27,19453.62,5,5,0,On-Time,Not Returned,5
ORD01598,2022-02-23,CUST2682,North,Chandigarh,Furniture,Chair,MegaSource Inc,Air,Bangalore WH,13,1476.85,19199.05,6,7,1,Delayed,Not Returned,4
ORD01599,2022-04-16,CUST1178,West,Surat,Grocery,Flour,ReliableGoods,Rail,Kolkata WH,9,1528.98,13760.82,4,4,0,On-Time,Not Returned,5
ORD01600,2023-01-24,CUST2303,West,Ahmedabad,Furniture,Chair,FastSupply Co,Air,Bangalore WH,15,4461.44,66921.6,7,7,0,On-Time,Not Returned,5
ORD01601,2023-10-29,CUST4050,Central,Indore,Electronics,Tablet,QuickMart Ltd,Sea,Hyderabad WH,14,117.49,1644.86,6,6,0,On-Time,Not Returned,5
ORD01602,2022-09-16,CUST2937,Central,Raipur,Electronics,Mobile,SwiftVendors,Road,Bangalore WH,7,1647.5,11532.5,5,5,0,On-Time,Not Returned,5
ORD01603,2023-08-18,CUST3888,South,Chennai,Electronics,Laptop,MegaSource Inc,Rail,Hyderabad WH,2,2794.07,5588.14,5,5,0,On-Time,Not Returned,5
ORD01604,2023-11-05,CUST4741,North,Chandigarh,Electronics,Mobile,QuickMart Ltd,Air,Hyderabad WH,7,783.68,5485.76,8,9,1,Delayed,Not Returned,4
ORD01605,2022-05-26,CUST4323,West,Ahmedabad,Electronics,Camera,SwiftVendors,Rail,Bangalore WH,6,505.89,3035.34,5,5,0,On-Time,Not Returned,4
ORD01606,2023-11-01,CUST2561,North,Chandigarh,Grocery,Rice,FastSupply Co,Road,Kolkata WH,17,4085.62,69455.54,3,6,3,Delayed,Returned,1
ORD01607,2023-06-08,CUST2581,South,Chennai,Sports,Football,MegaSource Inc,Road,Bangalore WH,2,4477.3,8954.6,6,9,3,Delayed,Not Returned,2
ORD01608,2022-04-06,CUST3718,North,Chandigarh,Clothing,Jeans,FastSupply Co,Rail,Mumbai WH,3,4126.85,12380.55,9,10,1,Delayed,Not Returned,4
ORD01609,2022-12-03,CUST4245,North,Lucknow,Electronics,Tablet,QuickMart Ltd,Sea,Hyderabad WH,5,4499.0,22495.0,9,9,0,On-Time,Not Returned,5
ORD01610,2022-01-02,CUST4361,North,Delhi,Sports,Cricket Bat,QuickMart Ltd,Road,Delhi WH,5,2787.9,13939.5,4,5,1,Delayed,Returned,3
ORD01611,2022-07-24,CUST3670,South,Chennai,Sports,Cricket Bat,MegaSource Inc,Air,Hyderabad WH,1,4070.68,4070.68,5,5,0,On-Time,Not Returned,4
ORD01612,2023-04-05,CUST1623,South,Hyderabad,Sports,Cycle,QuickMart Ltd,Road,Hyderabad WH,8,1951.01,15608.08,8,8,0,On-Time,Not Returned,5
ORD01613,2022-02-17,CUST3028,South,Bangalore,Grocery,Flour,ReliableGoods,Rail,Bangalore WH,12,3348.03,40176.36,8,9,1,Delayed,Not Returned,4
ORD01614,2022-04-28,CUST4951,West,Surat,Furniture,Table,ReliableGoods,Rail,Mumbai WH,4,4944.74,19778.96,5,5,0,On-Time,Not Returned,4
ORD01615,2023-05-03,CUST1151,East,Bhubaneswar,Electronics,Camera,MegaSource Inc,Sea,Kolkata WH,13,1167.35,15175.55,3,8,5,Delayed,Not Returned,2
ORD01616,2022-02-25,CUST1517,North,Lucknow,Sports,Cycle,ReliableGoods,Air,Kolkata WH,15,1980.0,29700.0,8,8,0,On-Time,Not Returned,4
ORD01617,2023-09-06,CUST3057,Central,Nagpur,Clothing,Jeans,ReliableGoods,Air,Delhi WH,11,2426.23,26688.53,9,10,1,Delayed,Not Returned,4
ORD01618,2022-06-09,CUST4954,Central,Indore,Grocery,Pulses,SwiftVendors,Road,Bangalore WH,10,733.18,7331.8,4,4,0,On-Time,Not Returned,4
ORD01619,2023-02-27,CUST3417,East,Bhubaneswar,Grocery,Flour,QuickMart Ltd,Rail,Kolkata WH,3,451.14,1353.42,6,13,7,Delayed,Not Returned,3
ORD01620,2023-10-08,CUST2359,North,Delhi,Grocery,Flour,ReliableGoods,Road,Hyderabad WH,14,4157.13,58199.82,7,7,0,On-Time,Not Returned,5
ORD01621,2022-11-02,CUST4562,North,Chandigarh,Furniture,Chair,ReliableGoods,Sea,Bangalore WH,16,4885.13,78162.08,3,3,0,On-Time,Returned,5
ORD01622,2022-02-13,CUST1411,North,Delhi,Sports,Yoga Mat,SwiftVendors,Air,Delhi WH,10,2053.39,20533.9,8,8,0,On-Time,Not Returned,5
ORD01623,2023-04-02,CUST4580,South,Kochi,Clothing,T-Shirt,SwiftVendors,Air,Kolkata WH,10,483.87,4838.7,6,6,0,On-Time,Not Returned,5
ORD01624,2022-02-19,CUST4461,West,Pune,Electronics,Tablet,MegaSource Inc,Road,Hyderabad WH,12,375.77,4509.24,7,7,0,On-Time,Returned,4
ORD01625,2022-07-28,CUST2803,South,Chennai,Furniture,Sofa,QuickMart Ltd,Sea,Hyderabad WH,9,4462.03,40158.27,5,5,0,On-Time,Not Returned,4
ORD01626,2022-02-01,CUST1408,North,Jaipur,Electronics,Headphones,FastSupply Co,Air,Hyderabad WH,1,2345.88,2345.88,5,5,0,On-Time,Not Returned,4
ORD01627,2023-06-10,CUST3154,East,Kolkata,Sports,Dumbbells,SwiftVendors,Road,Mumbai WH,5,1634.14,8170.7,4,4,0,On-Time,Not Returned,5
ORD01628,2023-10-07,CUST4729,North,Delhi,Clothing,Saree,FastSupply Co,Rail,Kolkata WH,8,2408.48,19267.84,7,7,0,On-Time,Not Returned,4
ORD01629,2023-07-07,CUST2871,North,Delhi,Grocery,Pulses,FastSupply Co,Road,Bangalore WH,11,1625.61,17881.71,5,8,3,Delayed,Not Returned,2
ORD01630,2022-02-02,CUST1062,West,Pune,Electronics,Headphones,FastSupply Co,Sea,Hyderabad WH,12,2470.73,29648.76,5,6,1,Delayed,Not Returned,4
ORD01631,2023-06-15,CUST3959,North,Delhi,Grocery,Pulses,SwiftVendors,Rail,Hyderabad WH,1,4304.8,4304.8,9,11,2,Delayed,Not Returned,4
ORD01632,2023-10-18,CUST1590,South,Hyderabad,Sports,Football,FastSupply Co,Rail,Mumbai WH,11,2981.89,32800.79,8,9,1,Delayed,Returned,3
ORD01633,2022-03-09,CUST2679,Central,Indore,Sports,Football,FastSupply Co,Rail,Bangalore WH,5,3488.54,17442.7,4,4,0,On-Time,Not Returned,4
ORD01634,2023-04-11,CUST4567,West,Surat,Sports,Yoga Mat,MegaSource Inc,Sea,Bangalore WH,15,1855.12,27826.8,6,6,0,On-Time,Not Returned,5
ORD01635,2022-06-13,CUST3681,West,Pune,Grocery,Pulses,FastSupply Co,Rail,Bangalore WH,5,3705.6,18528.0,5,5,0,On-Time,Not Returned,4
ORD01636,2023-02-16,CUST4972,West,Pune,Electronics,Mobile,MegaSource Inc,Road,Mumbai WH,12,3349.75,40197.0,9,12,3,Delayed,Returned,3
ORD01637,2022-06-03,CUST1632,North,Chandigarh,Sports,Dumbbells,ReliableGoods,Road,Hyderabad WH,5,641.83,3209.15,3,1,-2,Early,Returned,5
ORD01638,2023-06-26,CUST1306,West,Ahmedabad,Sports,Yoga Mat,ReliableGoods,Air,Delhi WH,17,2884.58,49037.86,3,3,0,On-Time,Not Returned,4
ORD01639,2022-06-19,CUST2923,West,Surat,Sports,Dumbbells,SwiftVendors,Rail,Hyderabad WH,17,1320.88,22454.96,6,6,0,On-Time,Returned,5
ORD01640,2023-09-08,CUST4201,South,Kochi,Electronics,Camera,QuickMart Ltd,Air,Kolkata WH,12,4030.27,48363.24,7,7,0,On-Time,Returned,5
ORD01641,2023-03-01,CUST4969,East,Bhubaneswar,Clothing,Saree,FastSupply Co,Road,Mumbai WH,15,2158.39,32375.85,4,4,0,On-Time,Not Returned,4
ORD01642,2023-07-18,CUST2085,South,Bangalore,Electronics,Tablet,FastSupply Co,Air,Bangalore WH,15,4973.69,74605.35,9,9,0,On-Time,Not Returned,4
ORD01643,2022-06-28,CUST2386,South,Chennai,Clothing,Jacket,MegaSource Inc,Road,Delhi WH,6,507.88,3047.28,8,8,0,On-Time,Returned,4
ORD01644,2023-10-29,CUST3552,East,Bhubaneswar,Sports,Football,QuickMart Ltd,Sea,Mumbai WH,12,3912.72,46952.64,9,16,7,Delayed,Returned,3
ORD01645,2022-10-31,CUST3837,East,Guwahati,Clothing,Saree,QuickMart Ltd,Air,Mumbai WH,18,3384.82,60926.76,3,3,0,On-Time,Not Returned,4
ORD01646,2022-11-03,CUST2628,West,Mumbai,Electronics,Mobile,ReliableGoods,Sea,Delhi WH,14,3849.12,53887.68,3,8,5,Delayed,Not Returned,2
ORD01647,2023-06-24,CUST3661,South,Hyderabad,Sports,Football,MegaSource Inc,Air,Kolkata WH,2,1572.27,3144.54,6,8,2,Delayed,Returned,4
ORD01648,2022-12-01,CUST1328,North,Lucknow,Grocery,Pulses,FastSupply Co,Rail,Delhi WH,9,2485.67,22371.03,7,9,2,Delayed,Not Returned,4
ORD01649,2022-01-31,CUST4488,Central,Indore,Furniture,Bed,MegaSource Inc,Road,Kolkata WH,5,3992.72,19963.6,7,8,1,Delayed,Not Returned,3
ORD01650,2023-11-08,CUST2345,Central,Bhopal,Electronics,Laptop,ReliableGoods,Sea,Mumbai WH,1,1201.08,1201.08,6,7,1,Delayed,Not Returned,3
ORD01651,2022-01-20,CUST4491,Central,Nagpur,Electronics,Headphones,FastSupply Co,Road,Kolkata WH,3,1168.86,3506.58,9,10,1,Delayed,Not Returned,3
ORD01652,2023-04-14,CUST3762,South,Bangalore,Clothing,Jacket,MegaSource Inc,Sea,Kolkata WH,6,2777.7,16666.2,3,4,1,Delayed,Not Returned,3
ORD01653,2022-05-31,CUST4519,East,Kolkata,Sports,Football,FastSupply Co,Rail,Bangalore WH,5,2641.64,13208.2,9,9,0,On-Time,Returned,5
ORD01654,2023-06-13,CUST3185,West,Mumbai,Clothing,Jeans,FastSupply Co,Air,Hyderabad WH,5,1447.2,7236.0,9,7,-2,Early,Returned,5
ORD01655,2023-06-04,CUST2556,West,Ahmedabad,Clothing,Jacket,MegaSource Inc,Road,Hyderabad WH,1,1525.47,1525.47,4,6,2,Delayed,Not Returned,4
ORD01656,2023-11-07,CUST4908,Central,Nagpur,Electronics,Laptop,QuickMart Ltd,Air,Mumbai WH,17,1425.33,24230.61,3,5,2,Delayed,Not Returned,3
ORD01657,2023-08-17,CUST2297,West,Surat,Sports,Cricket Bat,MegaSource Inc,Sea,Mumbai WH,19,3868.98,73510.62,7,12,5,Delayed,Returned,2
ORD01658,2022-12-14,CUST3567,North,Chandigarh,Furniture,Sofa,ReliableGoods,Air,Hyderabad WH,14,3276.91,45876.74,8,8,0,On-Time,Not Returned,5
ORD01659,2023-08-02,CUST3943,North,Lucknow,Electronics,Mobile,QuickMart Ltd,Sea,Delhi WH,12,4170.47,50045.64,9,9,0,On-Time,Not Returned,5
ORD01660,2022-07-08,CUST4634,East,Kolkata,Electronics,Mobile,FastSupply Co,Sea,Bangalore WH,10,4878.59,48785.9,3,3,0,On-Time,Not Returned,5
ORD01661,2023-10-19,CUST4110,West,Pune,Electronics,Laptop,FastSupply Co,Air,Hyderabad WH,18,2397.11,43147.98,9,9,0,On-Time,Not Returned,4
ORD01662,2023-10-25,CUST2998,South,Chennai,Sports,Dumbbells,ReliableGoods,Sea,Bangalore WH,11,380.13,4181.43,4,7,3,Delayed,Not Returned,2
ORD01663,2023-04-24,CUST4573,West,Pune,Furniture,Bed,QuickMart Ltd,Road,Bangalore WH,2,288.06,576.12,5,5,0,On-Time,Not Returned,4
ORD01664,2023-10-09,CUST3216,South,Kochi,Furniture,Sofa,FastSupply Co,Road,Hyderabad WH,18,1513.54,27243.72,3,3,0,On-Time,Not Returned,5
ORD01665,2022-10-10,CUST1147,Central,Indore,Sports,Cricket Bat,FastSupply Co,Road,Mumbai WH,7,4666.1,32662.7,6,6,0,On-Time,Not Returned,4
ORD01666,2022-04-01,CUST3529,South,Bangalore,Clothing,T-Shirt,FastSupply Co,Rail,Delhi WH,15,2639.9,39598.5,5,5,0,On-Time,Not Returned,5
ORD01667,2022-03-19,CUST1280,Central,Nagpur,Grocery,Pulses,QuickMart Ltd,Air,Mumbai WH,11,1395.34,15348.74,9,10,1,Delayed,Not Returned,3
ORD01668,2023-03-06,CUST1961,North,Delhi,Electronics,Tablet,ReliableGoods,Rail,Hyderabad WH,18,2025.88,36465.84,6,9,3,Delayed,Not Returned,1
ORD01669,2023-07-07,CUST3585,West,Mumbai,Clothing,Shoes,SwiftVendors,Rail,Hyderabad WH,12,3013.05,36156.6,6,6,0,On-Time,Not Returned,4
ORD01670,2022-01-03,CUST3803,East,Patna,Furniture,Table,SwiftVendors,Rail,Hyderabad WH,6,3282.1,19692.6,6,6,0,On-Time,Not Returned,4
ORD01671,2023-03-10,CUST4772,West,Ahmedabad,Electronics,Laptop,MegaSource Inc,Road,Hyderabad WH,13,811.9,10554.7,3,3,0,On-Time,Not Returned,4
ORD01672,2023-08-30,CUST2177,Central,Nagpur,Sports,Yoga Mat,MegaSource Inc,Air,Delhi WH,16,4886.31,78180.96,7,7,0,On-Time,Not Returned,5
ORD01673,2023-12-03,CUST1931,West,Surat,Furniture,Wardrobe,FastSupply Co,Road,Mumbai WH,18,2746.62,49439.16,9,9,0,On-Time,Not Returned,5
ORD01674,2022-04-26,CUST4058,East,Patna,Sports,Football,SwiftVendors,Rail,Bangalore WH,10,721.66,7216.6,5,3,-2,Early,Not Returned,4
ORD01675,2023-09-07,CUST1370,Central,Raipur,Grocery,Sugar,ReliableGoods,Air,Kolkata WH,8,4473.49,35787.92,4,4,0,On-Time,Not Returned,4
ORD01676,2023-01-30,CUST2777,Central,Indore,Clothing,T-Shirt,FastSupply Co,Road,Bangalore WH,18,419.46,7550.28,7,7,0,On-Time,Not Returned,4
ORD01677,2022-04-23,CUST1403,East,Kolkata,Sports,Football,QuickMart Ltd,Air,Hyderabad WH,1,4543.29,4543.29,9,9,0,On-Time,Not Returned,5
ORD01678,2022-06-25,CUST4114,West,Mumbai,Grocery,Sugar,QuickMart Ltd,Air,Hyderabad WH,8,4983.0,39864.0,3,4,1,Delayed,Not Returned,3
ORD01679,2023-04-29,CUST3595,East,Kolkata,Furniture,Sofa,FastSupply Co,Air,Delhi WH,6,3517.14,21102.84,6,7,1,Delayed,Returned,3
ORD01680,2023-02-20,CUST3883,South,Bangalore,Sports,Cycle,ReliableGoods,Rail,Hyderabad WH,5,3863.71,19318.55,4,5,1,Delayed,Not Returned,4
ORD01681,2023-02-06,CUST4574,North,Chandigarh,Furniture,Wardrobe,ReliableGoods,Sea,Hyderabad WH,15,1719.65,25794.75,9,9,0,On-Time,Not Returned,5
ORD01682,2022-05-16,CUST1411,East,Kolkata,Sports,Yoga Mat,FastSupply Co,Sea,Kolkata WH,15,4710.81,70662.15,5,10,5,Delayed,Returned,1
ORD01683,2022-01-16,CUST2817,Central,Indore,Sports,Yoga Mat,FastSupply Co,Sea,Bangalore WH,2,2672.08,5344.16,9,9,0,On-Time,Not Returned,5
ORD01684,2023-07-25,CUST1681,South,Chennai,Sports,Dumbbells,ReliableGoods,Rail,Mumbai WH,1,3675.32,3675.32,7,7,0,On-Time,Not Returned,5
ORD01685,2022-02-03,CUST3842,North,Delhi,Clothing,Jacket,ReliableGoods,Sea,Hyderabad WH,11,4624.33,50867.63,8,8,0,On-Time,Not Returned,5
ORD01686,2023-06-28,CUST2226,East,Bhubaneswar,Electronics,Headphones,ReliableGoods,Rail,Bangalore WH,10,4877.14,48771.4,7,7,0,On-Time,Not Returned,5
ORD01687,2022-05-17,CUST4700,North,Jaipur,Electronics,Camera,ReliableGoods,Air,Kolkata WH,18,4174.36,75138.48,9,12,3,Delayed,Returned,1
ORD01688,2022-01-18,CUST1118,West,Ahmedabad,Clothing,Shoes,QuickMart Ltd,Rail,Delhi WH,18,1549.94,27898.92,4,11,7,Delayed,Not Returned,2
ORD01689,2022-09-03,CUST1188,Central,Indore,Electronics,Mobile,FastSupply Co,Sea,Mumbai WH,17,4834.41,82184.97,9,9,0,On-Time,Not Returned,4
ORD01690,2023-10-02,CUST2328,East,Bhubaneswar,Clothing,T-Shirt,SwiftVendors,Rail,Delhi WH,8,3159.19,25273.52,9,12,3,Delayed,Not Returned,2
ORD01691,2022-05-03,CUST4261,Central,Raipur,Clothing,Shoes,FastSupply Co,Rail,Kolkata WH,15,4656.68,69850.2,3,5,2,Delayed,Returned,3
ORD01692,2023-04-13,CUST1229,South,Bangalore,Furniture,Table,FastSupply Co,Rail,Bangalore WH,8,3396.72,27173.76,5,12,7,Delayed,Returned,3
ORD01693,2022-02-28,CUST2201,South,Chennai,Clothing,T-Shirt,MegaSource Inc,Sea,Mumbai WH,17,1570.83,26704.11,4,4,0,On-Time,Not Returned,4
ORD01694,2023-10-13,CUST2468,North,Lucknow,Clothing,Jeans,MegaSource Inc,Road,Mumbai WH,12,1881.62,22579.44,9,9,0,On-Time,Not Returned,5
ORD01695,2022-06-29,CUST2535,South,Bangalore,Sports,Yoga Mat,ReliableGoods,Road,Mumbai WH,8,2774.84,22198.72,6,6,0,On-Time,Not Returned,4
ORD01696,2023-03-08,CUST2764,South,Chennai,Sports,Football,QuickMart Ltd,Rail,Delhi WH,14,3960.57,55447.98,5,8,3,Delayed,Returned,1
ORD01697,2022-07-19,CUST1596,East,Bhubaneswar,Clothing,Saree,MegaSource Inc,Sea,Mumbai WH,4,1624.01,6496.04,7,7,0,On-Time,Not Returned,4
ORD01698,2023-11-20,CUST2000,Central,Indore,Sports,Dumbbells,FastSupply Co,Air,Bangalore WH,1,2919.67,2919.67,4,4,0,On-Time,Not Returned,4
ORD01699,2022-09-28,CUST3175,North,Chandigarh,Furniture,Chair,MegaSource Inc,Road,Kolkata WH,1,1760.84,1760.84,7,7,0,On-Time,Not Returned,4
ORD01700,2022-10-15,CUST2687,South,Kochi,Furniture,Table,QuickMart Ltd,Rail,Kolkata WH,19,4088.06,77673.14,9,9,0,On-Time,Not Returned,4
ORD01701,2022-10-03,CUST3318,Central,Nagpur,Clothing,Shoes,QuickMart Ltd,Sea,Mumbai WH,16,2360.3,37764.8,7,8,1,Delayed,Not Returned,3
ORD01702,2022-08-12,CUST3792,West,Mumbai,Sports,Dumbbells,ReliableGoods,Sea,Hyderabad WH,14,429.78,6016.92,7,10,3,Delayed,Not Returned,1
ORD01703,2022-11-30,CUST4246,East,Guwahati,Grocery,Flour,FastSupply Co,Air,Hyderabad WH,16,871.96,13951.36,3,4,1,Delayed,Not Returned,4
ORD01704,2023-09-02,CUST1737,South,Kochi,Electronics,Headphones,FastSupply Co,Air,Bangalore WH,5,352.47,1762.35,7,10,3,Delayed,Not Returned,3
ORD01705,2023-01-26,CUST1696,South,Chennai,Sports,Dumbbells,SwiftVendors,Air,Delhi WH,9,2521.55,22693.95,6,6,0,On-Time,Not Returned,5
ORD01706,2023-10-08,CUST1717,South,Kochi,Furniture,Wardrobe,ReliableGoods,Air,Mumbai WH,2,576.37,1152.74,6,6,0,On-Time,Not Returned,4
ORD01707,2023-10-29,CUST1323,Central,Nagpur,Furniture,Wardrobe,SwiftVendors,Air,Bangalore WH,18,614.99,11069.82,5,5,0,On-Time,Not Returned,5
ORD01708,2022-07-08,CUST3496,East,Bhubaneswar,Grocery,Sugar,ReliableGoods,Air,Kolkata WH,6,4708.19,28249.14,9,9,0,On-Time,Not Returned,5
ORD01709,2023-10-20,CUST4566,East,Guwahati,Clothing,Shoes,QuickMart Ltd,Air,Bangalore WH,9,4369.64,39326.76,8,8,0,On-Time,Not Returned,4
ORD01710,2022-09-17,CUST2566,Central,Nagpur,Grocery,Flour,FastSupply Co,Road,Mumbai WH,1,2287.83,2287.83,7,8,1,Delayed,Not Returned,3
ORD01711,2022-12-09,CUST3538,North,Jaipur,Grocery,Oil,MegaSource Inc,Air,Hyderabad WH,9,4929.74,44367.66,7,7,0,On-Time,Not Returned,4
ORD01712,2023-06-19,CUST3798,East,Patna,Electronics,Mobile,MegaSource Inc,Sea,Bangalore WH,16,50.92,814.72,4,6,2,Delayed,Not Returned,4
ORD01713,2023-11-28,CUST1986,Central,Nagpur,Furniture,Chair,FastSupply Co,Road,Hyderabad WH,13,3089.2,40159.6,3,3,0,On-Time,Not Returned,5
ORD01714,2023-05-12,CUST3038,Central,Indore,Grocery,Oil,SwiftVendors,Air,Delhi WH,9,3101.32,27911.88,8,8,0,On-Time,Not Returned,5
ORD01715,2022-01-07,CUST4738,South,Bangalore,Clothing,Jeans,MegaSource Inc,Sea,Kolkata WH,13,2314.34,30086.42,5,5,0,On-Time,Not Returned,4
ORD01716,2022-03-25,CUST3388,Central,Raipur,Sports,Cricket Bat,ReliableGoods,Sea,Hyderabad WH,9,2014.89,18134.01,8,8,0,On-Time,Not Returned,4
ORD01717,2022-07-02,CUST1586,South,Hyderabad,Clothing,Shoes,ReliableGoods,Rail,Bangalore WH,11,2304.15,25345.65,7,7,0,On-Time,Not Returned,5
ORD01718,2022-01-12,CUST1951,West,Pune,Electronics,Mobile,SwiftVendors,Air,Kolkata WH,4,2104.05,8416.2,4,4,0,On-Time,Not Returned,5
ORD01719,2022-10-30,CUST2888,Central,Raipur,Furniture,Table,QuickMart Ltd,Sea,Kolkata WH,2,3665.94,7331.88,9,9,0,On-Time,Returned,4
ORD01720,2023-11-09,CUST3612,East,Bhubaneswar,Clothing,Jeans,MegaSource Inc,Road,Hyderabad WH,6,720.01,4320.06,3,3,0,On-Time,Not Returned,4
ORD01721,2023-11-05,CUST2040,South,Chennai,Furniture,Bed,MegaSource Inc,Sea,Mumbai WH,14,1028.31,14396.34,9,9,0,On-Time,Not Returned,5
ORD01722,2022-05-27,CUST2882,West,Mumbai,Sports,Cricket Bat,SwiftVendors,Air,Hyderabad WH,4,943.57,3774.28,5,7,2,Delayed,Not Returned,3
ORD01723,2022-11-02,CUST2045,North,Lucknow,Sports,Yoga Mat,SwiftVendors,Air,Kolkata WH,6,1349.23,8095.38,8,9,1,Delayed,Not Returned,4
ORD01724,2022-06-16,CUST3731,North,Chandigarh,Sports,Cricket Bat,QuickMart Ltd,Air,Mumbai WH,19,2650.03,50350.57,5,5,0,On-Time,Not Returned,5
ORD01725,2023-11-05,CUST1038,North,Delhi,Clothing,T-Shirt,MegaSource Inc,Rail,Mumbai WH,6,600.48,3602.88,7,9,2,Delayed,Not Returned,4
ORD01726,2023-01-18,CUST4681,South,Kochi,Grocery,Oil,MegaSource Inc,Sea,Hyderabad WH,2,4347.44,8694.88,5,6,1,Delayed,Not Returned,4
ORD01727,2022-08-09,CUST4295,Central,Indore,Clothing,Shoes,ReliableGoods,Air,Kolkata WH,18,1521.94,27394.92,9,10,1,Delayed,Not Returned,3
ORD01728,2023-02-22,CUST2905,South,Kochi,Furniture,Bed,QuickMart Ltd,Road,Delhi WH,13,854.56,11109.28,4,4,0,On-Time,Not Returned,4
ORD01729,2023-09-03,CUST4691,North,Chandigarh,Grocery,Flour,SwiftVendors,Air,Kolkata WH,9,3394.33,30548.97,5,5,0,On-Time,Not Returned,5
ORD01730,2022-01-20,CUST2178,Central,Raipur,Grocery,Flour,ReliableGoods,Air,Mumbai WH,19,238.53,4532.07,6,7,1,Delayed,Not Returned,4
ORD01731,2023-08-23,CUST3775,West,Pune,Electronics,Headphones,MegaSource Inc,Rail,Mumbai WH,13,3118.84,40544.92,4,4,0,On-Time,Not Returned,5
ORD01732,2022-04-03,CUST3238,North,Lucknow,Sports,Yoga Mat,ReliableGoods,Air,Mumbai WH,11,3506.08,38566.88,8,15,7,Delayed,Returned,3
ORD01733,2022-06-09,CUST1647,East,Bhubaneswar,Clothing,Shoes,MegaSource Inc,Sea,Delhi WH,1,1113.84,1113.84,3,6,3,Delayed,Not Returned,3
ORD01734,2022-08-17,CUST1302,Central,Nagpur,Electronics,Laptop,MegaSource Inc,Air,Kolkata WH,7,257.72,1804.04,3,3,0,On-Time,Not Returned,4
ORD01735,2023-04-15,CUST2809,South,Bangalore,Furniture,Table,QuickMart Ltd,Road,Bangalore WH,15,1850.04,27750.6,7,7,0,On-Time,Not Returned,4
ORD01736,2023-01-08,CUST4871,South,Chennai,Electronics,Camera,ReliableGoods,Air,Mumbai WH,1,538.04,538.04,7,7,0,On-Time,Not Returned,4
ORD01737,2022-09-12,CUST2415,East,Guwahati,Sports,Cycle,SwiftVendors,Sea,Mumbai WH,12,626.57,7518.84,6,6,0,On-Time,Not Returned,4
ORD01738,2022-01-10,CUST3406,South,Kochi,Electronics,Tablet,ReliableGoods,Sea,Delhi WH,7,1308.59,9160.13,8,8,0,On-Time,Not Returned,5
ORD01739,2022-07-07,CUST2225,East,Bhubaneswar,Sports,Cycle,MegaSource Inc,Air,Bangalore WH,15,1512.57,22688.55,9,9,0,On-Time,Not Returned,5
ORD01740,2023-07-19,CUST3617,North,Jaipur,Grocery,Flour,ReliableGoods,Road,Bangalore WH,19,2673.35,50793.65,3,3,0,On-Time,Not Returned,4
ORD01741,2022-09-30,CUST4940,North,Jaipur,Electronics,Headphones,FastSupply Co,Air,Bangalore WH,1,3408.04,3408.04,3,3,0,On-Time,Not Returned,4
ORD01742,2023-08-07,CUST2737,South,Hyderabad,Furniture,Sofa,SwiftVendors,Sea,Bangalore WH,17,2984.22,50731.74,3,2,-1,Early,Returned,5
ORD01743,2023-04-08,CUST3827,Central,Bhopal,Electronics,Camera,MegaSource Inc,Road,Delhi WH,17,784.38,13334.46,9,9,0,On-Time,Not Returned,4
ORD01744,2023-02-19,CUST2024,South,Kochi,Furniture,Sofa,QuickMart Ltd,Rail,Hyderabad WH,3,901.83,2705.49,3,10,7,Delayed,Returned,3
ORD01745,2023-12-23,CUST2871,North,Chandigarh,Furniture,Wardrobe,MegaSource Inc,Air,Hyderabad WH,12,4399.91,52798.92,5,10,5,Delayed,Not Returned,1
ORD01746,2022-03-02,CUST4462,Central,Nagpur,Furniture,Chair,MegaSource Inc,Air,Mumbai WH,6,2813.84,16883.04,8,8,0,On-Time,Not Returned,4
ORD01747,2022-09-13,CUST2237,East,Patna,Clothing,Shoes,ReliableGoods,Rail,Kolkata WH,11,4356.19,47918.09,4,6,2,Delayed,Not Returned,3
ORD01748,2023-09-17,CUST1815,North,Jaipur,Clothing,Jeans,ReliableGoods,Rail,Kolkata WH,3,1889.16,5667.48,4,4,0,On-Time,Returned,5
ORD01749,2023-01-21,CUST2575,East,Bhubaneswar,Furniture,Table,SwiftVendors,Rail,Bangalore WH,8,3091.28,24730.24,6,7,1,Delayed,Not Returned,4
ORD01750,2023-10-27,CUST4495,West,Pune,Electronics,Headphones,QuickMart Ltd,Sea,Bangalore WH,14,2642.13,36989.82,5,5,0,On-Time,Not Returned,5
ORD01751,2023-04-05,CUST2979,Central,Bhopal,Electronics,Mobile,FastSupply Co,Rail,Kolkata WH,14,1629.66,22815.24,3,3,0,On-Time,Not Returned,4
ORD01752,2022-01-01,CUST1436,North,Jaipur,Grocery,Flour,MegaSource Inc,Road,Hyderabad WH,10,2376.08,23760.8,3,3,0,On-Time,Not Returned,5
ORD01753,2022-05-16,CUST1971,East,Kolkata,Clothing,Shoes,SwiftVendors,Sea,Kolkata WH,2,2537.33,5074.66,7,7,0,On-Time,Not Returned,5
ORD01754,2022-10-28,CUST2562,East,Kolkata,Grocery,Flour,QuickMart Ltd,Road,Bangalore WH,14,1043.82,14613.48,7,7,0,On-Time,Not Returned,4
ORD01755,2022-09-06,CUST3342,East,Guwahati,Electronics,Tablet,SwiftVendors,Air,Delhi WH,9,1609.3,14483.7,6,6,0,On-Time,Returned,4
ORD01756,2023-01-20,CUST2470,South,Chennai,Electronics,Headphones,MegaSource Inc,Road,Bangalore WH,3,3967.48,11902.44,3,3,0,On-Time,Not Returned,4
ORD01757,2022-11-22,CUST3354,South,Kochi,Clothing,T-Shirt,SwiftVendors,Air,Mumbai WH,8,4583.15,36665.2,6,6,0,On-Time,Not Returned,4
ORD01758,2022-05-17,CUST2211,West,Surat,Sports,Dumbbells,QuickMart Ltd,Air,Kolkata WH,16,1830.98,29295.68,5,5,0,On-Time,Not Returned,5
ORD01759,2023-12-08,CUST3864,West,Surat,Furniture,Bed,SwiftVendors,Sea,Delhi WH,2,1569.51,3139.02,4,4,0,On-Time,Not Returned,5
ORD01760,2022-11-12,CUST2209,East,Kolkata,Sports,Yoga Mat,QuickMart Ltd,Road,Delhi WH,6,1016.23,6097.38,3,3,0,On-Time,Not Returned,4
ORD01761,2022-02-13,CUST1089,South,Kochi,Grocery,Oil,QuickMart Ltd,Rail,Mumbai WH,12,3408.53,40902.36,8,8,0,On-Time,Not Returned,4
ORD01762,2022-12-27,CUST4399,Central,Indore,Electronics,Laptop,ReliableGoods,Rail,Bangalore WH,5,1649.34,8246.7,9,12,3,Delayed,Not Returned,2
ORD01763,2022-12-30,CUST3696,Central,Nagpur,Sports,Yoga Mat,FastSupply Co,Sea,Bangalore WH,2,4939.36,9878.72,5,5,0,On-Time,Not Returned,4
ORD01764,2022-08-16,CUST2621,East,Kolkata,Furniture,Bed,ReliableGoods,Sea,Hyderabad WH,16,1662.14,26594.24,3,4,1,Delayed,Not Returned,4
ORD01765,2023-12-17,CUST2124,South,Chennai,Sports,Yoga Mat,FastSupply Co,Sea,Hyderabad WH,5,2000.97,10004.85,9,9,0,On-Time,Not Returned,4
ORD01766,2023-03-12,CUST1033,Central,Indore,Furniture,Bed,SwiftVendors,Rail,Kolkata WH,15,3036.5,45547.5,8,13,5,Delayed,Returned,1
ORD01767,2022-09-19,CUST3318,South,Bangalore,Sports,Football,SwiftVendors,Sea,Kolkata WH,12,4018.34,48220.08,7,7,0,On-Time,Returned,5
ORD01768,2023-05-29,CUST4543,West,Pune,Furniture,Wardrobe,FastSupply Co,Air,Delhi WH,4,2374.12,9496.48,6,6,0,On-Time,Not Returned,5
ORD01769,2022-03-23,CUST3809,East,Patna,Sports,Dumbbells,SwiftVendors,Road,Bangalore WH,15,2142.15,32132.25,7,7,0,On-Time,Returned,5
ORD01770,2023-12-18,CUST4187,East,Patna,Electronics,Mobile,FastSupply Co,Air,Kolkata WH,11,4978.41,54762.51,4,4,0,On-Time,Not Returned,5
ORD01771,2023-06-30,CUST4050,South,Bangalore,Electronics,Tablet,SwiftVendors,Air,Delhi WH,16,101.94,1631.04,7,7,0,On-Time,Not Returned,4
ORD01772,2023-03-27,CUST4987,South,Chennai,Clothing,Saree,FastSupply Co,Rail,Delhi WH,6,4480.57,26883.42,3,3,0,On-Time,Not Returned,4
ORD01773,2023-01-12,CUST1200,North,Delhi,Furniture,Table,MegaSource Inc,Road,Delhi WH,14,788.25,11035.5,8,6,-2,Early,Not Returned,5
ORD01774,2022-10-13,CUST4729,Central,Indore,Grocery,Rice,SwiftVendors,Road,Mumbai WH,18,3940.33,70925.94,7,7,0,On-Time,Not Returned,4
ORD01775,2023-11-27,CUST3483,West,Ahmedabad,Clothing,Jeans,QuickMart Ltd,Sea,Hyderabad WH,12,3108.76,37305.12,3,3,0,On-Time,Not Returned,4
ORD01776,2022-01-17,CUST4052,Central,Nagpur,Furniture,Bed,QuickMart Ltd,Road,Mumbai WH,11,1742.14,19163.54,4,6,2,Delayed,Not Returned,4
ORD01777,2022-09-06,CUST3034,North,Jaipur,Sports,Yoga Mat,MegaSource Inc,Sea,Bangalore WH,13,4375.68,56883.84,9,9,0,On-Time,Returned,4
ORD01778,2023-02-14,CUST4411,South,Chennai,Sports,Dumbbells,ReliableGoods,Rail,Delhi WH,11,113.89,1252.79,8,11,3,Delayed,Returned,2
ORD01779,2023-12-20,CUST4703,Central,Indore,Sports,Football,FastSupply Co,Sea,Delhi WH,16,1172.12,18753.92,7,7,0,On-Time,Not Returned,5
ORD01780,2022-10-06,CUST4698,East,Guwahati,Grocery,Rice,MegaSource Inc,Sea,Bangalore WH,15,2856.12,42841.8,6,8,2,Delayed,Not Returned,4
ORD01781,2023-06-07,CUST2172,Central,Nagpur,Grocery,Pulses,MegaSource Inc,Sea,Kolkata WH,15,1790.13,26851.95,6,6,0,On-Time,Not Returned,5
ORD01782,2023-07-14,CUST4177,South,Kochi,Sports,Yoga Mat,SwiftVendors,Road,Mumbai WH,4,3071.37,12285.48,8,11,3,Delayed,Not Returned,2
ORD01783,2022-05-31,CUST4272,Central,Nagpur,Clothing,Saree,ReliableGoods,Air,Bangalore WH,11,169.35,1862.85,6,8,2,Delayed,Not Returned,3
ORD01784,2022-05-02,CUST1942,North,Lucknow,Furniture,Chair,SwiftVendors,Rail,Kolkata WH,19,626.47,11902.93,7,7,0,On-Time,Not Returned,4
ORD01785,2022-12-27,CUST3486,West,Surat,Electronics,Headphones,ReliableGoods,Air,Bangalore WH,15,679.13,10186.95,7,7,0,On-Time,Not Returned,4
ORD01786,2023-08-07,CUST4284,South,Chennai,Sports,Yoga Mat,QuickMart Ltd,Road,Kolkata WH,4,986.95,3947.8,8,8,0,On-Time,Returned,4
ORD01787,2023-04-08,CUST2443,East,Kolkata,Clothing,Shoes,SwiftVendors,Road,Kolkata WH,13,2323.69,30207.97,7,6,-1,Early,Not Returned,4
ORD01788,2023-05-26,CUST1897,North,Jaipur,Clothing,T-Shirt,MegaSource Inc,Sea,Bangalore WH,19,3773.04,71687.76,9,9,0,On-Time,Not Returned,5
ORD01789,2022-09-12,CUST3607,South,Hyderabad,Clothing,Shoes,ReliableGoods,Air,Hyderabad WH,2,4532.42,9064.84,3,3,0,On-Time,Not Returned,5
ORD01790,2023-06-15,CUST1778,East,Kolkata,Grocery,Sugar,FastSupply Co,Air,Bangalore WH,14,4185.09,58591.26,4,4,0,On-Time,Not Returned,5
ORD01791,2023-01-14,CUST3543,East,Patna,Sports,Cricket Bat,QuickMart Ltd,Air,Bangalore WH,4,1024.59,4098.36,9,9,0,On-Time,Not Returned,5
ORD01792,2022-10-11,CUST2026,South,Kochi,Furniture,Sofa,ReliableGoods,Rail,Bangalore WH,16,2233.7,35739.2,9,9,0,On-Time,Not Returned,5
ORD01793,2023-12-31,CUST3776,North,Lucknow,Electronics,Tablet,QuickMart Ltd,Sea,Hyderabad WH,14,1037.09,14519.26,6,5,-1,Early,Not Returned,4
ORD01794,2023-02-14,CUST4094,East,Bhubaneswar,Furniture,Bed,QuickMart Ltd,Sea,Delhi WH,15,1359.14,20387.1,3,3,0,On-Time,Not Returned,5
ORD01795,2023-02-25,CUST3952,West,Mumbai,Clothing,T-Shirt,FastSupply Co,Sea,Hyderabad WH,3,2542.56,7627.68,8,11,3,Delayed,Returned,2
ORD01796,2022-06-05,CUST4143,North,Lucknow,Sports,Yoga Mat,SwiftVendors,Air,Kolkata WH,8,387.14,3097.12,6,6,0,On-Time,Not Returned,5
ORD01797,2022-07-22,CUST3700,East,Kolkata,Grocery,Sugar,FastSupply Co,Rail,Bangalore WH,16,1129.96,18079.36,3,3,0,On-Time,Returned,4
ORD01798,2022-05-11,CUST3788,South,Hyderabad,Grocery,Rice,ReliableGoods,Rail,Delhi WH,10,4680.12,46801.2,7,7,0,On-Time,Not Returned,4
ORD01799,2022-08-25,CUST4433,South,Chennai,Clothing,Shoes,QuickMart Ltd,Air,Mumbai WH,4,2357.28,9429.12,8,8,0,On-Time,Not Returned,4
ORD01800,2023-03-15,CUST1560,North,Delhi,Grocery,Rice,FastSupply Co,Air,Delhi WH,18,2254.66,40583.88,8,7,-1,Early,Not Returned,4
ORD01801,2022-02-09,CUST3573,East,Guwahati,Furniture,Bed,MegaSource Inc,Air,Hyderabad WH,2,122.11,244.22,6,9,3,Delayed,Not Returned,2
ORD01802,2023-01-26,CUST1397,East,Patna,Grocery,Pulses,QuickMart Ltd,Air,Delhi WH,17,1274.63,21668.71,7,7,0,On-Time,Not Returned,4
ORD01803,2023-02-17,CUST4700,North,Jaipur,Sports,Cycle,ReliableGoods,Sea,Bangalore WH,13,4338.15,56395.95,6,6,0,On-Time,Not Returned,5
ORD01804,2023-04-20,CUST3570,North,Delhi,Furniture,Bed,MegaSource Inc,Sea,Mumbai WH,4,864.91,3459.64,5,5,0,On-Time,Not Returned,4
ORD01805,2023-09-11,CUST3647,North,Lucknow,Furniture,Table,QuickMart Ltd,Sea,Kolkata WH,11,2104.87,23153.57,3,10,7,Delayed,Not Returned,2
ORD01806,2023-10-02,CUST1161,West,Ahmedabad,Grocery,Flour,SwiftVendors,Air,Mumbai WH,7,120.94,846.58,5,8,3,Delayed,Not Returned,3
ORD01807,2023-06-26,CUST2265,West,Pune,Sports,Dumbbells,FastSupply Co,Rail,Delhi WH,12,2417.76,29013.12,3,5,2,Delayed,Returned,3
ORD01808,2023-02-22,CUST4230,West,Mumbai,Clothing,T-Shirt,QuickMart Ltd,Air,Bangalore WH,10,154.05,1540.5,4,4,0,On-Time,Not Returned,5
ORD01809,2022-10-18,CUST2805,South,Bangalore,Furniture,Chair,FastSupply Co,Air,Bangalore WH,7,4107.07,28749.49,9,9,0,On-Time,Not Returned,4
ORD01810,2023-08-23,CUST1136,West,Pune,Electronics,Headphones,FastSupply Co,Rail,Bangalore WH,13,4133.03,53729.39,8,8,0,On-Time,Not Returned,4
ORD01811,2022-03-17,CUST3373,West,Ahmedabad,Furniture,Chair,FastSupply Co,Road,Delhi WH,7,3949.32,27645.24,6,6,0,On-Time,Returned,5
ORD01812,2022-05-13,CUST2494,West,Pune,Grocery,Pulses,MegaSource Inc,Air,Mumbai WH,17,1452.65,24695.05,4,4,0,On-Time,Not Returned,5
ORD01813,2023-01-17,CUST3999,East,Kolkata,Furniture,Table,FastSupply Co,Rail,Delhi WH,10,4194.32,41943.2,4,4,0,On-Time,Not Returned,5
ORD01814,2023-08-19,CUST1538,Central,Indore,Electronics,Mobile,QuickMart Ltd,Air,Hyderabad WH,10,2737.84,27378.4,8,8,0,On-Time,Not Returned,5
ORD01815,2022-11-14,CUST1369,West,Pune,Electronics,Mobile,QuickMart Ltd,Rail,Mumbai WH,4,1900.35,7601.4,8,13,5,Delayed,Returned,1
ORD01816,2023-08-04,CUST4725,North,Chandigarh,Electronics,Laptop,FastSupply Co,Road,Mumbai WH,4,3145.38,12581.52,3,5,2,Delayed,Not Returned,3
ORD01817,2023-05-12,CUST2208,West,Ahmedabad,Clothing,Jacket,FastSupply Co,Air,Delhi WH,7,111.09,777.63,5,5,0,On-Time,Not Returned,5
ORD01818,2023-11-14,CUST2338,Central,Raipur,Electronics,Laptop,MegaSource Inc,Rail,Kolkata WH,1,757.66,757.66,7,7,0,On-Time,Returned,5
ORD01819,2022-06-28,CUST4061,South,Hyderabad,Clothing,T-Shirt,ReliableGoods,Road,Delhi WH,12,3724.35,44692.2,3,3,0,On-Time,Not Returned,5
ORD01820,2022-05-19,CUST2701,South,Kochi,Sports,Cycle,FastSupply Co,Air,Delhi WH,13,1258.6,16361.8,7,9,2,Delayed,Not Returned,4
ORD01821,2022-02-21,CUST1719,West,Ahmedabad,Electronics,Laptop,ReliableGoods,Rail,Mumbai WH,10,3010.15,30101.5,4,6,2,Delayed,Returned,3
ORD01822,2022-09-20,CUST1822,North,Delhi,Electronics,Headphones,MegaSource Inc,Air,Mumbai WH,15,1956.26,29343.9,7,9,2,Delayed,Not Returned,3
ORD01823,2022-07-10,CUST1541,North,Delhi,Furniture,Chair,ReliableGoods,Rail,Kolkata WH,13,4281.29,55656.77,5,7,2,Delayed,Returned,3
ORD01824,2023-09-12,CUST4221,East,Patna,Sports,Dumbbells,FastSupply Co,Sea,Delhi WH,9,4764.46,42880.14,3,3,0,On-Time,Not Returned,5
ORD01825,2023-06-22,CUST3209,North,Lucknow,Grocery,Sugar,SwiftVendors,Sea,Delhi WH,9,4423.65,39812.85,8,8,0,On-Time,Not Returned,4
ORD01826,2023-02-01,CUST4589,East,Guwahati,Electronics,Mobile,MegaSource Inc,Sea,Kolkata WH,15,1389.57,20843.55,5,5,0,On-Time,Not Returned,5
ORD01827,2022-07-08,CUST4979,East,Guwahati,Grocery,Pulses,MegaSource Inc,Road,Kolkata WH,10,1011.11,10111.1,9,9,0,On-Time,Not Returned,4
ORD01828,2022-06-19,CUST2498,North,Delhi,Sports,Cricket Bat,ReliableGoods,Air,Delhi WH,10,2398.45,23984.5,5,7,2,Delayed,Not Returned,4
ORD01829,2023-02-25,CUST3174,North,Jaipur,Clothing,Saree,MegaSource Inc,Road,Kolkata WH,8,86.3,690.4,9,9,0,On-Time,Not Returned,4
ORD01830,2023-08-01,CUST3055,East,Patna,Grocery,Sugar,QuickMart Ltd,Sea,Bangalore WH,16,177.76,2844.16,3,3,0,On-Time,Not Returned,5
ORD01831,2023-09-27,CUST4741,South,Kochi,Grocery,Oil,MegaSource Inc,Sea,Hyderabad WH,17,2788.79,47409.43,8,8,0,On-Time,Not Returned,4
ORD01832,2022-05-12,CUST2116,West,Ahmedabad,Sports,Dumbbells,ReliableGoods,Air,Hyderabad WH,5,2626.22,13131.1,5,4,-1,Early,Not Returned,5
ORD01833,2022-01-12,CUST4401,South,Chennai,Sports,Yoga Mat,SwiftVendors,Sea,Delhi WH,4,4973.18,19892.72,9,9,0,On-Time,Not Returned,4
ORD01834,2023-01-29,CUST1673,North,Chandigarh,Electronics,Camera,SwiftVendors,Sea,Hyderabad WH,18,1049.12,18884.16,8,9,1,Delayed,Not Returned,4
ORD01835,2023-03-03,CUST2052,Central,Indore,Grocery,Rice,ReliableGoods,Rail,Bangalore WH,19,1327.61,25224.59,6,6,0,On-Time,Not Returned,5
ORD01836,2023-02-12,CUST4743,North,Delhi,Electronics,Tablet,SwiftVendors,Air,Hyderabad WH,4,612.03,2448.12,6,6,0,On-Time,Not Returned,4
ORD01837,2022-03-16,CUST4377,East,Kolkata,Sports,Cycle,SwiftVendors,Sea,Bangalore WH,7,4591.84,32142.88,6,6,0,On-Time,Not Returned,5
ORD01838,2023-04-10,CUST4867,Central,Indore,Clothing,T-Shirt,FastSupply Co,Sea,Bangalore WH,10,3900.17,39001.7,7,9,2,Delayed,Not Returned,4
ORD01839,2023-08-06,CUST2973,Central,Nagpur,Electronics,Laptop,ReliableGoods,Air,Hyderabad WH,18,4120.58,74170.44,5,5,0,On-Time,Not Returned,5
ORD01840,2023-08-21,CUST4962,West,Ahmedabad,Grocery,Oil,FastSupply Co,Road,Bangalore WH,19,4518.68,85854.92,3,8,5,Delayed,Returned,2
ORD01841,2023-02-22,CUST4303,North,Delhi,Sports,Dumbbells,ReliableGoods,Road,Delhi WH,4,2648.25,10593.0,3,3,0,On-Time,Not Returned,4
ORD01842,2022-07-01,CUST2208,West,Mumbai,Furniture,Table,MegaSource Inc,Sea,Delhi WH,10,2283.41,22834.1,7,7,0,On-Time,Not Returned,5
ORD01843,2022-07-13,CUST4057,South,Bangalore,Clothing,Saree,MegaSource Inc,Rail,Hyderabad WH,1,1685.44,1685.44,3,10,7,Delayed,Not Returned,1
ORD01844,2022-12-20,CUST4565,Central,Raipur,Sports,Cricket Bat,FastSupply Co,Air,Bangalore WH,18,2966.61,53398.98,9,9,0,On-Time,Returned,5
ORD01845,2023-01-22,CUST2387,West,Mumbai,Sports,Football,MegaSource Inc,Sea,Delhi WH,5,2298.68,11493.4,6,6,0,On-Time,Not Returned,4
ORD01846,2023-09-17,CUST4294,South,Bangalore,Electronics,Tablet,ReliableGoods,Sea,Bangalore WH,15,2285.25,34278.75,5,7,2,Delayed,Returned,3
ORD01847,2023-08-28,CUST1471,North,Jaipur,Sports,Cricket Bat,ReliableGoods,Rail,Delhi WH,17,4687.79,79692.43,3,3,0,On-Time,Not Returned,4
ORD01848,2023-09-08,CUST2918,North,Chandigarh,Grocery,Sugar,SwiftVendors,Road,Bangalore WH,3,4920.96,14762.88,3,5,2,Delayed,Not Returned,4
ORD01849,2023-11-05,CUST4944,East,Bhubaneswar,Clothing,Shoes,FastSupply Co,Road,Mumbai WH,12,3992.6,47911.2,4,4,0,On-Time,Not Returned,4
ORD01850,2022-06-08,CUST1308,South,Chennai,Sports,Football,ReliableGoods,Road,Kolkata WH,2,3795.95,7591.9,4,4,0,On-Time,Not Returned,5
ORD01851,2023-08-26,CUST1576,South,Hyderabad,Clothing,Shoes,SwiftVendors,Rail,Mumbai WH,1,3418.76,3418.76,4,4,0,On-Time,Returned,5
ORD01852,2023-09-10,CUST4089,West,Surat,Clothing,Jacket,SwiftVendors,Sea,Hyderabad WH,17,872.07,14825.19,5,8,3,Delayed,Returned,3
ORD01853,2023-07-16,CUST4958,Central,Nagpur,Electronics,Mobile,MegaSource Inc,Road,Bangalore WH,16,342.57,5481.12,6,6,0,On-Time,Not Returned,4
ORD01854,2022-09-11,CUST1924,Central,Indore,Furniture,Chair,ReliableGoods,Road,Kolkata WH,5,3469.1,17345.5,8,10,2,Delayed,Not Returned,3
ORD01855,2022-08-09,CUST4523,East,Patna,Clothing,Saree,FastSupply Co,Rail,Bangalore WH,15,3657.49,54862.35,6,13,7,Delayed,Returned,2
ORD01856,2022-11-25,CUST3770,East,Guwahati,Sports,Yoga Mat,ReliableGoods,Air,Hyderabad WH,3,282.52,847.56,6,6,0,On-Time,Not Returned,5
ORD01857,2023-07-21,CUST3966,East,Guwahati,Furniture,Wardrobe,FastSupply Co,Sea,Mumbai WH,7,4643.86,32507.02,5,5,0,On-Time,Not Returned,5
ORD01858,2023-05-04,CUST3762,South,Chennai,Electronics,Headphones,ReliableGoods,Air,Kolkata WH,11,501.15,5512.65,9,9,0,On-Time,Returned,4
ORD01859,2023-02-14,CUST2627,North,Lucknow,Grocery,Rice,FastSupply Co,Air,Mumbai WH,10,1465.21,14652.1,9,9,0,On-Time,Not Returned,4
ORD01860,2023-07-24,CUST4961,North,Chandigarh,Grocery,Sugar,ReliableGoods,Rail,Mumbai WH,9,3378.33,30404.97,5,5,0,On-Time,Not Returned,5
ORD01861,2023-06-12,CUST4464,West,Mumbai,Grocery,Flour,MegaSource Inc,Road,Bangalore WH,14,890.87,12472.18,4,5,1,Delayed,Not Returned,4
ORD01862,2023-04-21,CUST4295,Central,Bhopal,Clothing,Shoes,SwiftVendors,Sea,Mumbai WH,13,324.31,4216.03,3,1,-2,Early,Not Returned,5
ORD01863,2023-12-29,CUST3282,Central,Nagpur,Furniture,Chair,FastSupply Co,Road,Hyderabad WH,2,1689.18,3378.36,7,14,7,Delayed,Not Returned,2
ORD01864,2023-05-23,CUST2498,West,Ahmedabad,Electronics,Camera,FastSupply Co,Air,Mumbai WH,3,3841.56,11524.68,7,10,3,Delayed,Not Returned,3
ORD01865,2023-04-07,CUST1369,South,Kochi,Furniture,Bed,QuickMart Ltd,Road,Bangalore WH,7,2097.71,14683.97,8,13,5,Delayed,Returned,2
ORD01866,2023-09-18,CUST4238,North,Lucknow,Clothing,T-Shirt,FastSupply Co,Sea,Bangalore WH,18,3282.22,59079.96,3,3,0,On-Time,Returned,4
ORD01867,2022-07-11,CUST2616,East,Patna,Sports,Cricket Bat,ReliableGoods,Air,Hyderabad WH,3,2919.11,8757.33,8,9,1,Delayed,Not Returned,3
ORD01868,2023-01-17,CUST1057,North,Jaipur,Electronics,Laptop,ReliableGoods,Sea,Mumbai WH,10,159.98,1599.8,4,9,5,Delayed,Not Returned,1
ORD01869,2023-03-21,CUST2083,West,Surat,Furniture,Table,MegaSource Inc,Road,Bangalore WH,7,4943.27,34602.89,8,8,0,On-Time,Not Returned,4
ORD01870,2022-01-13,CUST3197,North,Jaipur,Furniture,Chair,QuickMart Ltd,Air,Kolkata WH,9,255.07,2295.63,3,2,-1,Early,Not Returned,4
ORD01871,2022-11-05,CUST1506,East,Patna,Grocery,Oil,SwiftVendors,Air,Kolkata WH,17,4840.62,82290.54,3,3,0,On-Time,Not Returned,5
ORD01872,2022-05-05,CUST2862,Central,Nagpur,Furniture,Sofa,ReliableGoods,Sea,Bangalore WH,11,2771.83,30490.13,7,8,1,Delayed,Not Returned,3
ORD01873,2022-09-10,CUST2509,West,Ahmedabad,Furniture,Wardrobe,FastSupply Co,Air,Bangalore WH,7,4817.64,33723.48,9,11,2,Delayed,Not Returned,3
ORD01874,2022-09-18,CUST3755,South,Bangalore,Clothing,T-Shirt,MegaSource Inc,Road,Kolkata WH,14,618.03,8652.42,4,3,-1,Early,Not Returned,5
ORD01875,2023-06-22,CUST4067,North,Lucknow,Electronics,Mobile,MegaSource Inc,Air,Delhi WH,19,2477.52,47072.88,5,5,0,On-Time,Not Returned,4
ORD01876,2022-06-26,CUST3753,North,Chandigarh,Sports,Cricket Bat,SwiftVendors,Rail,Bangalore WH,4,889.05,3556.2,8,10,2,Delayed,Not Returned,4
ORD01877,2022-02-20,CUST2073,South,Kochi,Grocery,Oil,ReliableGoods,Air,Delhi WH,6,302.33,1813.98,7,7,0,On-Time,Not Returned,5
ORD01878,2023-06-20,CUST3394,South,Hyderabad,Clothing,Saree,QuickMart Ltd,Air,Bangalore WH,10,3106.77,31067.7,8,8,0,On-Time,Returned,5
ORD01879,2022-09-15,CUST2560,East,Patna,Furniture,Bed,SwiftVendors,Road,Delhi WH,7,1078.53,7549.71,8,10,2,Delayed,Not Returned,3
ORD01880,2023-09-15,CUST4368,North,Delhi,Sports,Cricket Bat,ReliableGoods,Rail,Bangalore WH,13,2959.1,38468.3,5,5,0,On-Time,Not Returned,5
ORD01881,2022-09-10,CUST3615,West,Pune,Electronics,Mobile,FastSupply Co,Sea,Kolkata WH,14,606.2,8486.8,4,5,1,Delayed,Returned,4
ORD01882,2022-04-08,CUST4851,North,Lucknow,Grocery,Sugar,FastSupply Co,Road,Hyderabad WH,4,1693.33,6773.32,3,3,0,On-Time,Not Returned,4
ORD01883,2022-12-02,CUST2521,East,Patna,Sports,Football,QuickMart Ltd,Air,Bangalore WH,8,3919.08,31352.64,6,6,0,On-Time,Not Returned,5
ORD01884,2022-07-24,CUST1443,West,Surat,Grocery,Oil,SwiftVendors,Air,Mumbai WH,5,2213.41,11067.05,8,9,1,Delayed,Not Returned,3
ORD01885,2023-09-10,CUST3764,West,Pune,Electronics,Headphones,FastSupply Co,Sea,Kolkata WH,1,3157.34,3157.34,6,6,0,On-Time,Not Returned,4
ORD01886,2023-06-25,CUST1957,West,Pune,Furniture,Chair,SwiftVendors,Air,Mumbai WH,4,3254.92,13019.68,4,4,0,On-Time,Not Returned,5
ORD01887,2022-07-14,CUST2931,East,Patna,Electronics,Tablet,ReliableGoods,Rail,Bangalore WH,3,4226.59,12679.77,6,5,-1,Early,Not Returned,4
ORD01888,2023-09-06,CUST1102,North,Chandigarh,Sports,Yoga Mat,FastSupply Co,Air,Hyderabad WH,9,1658.37,14925.33,8,8,0,On-Time,Not Returned,5
ORD01889,2022-03-28,CUST3537,Central,Nagpur,Grocery,Oil,SwiftVendors,Air,Bangalore WH,8,3452.11,27616.88,5,7,2,Delayed,Not Returned,4
ORD01890,2022-06-08,CUST4621,West,Pune,Furniture,Sofa,QuickMart Ltd,Sea,Hyderabad WH,1,4810.0,4810.0,6,6,0,On-Time,Not Returned,5
ORD01891,2022-05-10,CUST4863,South,Bangalore,Furniture,Table,ReliableGoods,Rail,Kolkata WH,6,3664.7,21988.2,4,4,0,On-Time,Not Returned,4
ORD01892,2023-02-17,CUST3299,East,Bhubaneswar,Furniture,Wardrobe,MegaSource Inc,Rail,Delhi WH,9,2474.86,22273.74,4,4,0,On-Time,Not Returned,4
ORD01893,2022-01-11,CUST2343,West,Mumbai,Electronics,Headphones,SwiftVendors,Road,Bangalore WH,7,3172.05,22204.35,9,9,0,On-Time,Not Returned,4
ORD01894,2022-01-31,CUST4748,East,Kolkata,Electronics,Tablet,ReliableGoods,Road,Bangalore WH,4,3711.43,14845.72,9,9,0,On-Time,Not Returned,5
ORD01895,2022-01-05,CUST3498,South,Hyderabad,Furniture,Table,SwiftVendors,Air,Hyderabad WH,13,3080.77,40050.01,5,5,0,On-Time,Not Returned,4
ORD01896,2022-03-10,CUST1906,West,Pune,Clothing,Jeans,FastSupply Co,Sea,Delhi WH,17,132.55,2253.35,6,6,0,On-Time,Not Returned,4
ORD01897,2022-10-24,CUST3652,North,Jaipur,Grocery,Sugar,MegaSource Inc,Rail,Mumbai WH,2,1014.13,2028.26,6,6,0,On-Time,Not Returned,5
ORD01898,2022-11-01,CUST1258,East,Patna,Furniture,Table,SwiftVendors,Road,Bangalore WH,5,4061.82,20309.1,9,9,0,On-Time,Not Returned,4
ORD01899,2022-02-20,CUST3602,West,Ahmedabad,Electronics,Mobile,FastSupply Co,Sea,Delhi WH,12,1399.62,16795.44,3,3,0,On-Time,Not Returned,4
ORD01900,2023-10-31,CUST4374,West,Pune,Electronics,Headphones,SwiftVendors,Rail,Kolkata WH,8,3671.23,29369.84,7,7,0,On-Time,Not Returned,5
ORD01901,2023-11-06,CUST2901,East,Bhubaneswar,Grocery,Sugar,ReliableGoods,Sea,Hyderabad WH,6,1892.0,11352.0,4,11,7,Delayed,Returned,1
ORD01902,2023-12-17,CUST4724,South,Chennai,Grocery,Flour,QuickMart Ltd,Air,Hyderabad WH,8,2633.33,21066.64,3,4,1,Delayed,Not Returned,3
ORD01903,2023-04-23,CUST3871,East,Patna,Clothing,Saree,ReliableGoods,Road,Mumbai WH,18,386.47,6956.46,4,5,1,Delayed,Not Returned,4
ORD01904,2023-02-13,CUST2237,Central,Raipur,Electronics,Laptop,MegaSource Inc,Air,Delhi WH,3,947.07,2841.21,3,3,0,On-Time,Not Returned,5
ORD01905,2022-05-31,CUST3659,North,Chandigarh,Sports,Cycle,QuickMart Ltd,Air,Delhi WH,12,4788.12,57457.44,9,14,5,Delayed,Returned,2
ORD01906,2023-09-24,CUST2672,South,Hyderabad,Sports,Yoga Mat,FastSupply Co,Rail,Mumbai WH,3,4456.18,13368.54,9,10,1,Delayed,Not Returned,4
ORD01907,2022-03-10,CUST1477,North,Jaipur,Clothing,Shoes,MegaSource Inc,Air,Hyderabad WH,6,3278.76,19672.56,7,9,2,Delayed,Not Returned,3
ORD01908,2022-11-09,CUST1572,North,Chandigarh,Grocery,Sugar,SwiftVendors,Sea,Delhi WH,2,2325.24,4650.48,3,3,0,On-Time,Not Returned,4
ORD01909,2023-10-30,CUST1185,East,Patna,Electronics,Headphones,MegaSource Inc,Sea,Kolkata WH,12,3395.02,40740.24,4,3,-1,Early,Not Returned,5
ORD01910,2023-11-09,CUST4875,Central,Bhopal,Grocery,Pulses,ReliableGoods,Rail,Mumbai WH,2,3112.12,6224.24,6,9,3,Delayed,Not Returned,1
ORD01911,2022-08-21,CUST1152,West,Mumbai,Electronics,Tablet,FastSupply Co,Sea,Mumbai WH,6,2864.33,17185.98,4,7,3,Delayed,Not Returned,2
ORD01912,2022-02-04,CUST2246,Central,Indore,Clothing,Jeans,QuickMart Ltd,Air,Delhi WH,17,342.93,5829.81,8,8,0,On-Time,Not Returned,4
ORD01913,2022-10-19,CUST3017,South,Kochi,Furniture,Chair,FastSupply Co,Road,Delhi WH,3,3182.37,9547.11,9,9,0,On-Time,Not Returned,5
ORD01914,2023-08-01,CUST1475,Central,Nagpur,Clothing,Shoes,QuickMart Ltd,Road,Hyderabad WH,2,3856.15,7712.3,5,5,0,On-Time,Not Returned,5
ORD01915,2022-03-14,CUST1398,North,Jaipur,Grocery,Flour,ReliableGoods,Sea,Hyderabad WH,8,4970.7,39765.6,5,5,0,On-Time,Not Returned,4
ORD01916,2022-08-11,CUST1961,West,Ahmedabad,Grocery,Oil,ReliableGoods,Air,Delhi WH,12,104.84,1258.08,9,12,3,Delayed,Not Returned,1
ORD01917,2022-11-04,CUST4634,Central,Nagpur,Furniture,Wardrobe,QuickMart Ltd,Rail,Kolkata WH,4,3664.36,14657.44,8,8,0,On-Time,Not Returned,4
ORD01918,2022-05-02,CUST3201,West,Mumbai,Furniture,Wardrobe,FastSupply Co,Sea,Mumbai WH,5,2880.36,14401.8,5,5,0,On-Time,Not Returned,4
ORD01919,2022-01-18,CUST1555,Central,Raipur,Furniture,Table,ReliableGoods,Air,Hyderabad WH,13,2198.56,28581.28,9,9,0,On-Time,Not Returned,5
ORD01920,2022-07-29,CUST2591,West,Ahmedabad,Grocery,Flour,QuickMart Ltd,Air,Kolkata WH,15,681.47,10222.05,5,5,0,On-Time,Not Returned,4
ORD01921,2023-06-13,CUST2858,Central,Indore,Clothing,Saree,ReliableGoods,Road,Hyderabad WH,16,2074.97,33199.52,9,9,0,On-Time,Not Returned,4
ORD01922,2023-08-12,CUST2519,South,Hyderabad,Sports,Yoga Mat,FastSupply Co,Sea,Hyderabad WH,10,1804.17,18041.7,7,9,2,Delayed,Not Returned,3
ORD01923,2023-05-23,CUST3746,West,Pune,Furniture,Table,MegaSource Inc,Rail,Delhi WH,16,1549.01,24784.16,6,6,0,On-Time,Not Returned,4
ORD01924,2022-11-26,CUST4888,East,Guwahati,Electronics,Headphones,QuickMart Ltd,Road,Hyderabad WH,12,3667.85,44014.2,6,6,0,On-Time,Returned,4
ORD01925,2022-06-05,CUST4043,North,Lucknow,Grocery,Pulses,QuickMart Ltd,Sea,Mumbai WH,17,3518.59,59816.03,4,4,0,On-Time,Not Returned,5
ORD01926,2023-10-13,CUST3852,West,Mumbai,Grocery,Pulses,MegaSource Inc,Road,Bangalore WH,16,2965.65,47450.4,8,8,0,On-Time,Not Returned,4
ORD01927,2023-07-11,CUST4874,North,Jaipur,Clothing,Saree,SwiftVendors,Sea,Delhi WH,12,4696.39,56356.68,9,9,0,On-Time,Not Returned,4
ORD01928,2023-04-27,CUST3212,Central,Bhopal,Clothing,T-Shirt,ReliableGoods,Sea,Kolkata WH,8,1781.78,14254.24,3,4,1,Delayed,Not Returned,4
ORD01929,2022-05-16,CUST2716,Central,Nagpur,Furniture,Wardrobe,QuickMart Ltd,Sea,Hyderabad WH,3,1256.82,3770.46,4,6,2,Delayed,Returned,4
ORD01930,2022-02-03,CUST3405,Central,Bhopal,Grocery,Oil,ReliableGoods,Air,Kolkata WH,16,3296.72,52747.52,4,6,2,Delayed,Not Returned,4
ORD01931,2023-08-29,CUST4040,Central,Raipur,Electronics,Headphones,FastSupply Co,Rail,Delhi WH,13,1034.13,13443.69,9,11,2,Delayed,Not Returned,3
ORD01932,2023-09-20,CUST3976,Central,Bhopal,Furniture,Table,FastSupply Co,Air,Mumbai WH,19,1609.3,30576.7,9,9,0,On-Time,Not Returned,4
ORD01933,2023-07-08,CUST1632,South,Kochi,Clothing,Jacket,QuickMart Ltd,Rail,Bangalore WH,8,1161.78,9294.24,4,3,-1,Early,Not Returned,5
ORD01934,2023-03-22,CUST4626,North,Chandigarh,Electronics,Headphones,QuickMart Ltd,Road,Hyderabad WH,5,392.31,1961.55,4,7,3,Delayed,Returned,3
ORD01935,2023-10-22,CUST2699,West,Surat,Clothing,T-Shirt,QuickMart Ltd,Air,Kolkata WH,8,4146.12,33168.96,6,11,5,Delayed,Returned,3
ORD01936,2022-12-02,CUST3682,South,Hyderabad,Furniture,Chair,SwiftVendors,Rail,Delhi WH,12,1309.98,15719.76,3,3,0,On-Time,Returned,5
ORD01937,2023-11-19,CUST1405,South,Chennai,Electronics,Camera,SwiftVendors,Air,Bangalore WH,1,2391.49,2391.49,4,11,7,Delayed,Not Returned,3
ORD01938,2023-01-28,CUST4414,South,Hyderabad,Clothing,Jeans,FastSupply Co,Sea,Mumbai WH,6,264.41,1586.46,6,9,3,Delayed,Returned,3
ORD01939,2022-11-01,CUST3004,South,Chennai,Grocery,Flour,ReliableGoods,Air,Bangalore WH,18,3511.73,63211.14,4,7,3,Delayed,Returned,2
ORD01940,2022-06-13,CUST3521,South,Bangalore,Grocery,Oil,ReliableGoods,Rail,Delhi WH,8,1686.28,13490.24,5,5,0,On-Time,Not Returned,5
ORD01941,2023-11-15,CUST2671,North,Chandigarh,Furniture,Bed,MegaSource Inc,Sea,Mumbai WH,7,3736.45,26155.15,4,6,2,Delayed,Not Returned,3
ORD01942,2023-12-16,CUST4846,West,Ahmedabad,Electronics,Camera,ReliableGoods,Air,Kolkata WH,1,2091.4,2091.4,9,8,-1,Early,Not Returned,5
ORD01943,2022-05-19,CUST4897,North,Chandigarh,Clothing,Saree,FastSupply Co,Sea,Bangalore WH,16,1018.99,16303.84,8,9,1,Delayed,Not Returned,3
ORD01944,2022-10-31,CUST2145,West,Mumbai,Clothing,Saree,SwiftVendors,Road,Kolkata WH,12,2590.22,31082.64,8,8,0,On-Time,Not Returned,5
ORD01945,2022-01-12,CUST1134,South,Chennai,Grocery,Pulses,MegaSource Inc,Road,Bangalore WH,6,696.0,4176.0,4,11,7,Delayed,Returned,1
ORD01946,2022-12-04,CUST3827,South,Kochi,Furniture,Bed,SwiftVendors,Sea,Delhi WH,2,2230.67,4461.34,7,7,0,On-Time,Not Returned,5
ORD01947,2023-09-28,CUST2517,Central,Bhopal,Electronics,Camera,FastSupply Co,Rail,Bangalore WH,14,1620.66,22689.24,5,5,0,On-Time,Not Returned,5
ORD01948,2023-12-28,CUST1889,East,Guwahati,Grocery,Rice,ReliableGoods,Road,Delhi WH,4,4564.2,18256.8,3,3,0,On-Time,Not Returned,5
ORD01949,2023-10-27,CUST2816,East,Bhubaneswar,Grocery,Sugar,ReliableGoods,Rail,Kolkata WH,1,351.6,351.6,4,11,7,Delayed,Returned,2
ORD01950,2022-06-04,CUST2821,North,Jaipur,Sports,Cricket Bat,FastSupply Co,Sea,Hyderabad WH,18,3485.39,62737.02,3,3,0,On-Time,Not Returned,5
ORD01951,2022-02-26,CUST4893,North,Lucknow,Grocery,Sugar,MegaSource Inc,Rail,Mumbai WH,13,954.62,12410.06,5,5,0,On-Time,Not Returned,5
ORD01952,2023-06-16,CUST1967,West,Mumbai,Clothing,T-Shirt,ReliableGoods,Air,Mumbai WH,2,1629.27,3258.54,4,5,1,Delayed,Not Returned,4
ORD01953,2022-07-07,CUST4503,Central,Raipur,Furniture,Table,SwiftVendors,Sea,Hyderabad WH,9,2106.79,18961.11,7,9,2,Delayed,Not Returned,4
ORD01954,2022-08-28,CUST2485,West,Surat,Grocery,Flour,ReliableGoods,Sea,Hyderabad WH,2,4544.67,9089.34,6,6,0,On-Time,Returned,5
ORD01955,2022-12-11,CUST1406,Central,Nagpur,Sports,Cycle,FastSupply Co,Road,Mumbai WH,9,1250.76,11256.84,7,12,5,Delayed,Not Returned,1
ORD01956,2022-08-26,CUST3808,East,Guwahati,Grocery,Sugar,FastSupply Co,Rail,Bangalore WH,1,501.98,501.98,9,16,7,Delayed,Returned,3
ORD01957,2022-02-01,CUST2504,East,Patna,Clothing,Saree,FastSupply Co,Air,Kolkata WH,11,1627.51,17902.61,7,7,0,On-Time,Not Returned,5
ORD01958,2023-08-07,CUST3230,Central,Indore,Electronics,Laptop,MegaSource Inc,Sea,Kolkata WH,3,568.15,1704.45,6,6,0,On-Time,Returned,4
ORD01959,2023-05-12,CUST4693,West,Ahmedabad,Electronics,Mobile,MegaSource Inc,Rail,Delhi WH,4,686.55,2746.2,9,9,0,On-Time,Not Returned,4
ORD01960,2023-03-13,CUST3641,North,Delhi,Electronics,Headphones,ReliableGoods,Sea,Bangalore WH,18,2890.56,52030.08,6,6,0,On-Time,Not Returned,5
ORD01961,2023-03-15,CUST2469,Central,Raipur,Clothing,Saree,ReliableGoods,Sea,Bangalore WH,6,351.46,2108.76,8,8,0,On-Time,Not Returned,5
ORD01962,2023-09-16,CUST1248,Central,Raipur,Clothing,Jeans,SwiftVendors,Road,Kolkata WH,3,203.11,609.33,6,11,5,Delayed,Not Returned,1
ORD01963,2022-04-15,CUST2630,Central,Raipur,Furniture,Bed,QuickMart Ltd,Rail,Kolkata WH,11,3586.35,39449.85,4,7,3,Delayed,Returned,1
ORD01964,2023-09-30,CUST2130,West,Ahmedabad,Sports,Dumbbells,QuickMart Ltd,Sea,Mumbai WH,15,1840.15,27602.25,3,3,0,On-Time,Not Returned,5
ORD01965,2022-09-25,CUST1777,North,Jaipur,Electronics,Mobile,FastSupply Co,Air,Kolkata WH,5,670.61,3353.05,8,8,0,On-Time,Not Returned,4
ORD01966,2023-07-27,CUST4965,West,Mumbai,Clothing,T-Shirt,FastSupply Co,Rail,Kolkata WH,10,1305.38,13053.8,8,8,0,On-Time,Not Returned,4
ORD01967,2023-09-28,CUST1500,South,Bangalore,Electronics,Tablet,QuickMart Ltd,Sea,Kolkata WH,12,3228.33,38739.96,3,3,0,On-Time,Not Returned,5
ORD01968,2023-02-15,CUST4887,South,Kochi,Furniture,Wardrobe,FastSupply Co,Rail,Delhi WH,15,1413.91,21208.65,8,8,0,On-Time,Not Returned,4
ORD01969,2022-05-09,CUST4473,Central,Indore,Grocery,Flour,SwiftVendors,Road,Hyderabad WH,17,2497.88,42463.96,6,11,5,Delayed,Not Returned,3
ORD01970,2023-08-06,CUST4375,Central,Indore,Sports,Dumbbells,QuickMart Ltd,Air,Kolkata WH,10,652.39,6523.9,7,14,7,Delayed,Returned,2
ORD01971,2023-07-13,CUST2862,Central,Raipur,Electronics,Camera,QuickMart Ltd,Sea,Hyderabad WH,6,2961.06,17766.36,5,5,0,On-Time,Not Returned,5
ORD01972,2022-02-04,CUST1375,North,Chandigarh,Grocery,Flour,ReliableGoods,Air,Mumbai WH,18,1614.58,29062.44,6,11,5,Delayed,Returned,1
ORD01973,2023-10-27,CUST3714,North,Jaipur,Grocery,Flour,SwiftVendors,Road,Bangalore WH,13,3153.49,40995.37,9,9,0,On-Time,Not Returned,5
ORD01974,2023-01-14,CUST1868,Central,Indore,Furniture,Bed,MegaSource Inc,Rail,Delhi WH,3,4051.55,12154.65,9,11,2,Delayed,Not Returned,3
ORD01975,2023-02-16,CUST3628,North,Chandigarh,Furniture,Table,SwiftVendors,Air,Delhi WH,10,3077.65,30776.5,7,7,0,On-Time,Not Returned,4
ORD01976,2023-07-01,CUST3619,East,Kolkata,Grocery,Sugar,MegaSource Inc,Sea,Kolkata WH,14,1513.95,21195.3,7,7,0,On-Time,Not Returned,4
ORD01977,2022-05-15,CUST3445,Central,Nagpur,Electronics,Headphones,ReliableGoods,Road,Delhi WH,6,1315.93,7895.58,8,15,7,Delayed,Returned,1
ORD01978,2022-01-05,CUST4977,East,Bhubaneswar,Grocery,Pulses,FastSupply Co,Road,Hyderabad WH,3,1670.73,5012.19,4,4,0,On-Time,Not Returned,4
ORD01979,2022-03-29,CUST1087,West,Ahmedabad,Clothing,Saree,QuickMart Ltd,Rail,Hyderabad WH,16,864.87,13837.92,4,6,2,Delayed,Not Returned,4
ORD01980,2023-05-01,CUST1207,East,Guwahati,Sports,Cycle,SwiftVendors,Road,Hyderabad WH,7,946.8,6627.6,8,8,0,On-Time,Not Returned,4
ORD01981,2023-11-06,CUST4222,West,Ahmedabad,Clothing,Jacket,ReliableGoods,Sea,Bangalore WH,14,3963.92,55494.88,8,8,0,On-Time,Not Returned,4
ORD01982,2023-01-09,CUST2366,West,Mumbai,Sports,Yoga Mat,FastSupply Co,Rail,Kolkata WH,9,1954.43,17589.87,3,3,0,On-Time,Not Returned,5
ORD01983,2022-09-09,CUST1997,Central,Indore,Clothing,T-Shirt,SwiftVendors,Road,Kolkata WH,15,2208.18,33122.7,3,3,0,On-Time,Not Returned,4
ORD01984,2023-10-06,CUST1515,Central,Bhopal,Clothing,Jeans,FastSupply Co,Air,Bangalore WH,3,2990.54,8971.62,5,6,1,Delayed,Returned,4
ORD01985,2022-01-03,CUST4223,West,Mumbai,Furniture,Wardrobe,QuickMart Ltd,Road,Bangalore WH,2,2968.78,5937.56,5,5,0,On-Time,Not Returned,5
ORD01986,2023-04-05,CUST3312,North,Jaipur,Electronics,Laptop,QuickMart Ltd,Rail,Mumbai WH,2,383.52,767.04,5,6,1,Delayed,Not Returned,4
ORD01987,2023-09-23,CUST1840,South,Hyderabad,Furniture,Bed,QuickMart Ltd,Sea,Hyderabad WH,3,4166.13,12498.39,5,6,1,Delayed,Not Returned,3
ORD01988,2023-02-23,CUST1281,East,Guwahati,Clothing,Jacket,MegaSource Inc,Road,Hyderabad WH,18,927.77,16699.86,7,9,2,Delayed,Not Returned,4
ORD01989,2023-02-23,CUST4398,West,Pune,Grocery,Sugar,QuickMart Ltd,Air,Hyderabad WH,14,3629.2,50808.8,7,7,0,On-Time,Not Returned,4
ORD01990,2022-04-13,CUST4134,South,Kochi,Clothing,Shoes,ReliableGoods,Sea,Hyderabad WH,18,3874.72,69744.96,3,8,5,Delayed,Returned,1
ORD01991,2023-06-23,CUST3270,Central,Nagpur,Grocery,Flour,FastSupply Co,Road,Mumbai WH,10,3588.75,35887.5,4,4,0,On-Time,Not Returned,5
ORD01992,2023-03-17,CUST1848,Central,Nagpur,Electronics,Camera,MegaSource Inc,Rail,Mumbai WH,2,2915.94,5831.88,8,8,0,On-Time,Not Returned,5
ORD01993,2023-08-09,CUST3401,West,Pune,Sports,Cricket Bat,FastSupply Co,Sea,Mumbai WH,1,122.31,122.31,9,9,0,On-Time,Not Returned,4
ORD01994,2022-12-08,CUST1884,North,Jaipur,Sports,Football,SwiftVendors,Sea,Mumbai WH,4,1833.86,7335.44,4,4,0,On-Time,Not Returned,4
ORD01995,2023-05-07,CUST4330,West,Ahmedabad,Clothing,Shoes,FastSupply Co,Road,Hyderabad WH,14,3043.96,42615.44,6,6,0,On-Time,Returned,5
ORD01996,2022-06-06,CUST4562,East,Guwahati,Clothing,Jeans,FastSupply Co,Sea,Hyderabad WH,1,1967.88,1967.88,7,8,1,Delayed,Not Returned,3
ORD01997,2023-10-30,CUST1954,South,Chennai,Sports,Yoga Mat,SwiftVendors,Air,Hyderabad WH,14,4324.23,60539.22,5,5,0,On-Time,Not Returned,4
ORD01998,2023-10-20,CUST2345,North,Lucknow,Clothing,Shoes,MegaSource Inc,Sea,Bangalore WH,16,1578.57,25257.12,5,5,0,On-Time,Not Returned,4
ORD01999,2022-10-25,CUST4171,West,Ahmedabad,Clothing,Shoes,SwiftVendors,Air,Kolkata WH,14,1503.0,21042.0,6,8,2,Delayed,Not Returned,3
ORD02000,2022-01-07,CUST1604,East,Guwahati,Electronics,Mobile,SwiftVendors,Air,Delhi WH,3,1366.69,4100.07,4,4,0,On-Time,Not Returned,5
ORD02001,2022-11-14,CUST4230,East,Guwahati,Clothing,Shoes,FastSupply Co,Air,Hyderabad WH,3,1697.27,5091.81,5,5,0,On-Time,Not Returned,4
ORD02002,2022-09-11,CUST4688,North,Chandigarh,Grocery,Oil,MegaSource Inc,Rail,Mumbai WH,9,2809.15,25282.35,4,4,0,On-Time,Not Returned,5
ORD02003,2022-11-11,CUST3441,East,Kolkata,Electronics,Mobile,QuickMart Ltd,Air,Hyderabad WH,6,3549.73,21298.38,8,10,2,Delayed,Not Returned,3
ORD02004,2023-05-18,CUST1011,East,Kolkata,Furniture,Sofa,MegaSource Inc,Road,Delhi WH,13,3329.71,43286.23,6,6,0,On-Time,Not Returned,4
ORD02005,2022-09-21,CUST2135,East,Bhubaneswar,Clothing,T-Shirt,QuickMart Ltd,Air,Bangalore WH,2,4048.2,8096.4,9,9,0,On-Time,Not Returned,4
ORD02006,2022-05-04,CUST4516,East,Patna,Clothing,T-Shirt,ReliableGoods,Road,Delhi WH,8,4435.27,35482.16,4,4,0,On-Time,Not Returned,4
ORD02007,2023-12-29,CUST1592,West,Ahmedabad,Grocery,Sugar,QuickMart Ltd,Rail,Mumbai WH,2,4089.59,8179.18,8,9,1,Delayed,Not Returned,4
ORD02008,2022-06-17,CUST1532,North,Jaipur,Electronics,Mobile,QuickMart Ltd,Road,Mumbai WH,4,143.78,575.12,4,5,1,Delayed,Not Returned,4
ORD02009,2022-11-22,CUST3212,South,Chennai,Sports,Yoga Mat,ReliableGoods,Road,Hyderabad WH,15,3692.79,55391.85,4,7,3,Delayed,Not Returned,3
ORD02010,2022-08-19,CUST2026,South,Hyderabad,Clothing,Jacket,ReliableGoods,Sea,Hyderabad WH,4,1081.58,4326.32,5,5,0,On-Time,Not Returned,4
ORD02011,2022-03-16,CUST4270,East,Guwahati,Electronics,Tablet,ReliableGoods,Air,Kolkata WH,13,707.99,9203.87,3,3,0,On-Time,Not Returned,5
ORD02012,2023-11-04,CUST1714,West,Pune,Electronics,Mobile,QuickMart Ltd,Road,Hyderabad WH,12,3210.52,38526.24,7,7,0,On-Time,Not Returned,5
ORD02013,2022-07-18,CUST1450,East,Guwahati,Grocery,Flour,FastSupply Co,Road,Bangalore WH,13,1632.73,21225.49,4,4,0,On-Time,Not Returned,5
ORD02014,2023-05-09,CUST3707,East,Bhubaneswar,Grocery,Rice,QuickMart Ltd,Sea,Bangalore WH,14,332.73,4658.22,4,4,0,On-Time,Returned,5
ORD02015,2023-11-08,CUST4548,West,Mumbai,Sports,Football,ReliableGoods,Sea,Delhi WH,18,731.27,13162.86,4,4,0,On-Time,Returned,4
ORD02016,2023-09-26,CUST1105,Central,Bhopal,Furniture,Table,SwiftVendors,Air,Bangalore WH,6,54.6,327.6,3,3,0,On-Time,Not Returned,4
ORD02017,2022-11-20,CUST1539,North,Lucknow,Clothing,Jeans,SwiftVendors,Rail,Kolkata WH,11,4520.96,49730.56,8,9,1,Delayed,Not Returned,4
ORD02018,2023-02-19,CUST1060,South,Kochi,Clothing,Saree,FastSupply Co,Road,Bangalore WH,2,171.86,343.72,9,9,0,On-Time,Not Returned,5
ORD02019,2022-04-10,CUST2467,West,Mumbai,Furniture,Sofa,QuickMart Ltd,Road,Hyderabad WH,19,1086.81,20649.39,9,11,2,Delayed,Not Returned,3
ORD02020,2022-01-14,CUST4235,South,Hyderabad,Grocery,Rice,QuickMart Ltd,Air,Hyderabad WH,19,2110.5,40099.5,6,6,0,On-Time,Not Returned,5
ORD02021,2022-02-23,CUST4229,West,Surat,Grocery,Oil,SwiftVendors,Rail,Bangalore WH,5,1815.03,9075.15,5,5,0,On-Time,Not Returned,5
ORD02022,2023-05-24,CUST1974,West,Surat,Electronics,Mobile,QuickMart Ltd,Rail,Hyderabad WH,19,4563.04,86697.76,3,3,0,On-Time,Not Returned,4
ORD02023,2023-05-17,CUST3411,Central,Raipur,Sports,Football,FastSupply Co,Air,Hyderabad WH,2,249.43,498.86,8,8,0,On-Time,Not Returned,4
ORD02024,2023-05-23,CUST2326,East,Guwahati,Grocery,Flour,ReliableGoods,Sea,Kolkata WH,10,2585.46,25854.6,4,4,0,On-Time,Not Returned,4
ORD02025,2022-07-21,CUST1064,North,Delhi,Electronics,Laptop,SwiftVendors,Rail,Hyderabad WH,2,3418.37,6836.74,8,8,0,On-Time,Not Returned,5
ORD02026,2023-10-20,CUST1713,Central,Raipur,Furniture,Table,FastSupply Co,Air,Bangalore WH,11,4661.9,51280.9,3,10,7,Delayed,Not Returned,3
ORD02027,2022-06-23,CUST2086,South,Chennai,Electronics,Mobile,SwiftVendors,Road,Kolkata WH,18,3120.84,56175.12,3,5,2,Delayed,Not Returned,4
ORD02028,2022-03-17,CUST1214,North,Lucknow,Furniture,Wardrobe,QuickMart Ltd,Rail,Delhi WH,15,4028.59,60428.85,3,3,0,On-Time,Not Returned,5
ORD02029,2023-05-24,CUST1519,East,Bhubaneswar,Furniture,Sofa,QuickMart Ltd,Rail,Hyderabad WH,9,464.44,4179.96,6,9,3,Delayed,Returned,3
ORD02030,2022-12-25,CUST4038,Central,Bhopal,Furniture,Chair,ReliableGoods,Rail,Bangalore WH,19,1960.4,37247.6,7,9,2,Delayed,Not Returned,3
ORD02031,2022-03-05,CUST2724,West,Pune,Furniture,Bed,MegaSource Inc,Sea,Kolkata WH,9,1901.04,17109.36,5,6,1,Delayed,Not Returned,4
ORD02032,2022-08-20,CUST3154,South,Hyderabad,Grocery,Oil,QuickMart Ltd,Road,Bangalore WH,3,4437.13,13311.39,6,9,3,Delayed,Returned,2
ORD02033,2023-03-06,CUST1465,Central,Indore,Clothing,Saree,MegaSource Inc,Rail,Hyderabad WH,9,799.29,7193.61,6,6,0,On-Time,Not Returned,4
ORD02034,2022-03-30,CUST4054,Central,Nagpur,Furniture,Chair,ReliableGoods,Air,Bangalore WH,14,801.84,11225.76,7,7,0,On-Time,Not Returned,5
ORD02035,2023-08-13,CUST1260,North,Lucknow,Electronics,Tablet,FastSupply Co,Air,Hyderabad WH,19,1676.36,31850.84,6,6,0,On-Time,Not Returned,5
ORD02036,2023-11-11,CUST2950,South,Bangalore,Clothing,Shoes,ReliableGoods,Sea,Delhi WH,7,319.61,2237.27,3,3,0,On-Time,Not Returned,5
ORD02037,2022-07-03,CUST2836,South,Chennai,Electronics,Tablet,FastSupply Co,Rail,Hyderabad WH,16,953.17,15250.72,3,3,0,On-Time,Not Returned,4
ORD02038,2022-02-16,CUST4186,South,Hyderabad,Electronics,Mobile,MegaSource Inc,Air,Mumbai WH,16,4827.79,77244.64,8,8,0,On-Time,Not Returned,4
ORD02039,2022-05-31,CUST2482,North,Lucknow,Electronics,Tablet,ReliableGoods,Road,Hyderabad WH,1,2169.51,2169.51,4,11,7,Delayed,Returned,1
ORD02040,2023-12-13,CUST3102,South,Kochi,Furniture,Bed,FastSupply Co,Rail,Mumbai WH,4,3178.5,12714.0,6,11,5,Delayed,Not Returned,1
ORD02041,2022-12-08,CUST3431,North,Lucknow,Clothing,Jacket,QuickMart Ltd,Rail,Delhi WH,4,3644.25,14577.0,4,9,5,Delayed,Returned,1
ORD02042,2023-09-29,CUST1446,West,Mumbai,Furniture,Table,MegaSource Inc,Air,Delhi WH,7,1866.46,13065.22,5,8,3,Delayed,Returned,2
ORD02043,2023-08-21,CUST2851,North,Lucknow,Grocery,Rice,ReliableGoods,Sea,Mumbai WH,8,778.77,6230.16,9,16,7,Delayed,Returned,3
ORD02044,2023-09-04,CUST3063,East,Patna,Furniture,Bed,ReliableGoods,Sea,Kolkata WH,17,1072.58,18233.86,3,3,0,On-Time,Not Returned,4
ORD02045,2022-03-14,CUST1907,South,Chennai,Sports,Football,SwiftVendors,Air,Hyderabad WH,5,1600.67,8003.35,8,8,0,On-Time,Not Returned,5
ORD02046,2023-08-28,CUST4872,East,Bhubaneswar,Electronics,Headphones,QuickMart Ltd,Sea,Kolkata WH,7,3198.54,22389.78,5,5,0,On-Time,Not Returned,5
ORD02047,2022-07-23,CUST3519,East,Bhubaneswar,Grocery,Oil,QuickMart Ltd,Sea,Hyderabad WH,4,2021.49,8085.96,8,11,3,Delayed,Returned,2
ORD02048,2023-06-13,CUST1177,West,Mumbai,Clothing,Jacket,ReliableGoods,Air,Hyderabad WH,6,83.73,502.38,9,9,0,On-Time,Not Returned,4
ORD02049,2023-05-11,CUST3978,Central,Nagpur,Furniture,Sofa,SwiftVendors,Road,Mumbai WH,7,2640.87,18486.09,9,11,2,Delayed,Not Returned,3
ORD02050,2022-07-18,CUST4208,West,Ahmedabad,Grocery,Sugar,SwiftVendors,Rail,Delhi WH,18,4611.49,83006.82,7,7,0,On-Time,Returned,5
ORD02051,2022-08-04,CUST4722,North,Lucknow,Furniture,Bed,ReliableGoods,Air,Bangalore WH,5,4069.78,20348.9,3,3,0,On-Time,Not Returned,5
ORD02052,2023-04-16,CUST4551,North,Lucknow,Furniture,Wardrobe,QuickMart Ltd,Air,Hyderabad WH,3,4134.8,12404.4,5,7,2,Delayed,Not Returned,4
ORD02053,2022-02-11,CUST3698,South,Hyderabad,Furniture,Bed,QuickMart Ltd,Sea,Hyderabad WH,7,3985.54,27898.78,7,7,0,On-Time,Not Returned,5
ORD02054,2022-07-14,CUST3135,East,Patna,Electronics,Camera,SwiftVendors,Sea,Delhi WH,14,1652.47,23134.58,9,9,0,On-Time,Returned,4
ORD02055,2022-11-02,CUST2235,West,Mumbai,Electronics,Laptop,SwiftVendors,Road,Hyderabad WH,7,3837.71,26863.97,5,5,0,On-Time,Not Returned,5
ORD02056,2022-07-08,CUST2876,Central,Raipur,Electronics,Headphones,MegaSource Inc,Air,Kolkata WH,5,758.65,3793.25,8,8,0,On-Time,Not Returned,4
ORD02057,2022-10-28,CUST3635,West,Pune,Sports,Cycle,ReliableGoods,Rail,Mumbai WH,5,3305.69,16528.45,7,9,2,Delayed,Not Returned,4
ORD02058,2022-11-14,CUST4948,South,Chennai,Clothing,Shoes,FastSupply Co,Air,Kolkata WH,2,3225.76,6451.52,7,7,0,On-Time,Returned,4
ORD02059,2022-10-09,CUST1127,West,Pune,Furniture,Chair,ReliableGoods,Sea,Mumbai WH,6,176.57,1059.42,3,3,0,On-Time,Not Returned,4
ORD02060,2023-04-05,CUST1249,Central,Raipur,Furniture,Table,SwiftVendors,Rail,Bangalore WH,15,3950.45,59256.75,4,4,0,On-Time,Not Returned,4
ORD02061,2022-10-21,CUST2961,Central,Raipur,Furniture,Wardrobe,FastSupply Co,Sea,Hyderabad WH,10,4521.08,45210.8,8,11,3,Delayed,Returned,3
ORD02062,2023-07-18,CUST4470,East,Guwahati,Sports,Football,ReliableGoods,Air,Hyderabad WH,7,1373.71,9615.97,8,8,0,On-Time,Not Returned,4
ORD02063,2023-09-16,CUST2645,East,Guwahati,Sports,Football,FastSupply Co,Road,Bangalore WH,5,4071.33,20356.65,7,8,1,Delayed,Not Returned,3
ORD02064,2022-01-01,CUST2746,South,Hyderabad,Sports,Yoga Mat,SwiftVendors,Rail,Bangalore WH,1,457.91,457.91,7,9,2,Delayed,Not Returned,4
ORD02065,2022-10-05,CUST3810,East,Bhubaneswar,Furniture,Sofa,FastSupply Co,Road,Bangalore WH,13,3019.84,39257.92,3,3,0,On-Time,Not Returned,4
ORD02066,2023-05-21,CUST1442,North,Delhi,Clothing,Saree,QuickMart Ltd,Sea,Mumbai WH,18,2453.95,44171.1,4,9,5,Delayed,Not Returned,1
ORD02067,2023-03-18,CUST3008,East,Bhubaneswar,Furniture,Wardrobe,FastSupply Co,Sea,Bangalore WH,13,2752.32,35780.16,8,9,1,Delayed,Returned,4
ORD02068,2022-01-27,CUST3917,North,Chandigarh,Clothing,T-Shirt,MegaSource Inc,Rail,Delhi WH,18,4634.72,83424.96,9,9,0,On-Time,Not Returned,5
ORD02069,2023-03-31,CUST4726,West,Pune,Sports,Dumbbells,MegaSource Inc,Sea,Kolkata WH,5,4363.01,21815.05,6,6,0,On-Time,Not Returned,4
ORD02070,2023-07-02,CUST2816,North,Chandigarh,Grocery,Pulses,ReliableGoods,Road,Kolkata WH,13,3936.16,51170.08,6,13,7,Delayed,Not Returned,2
ORD02071,2023-03-02,CUST1301,South,Chennai,Electronics,Tablet,MegaSource Inc,Sea,Delhi WH,4,1404.81,5619.24,4,6,2,Delayed,Not Returned,3
ORD02072,2022-05-12,CUST4683,Central,Indore,Electronics,Laptop,ReliableGoods,Sea,Hyderabad WH,17,4563.5,77579.5,5,5,0,On-Time,Not Returned,4
ORD02073,2022-08-19,CUST1330,South,Kochi,Clothing,Jeans,MegaSource Inc,Rail,Kolkata WH,3,532.66,1597.98,3,3,0,On-Time,Not Returned,5
ORD02074,2022-11-19,CUST2319,South,Chennai,Sports,Football,MegaSource Inc,Sea,Hyderabad WH,17,4273.98,72657.66,4,7,3,Delayed,Returned,2
ORD02075,2022-03-09,CUST3491,South,Chennai,Electronics,Tablet,SwiftVendors,Rail,Mumbai WH,11,1674.39,18418.29,6,7,1,Delayed,Returned,3
ORD02076,2022-01-06,CUST1607,South,Bangalore,Electronics,Mobile,SwiftVendors,Air,Mumbai WH,4,316.17,1264.68,7,9,2,Delayed,Not Returned,3
ORD02077,2023-12-10,CUST1269,East,Kolkata,Sports,Cricket Bat,MegaSource Inc,Rail,Delhi WH,2,3363.32,6726.64,6,6,0,On-Time,Not Returned,5
ORD02078,2023-04-27,CUST1516,West,Surat,Clothing,Jeans,MegaSource Inc,Rail,Delhi WH,16,1194.84,19117.44,7,9,2,Delayed,Not Returned,3
ORD02079,2023-02-28,CUST2126,Central,Raipur,Clothing,Saree,ReliableGoods,Rail,Mumbai WH,18,1255.68,22602.24,3,3,0,On-Time,Not Returned,5
ORD02080,2022-11-26,CUST3557,North,Lucknow,Grocery,Flour,SwiftVendors,Rail,Delhi WH,8,1564.93,12519.44,7,7,0,On-Time,Not Returned,4
ORD02081,2022-03-20,CUST3593,North,Lucknow,Electronics,Laptop,ReliableGoods,Air,Hyderabad WH,3,365.24,1095.72,4,5,1,Delayed,Returned,3
ORD02082,2023-09-15,CUST3397,West,Pune,Electronics,Headphones,ReliableGoods,Air,Hyderabad WH,9,926.78,8341.02,7,6,-1,Early,Not Returned,4
ORD02083,2022-03-15,CUST3246,South,Kochi,Sports,Cycle,SwiftVendors,Air,Bangalore WH,6,75.44,452.64,5,5,0,On-Time,Not Returned,4
ORD02084,2023-04-28,CUST3916,South,Hyderabad,Sports,Football,SwiftVendors,Road,Kolkata WH,10,2254.78,22547.8,4,4,0,On-Time,Returned,5
ORD02085,2023-10-07,CUST2331,Central,Nagpur,Furniture,Bed,SwiftVendors,Road,Hyderabad WH,10,467.06,4670.6,3,4,1,Delayed,Not Returned,4
ORD02086,2022-02-04,CUST2560,North,Lucknow,Furniture,Table,SwiftVendors,Air,Mumbai WH,13,3429.13,44578.69,4,4,0,On-Time,Not Returned,4
ORD02087,2023-12-06,CUST3446,South,Chennai,Grocery,Sugar,SwiftVendors,Sea,Mumbai WH,17,1216.33,20677.61,5,8,3,Delayed,Returned,2
ORD02088,2023-07-25,CUST3173,East,Kolkata,Clothing,Saree,QuickMart Ltd,Rail,Hyderabad WH,9,4720.69,42486.21,3,5,2,Delayed,Returned,3
ORD02089,2023-01-01,CUST2207,Central,Nagpur,Sports,Cycle,ReliableGoods,Road,Delhi WH,17,4362.7,74165.9,6,6,0,On-Time,Not Returned,4
ORD02090,2022-04-02,CUST2858,East,Bhubaneswar,Clothing,Jacket,MegaSource Inc,Sea,Hyderabad WH,9,1482.73,13344.57,5,3,-2,Early,Not Returned,4
ORD02091,2023-05-10,CUST3070,East,Bhubaneswar,Electronics,Laptop,FastSupply Co,Air,Kolkata WH,9,3926.92,35342.28,3,5,2,Delayed,Not Returned,3
ORD02092,2023-12-13,CUST3479,West,Pune,Clothing,Saree,ReliableGoods,Rail,Hyderabad WH,1,4026.06,4026.06,9,12,3,Delayed,Not Returned,1
ORD02093,2022-09-02,CUST2762,West,Ahmedabad,Clothing,Jacket,MegaSource Inc,Air,Mumbai WH,2,4933.49,9866.98,7,8,1,Delayed,Not Returned,3
ORD02094,2023-11-05,CUST1406,East,Bhubaneswar,Grocery,Oil,SwiftVendors,Air,Bangalore WH,16,3009.31,48148.96,4,7,3,Delayed,Returned,3
ORD02095,2022-06-20,CUST4248,West,Pune,Sports,Football,SwiftVendors,Sea,Bangalore WH,1,455.73,455.73,3,3,0,On-Time,Returned,4
ORD02096,2023-07-06,CUST3874,East,Bhubaneswar,Furniture,Bed,SwiftVendors,Air,Hyderabad WH,10,3251.84,32518.4,4,4,0,On-Time,Not Returned,4
ORD02097,2023-08-31,CUST1468,South,Chennai,Sports,Dumbbells,FastSupply Co,Sea,Mumbai WH,18,3143.65,56585.7,7,12,5,Delayed,Returned,1
ORD02098,2022-12-22,CUST4493,West,Surat,Furniture,Chair,MegaSource Inc,Air,Mumbai WH,8,3209.84,25678.72,3,3,0,On-Time,Not Returned,5
ORD02099,2022-03-22,CUST3681,East,Kolkata,Furniture,Bed,MegaSource Inc,Road,Hyderabad WH,11,1570.37,17274.07,6,6,0,On-Time,Not Returned,4
ORD02100,2022-10-02,CUST3666,Central,Bhopal,Grocery,Rice,MegaSource Inc,Sea,Hyderabad WH,2,4305.41,8610.82,9,11,2,Delayed,Not Returned,3
ORD02101,2022-12-27,CUST4595,Central,Bhopal,Electronics,Headphones,MegaSource Inc,Road,Delhi WH,8,4799.39,38395.12,9,12,3,Delayed,Not Returned,2
ORD02102,2023-01-28,CUST4149,West,Surat,Grocery,Rice,SwiftVendors,Sea,Mumbai WH,8,1127.68,9021.44,5,5,0,On-Time,Not Returned,4
ORD02103,2022-07-17,CUST3258,Central,Indore,Electronics,Tablet,SwiftVendors,Rail,Kolkata WH,17,486.35,8267.95,3,6,3,Delayed,Returned,1
ORD02104,2022-09-19,CUST3952,North,Delhi,Grocery,Rice,QuickMart Ltd,Road,Kolkata WH,15,1012.95,15194.25,7,8,1,Delayed,Not Returned,3
ORD02105,2022-02-07,CUST4545,North,Chandigarh,Grocery,Oil,MegaSource Inc,Sea,Hyderabad WH,17,4111.73,69899.41,3,3,0,On-Time,Not Returned,5
ORD02106,2023-09-12,CUST1880,Central,Bhopal,Sports,Yoga Mat,MegaSource Inc,Road,Mumbai WH,13,3399.39,44192.07,4,7,3,Delayed,Returned,3
ORD02107,2022-03-17,CUST2761,East,Kolkata,Sports,Football,QuickMart Ltd,Air,Bangalore WH,19,3198.43,60770.17,8,8,0,On-Time,Not Returned,5
ORD02108,2023-07-26,CUST2849,Central,Bhopal,Electronics,Camera,SwiftVendors,Rail,Bangalore WH,5,2038.88,10194.4,3,3,0,On-Time,Returned,4
ORD02109,2022-12-29,CUST4637,Central,Indore,Clothing,Shoes,QuickMart Ltd,Rail,Delhi WH,12,2910.25,34923.0,9,9,0,On-Time,Not Returned,5
ORD02110,2023-06-06,CUST1935,Central,Bhopal,Sports,Cycle,MegaSource Inc,Rail,Hyderabad WH,1,1573.98,1573.98,9,9,0,On-Time,Returned,4
ORD02111,2022-01-02,CUST2694,East,Patna,Furniture,Bed,MegaSource Inc,Air,Kolkata WH,5,2412.14,12060.7,9,9,0,On-Time,Not Returned,4
ORD02112,2022-12-19,CUST2388,East,Kolkata,Clothing,T-Shirt,QuickMart Ltd,Sea,Kolkata WH,8,3975.66,31805.28,6,9,3,Delayed,Returned,3
ORD02113,2022-12-21,CUST4389,North,Delhi,Furniture,Bed,MegaSource Inc,Sea,Hyderabad WH,13,4907.15,63792.95,3,5,2,Delayed,Returned,3
ORD02114,2023-07-12,CUST2857,West,Ahmedabad,Electronics,Tablet,SwiftVendors,Air,Delhi WH,8,4665.82,37326.56,5,5,0,On-Time,Not Returned,4
ORD02115,2022-03-22,CUST2633,North,Delhi,Sports,Cycle,ReliableGoods,Air,Delhi WH,11,4672.64,51399.04,3,5,2,Delayed,Not Returned,4
ORD02116,2022-04-08,CUST2703,East,Kolkata,Electronics,Laptop,MegaSource Inc,Air,Bangalore WH,1,2041.01,2041.01,8,8,0,On-Time,Not Returned,4
ORD02117,2022-11-25,CUST3988,East,Kolkata,Clothing,Saree,MegaSource Inc,Rail,Mumbai WH,13,2370.51,30816.63,9,9,0,On-Time,Not Returned,5
ORD02118,2023-04-08,CUST1389,East,Bhubaneswar,Grocery,Flour,SwiftVendors,Road,Bangalore WH,19,3542.9,67315.1,4,9,5,Delayed,Returned,2
ORD02119,2022-09-24,CUST2280,East,Bhubaneswar,Grocery,Sugar,ReliableGoods,Rail,Hyderabad WH,3,4614.85,13844.55,9,9,0,On-Time,Returned,5
ORD02120,2022-10-05,CUST2748,East,Bhubaneswar,Sports,Cricket Bat,QuickMart Ltd,Rail,Hyderabad WH,17,752.87,12798.79,3,3,0,On-Time,Not Returned,4
ORD02121,2023-09-27,CUST2280,East,Patna,Sports,Dumbbells,SwiftVendors,Road,Mumbai WH,5,1556.0,7780.0,6,7,1,Delayed,Not Returned,3
ORD02122,2023-02-06,CUST3724,South,Chennai,Electronics,Tablet,QuickMart Ltd,Air,Kolkata WH,8,739.27,5914.16,7,7,0,On-Time,Not Returned,5
ORD02123,2023-11-17,CUST2044,South,Chennai,Clothing,Shoes,MegaSource Inc,Rail,Mumbai WH,14,3079.44,43112.16,3,8,5,Delayed,Returned,2
ORD02124,2023-01-10,CUST2533,Central,Nagpur,Grocery,Sugar,QuickMart Ltd,Sea,Bangalore WH,4,1566.19,6264.76,3,3,0,On-Time,Not Returned,4
ORD02125,2022-09-12,CUST4905,South,Hyderabad,Sports,Cycle,MegaSource Inc,Sea,Delhi WH,11,1664.23,18306.53,5,5,0,On-Time,Not Returned,4
ORD02126,2023-09-09,CUST1625,North,Lucknow,Grocery,Sugar,SwiftVendors,Rail,Delhi WH,15,401.03,6015.45,6,6,0,On-Time,Not Returned,4
ORD02127,2023-11-14,CUST3813,Central,Raipur,Sports,Dumbbells,SwiftVendors,Sea,Kolkata WH,19,1781.49,33848.31,8,8,0,On-Time,Returned,4
ORD02128,2022-04-30,CUST4780,West,Pune,Grocery,Sugar,MegaSource Inc,Sea,Mumbai WH,7,4319.36,30235.52,7,7,0,On-Time,Not Returned,4
ORD02129,2023-02-12,CUST2942,East,Bhubaneswar,Grocery,Rice,QuickMart Ltd,Sea,Mumbai WH,19,1203.71,22870.49,9,9,0,On-Time,Not Returned,5
ORD02130,2022-02-18,CUST1274,South,Chennai,Sports,Football,ReliableGoods,Sea,Mumbai WH,19,3491.18,66332.42,4,9,5,Delayed,Returned,3
ORD02131,2023-10-25,CUST1373,North,Delhi,Furniture,Bed,SwiftVendors,Air,Hyderabad WH,11,3166.66,34833.26,3,8,5,Delayed,Not Returned,1
ORD02132,2023-05-19,CUST4406,West,Mumbai,Clothing,Shoes,SwiftVendors,Rail,Delhi WH,5,4324.25,21621.25,8,8,0,On-Time,Not Returned,5
ORD02133,2023-04-30,CUST1349,East,Bhubaneswar,Clothing,Jacket,QuickMart Ltd,Sea,Hyderabad WH,5,704.83,3524.15,7,7,0,On-Time,Not Returned,5
ORD02134,2022-01-03,CUST1381,East,Bhubaneswar,Electronics,Laptop,FastSupply Co,Rail,Mumbai WH,8,4889.07,39112.56,4,4,0,On-Time,Not Returned,5
ORD02135,2022-02-21,CUST2768,West,Ahmedabad,Clothing,Jeans,MegaSource Inc,Road,Mumbai WH,10,2934.01,29340.1,8,15,7,Delayed,Not Returned,3
ORD02136,2022-10-19,CUST1395,West,Pune,Sports,Cricket Bat,QuickMart Ltd,Air,Delhi WH,6,4977.6,29865.6,6,4,-2,Early,Not Returned,5
ORD02137,2022-01-12,CUST4049,West,Mumbai,Clothing,Saree,QuickMart Ltd,Rail,Hyderabad WH,15,4562.0,68430.0,6,6,0,On-Time,Not Returned,5
ORD02138,2023-08-25,CUST4026,North,Delhi,Sports,Dumbbells,SwiftVendors,Rail,Delhi WH,16,1146.51,18344.16,7,9,2,Delayed,Not Returned,3
ORD02139,2022-09-09,CUST2526,Central,Nagpur,Electronics,Headphones,MegaSource Inc,Sea,Hyderabad WH,17,328.0,5576.0,9,9,0,On-Time,Not Returned,5
ORD02140,2022-01-13,CUST4325,Central,Indore,Sports,Football,QuickMart Ltd,Rail,Kolkata WH,8,1315.41,10523.28,4,4,0,On-Time,Not Returned,4
ORD02141,2022-11-15,CUST1532,South,Hyderabad,Grocery,Pulses,ReliableGoods,Sea,Bangalore WH,8,2661.44,21291.52,6,6,0,On-Time,Not Returned,4
ORD02142,2022-11-23,CUST3278,East,Bhubaneswar,Sports,Dumbbells,MegaSource Inc,Sea,Delhi WH,9,899.4,8094.6,7,7,0,On-Time,Not Returned,4
ORD02143,2022-11-16,CUST1245,South,Kochi,Sports,Cycle,QuickMart Ltd,Rail,Bangalore WH,2,878.93,1757.86,6,6,0,On-Time,Not Returned,4
ORD02144,2022-05-01,CUST3402,Central,Bhopal,Furniture,Bed,ReliableGoods,Air,Bangalore WH,15,2339.84,35097.6,6,6,0,On-Time,Not Returned,5
ORD02145,2023-07-07,CUST4918,West,Pune,Furniture,Chair,ReliableGoods,Sea,Mumbai WH,18,214.68,3864.24,8,9,1,Delayed,Not Returned,3
ORD02146,2022-10-10,CUST3300,East,Patna,Clothing,Jacket,MegaSource Inc,Rail,Delhi WH,3,653.35,1960.05,8,8,0,On-Time,Not Returned,4
ORD02147,2022-01-19,CUST3300,Central,Indore,Furniture,Sofa,SwiftVendors,Rail,Kolkata WH,17,2108.51,35844.67,6,6,0,On-Time,Not Returned,4
ORD02148,2022-09-12,CUST2350,East,Guwahati,Furniture,Chair,ReliableGoods,Road,Mumbai WH,4,362.49,1449.96,5,5,0,On-Time,Not Returned,5
ORD02149,2023-09-11,CUST3744,South,Bangalore,Sports,Cricket Bat,SwiftVendors,Road,Hyderabad WH,4,2013.94,8055.76,8,8,0,On-Time,Not Returned,5
ORD02150,2023-12-30,CUST1500,Central,Nagpur,Electronics,Tablet,MegaSource Inc,Air,Mumbai WH,14,2396.33,33548.62,4,4,0,On-Time,Not Returned,4
ORD02151,2023-07-14,CUST2682,South,Kochi,Clothing,Jacket,QuickMart Ltd,Sea,Hyderabad WH,9,2283.77,20553.93,7,7,0,On-Time,Not Returned,5
ORD02152,2022-06-03,CUST2448,East,Kolkata,Clothing,Saree,MegaSource Inc,Road,Bangalore WH,9,4352.42,39171.78,7,7,0,On-Time,Not Returned,5
ORD02153,2022-07-02,CUST4578,North,Lucknow,Electronics,Laptop,SwiftVendors,Road,Hyderabad WH,18,2673.81,48128.58,9,9,0,On-Time,Not Returned,4
ORD02154,2022-03-25,CUST3725,West,Mumbai,Sports,Dumbbells,FastSupply Co,Rail,Mumbai WH,10,2366.5,23665.0,4,4,0,On-Time,Not Returned,4
ORD02155,2023-07-07,CUST4854,South,Kochi,Clothing,Saree,MegaSource Inc,Rail,Hyderabad WH,4,2083.01,8332.04,4,4,0,On-Time,Not Returned,4
ORD02156,2022-01-25,CUST4073,East,Kolkata,Furniture,Sofa,FastSupply Co,Sea,Mumbai WH,12,4097.24,49166.88,4,5,1,Delayed,Not Returned,4
ORD02157,2023-11-29,CUST2732,Central,Nagpur,Electronics,Tablet,ReliableGoods,Sea,Mumbai WH,8,4480.53,35844.24,9,11,2,Delayed,Not Returned,3
ORD02158,2022-08-03,CUST4555,South,Kochi,Clothing,Saree,SwiftVendors,Road,Bangalore WH,2,4273.55,8547.1,4,4,0,On-Time,Not Returned,5
ORD02159,2023-08-26,CUST4751,East,Patna,Furniture,Sofa,ReliableGoods,Road,Bangalore WH,13,3384.06,43992.78,3,3,0,On-Time,Not Returned,4
ORD02160,2023-01-27,CUST3953,North,Lucknow,Clothing,T-Shirt,FastSupply Co,Sea,Mumbai WH,16,729.94,11679.04,9,9,0,On-Time,Not Returned,5
ORD02161,2023-02-08,CUST1210,South,Chennai,Furniture,Wardrobe,FastSupply Co,Rail,Delhi WH,2,1420.51,2841.02,7,7,0,On-Time,Not Returned,5
ORD02162,2022-06-14,CUST4966,East,Kolkata,Electronics,Headphones,QuickMart Ltd,Rail,Bangalore WH,11,278.01,3058.11,3,3,0,On-Time,Not Returned,5
ORD02163,2022-02-10,CUST2178,South,Hyderabad,Clothing,Jeans,MegaSource Inc,Air,Delhi WH,10,4657.58,46575.8,9,9,0,On-Time,Not Returned,4
ORD02164,2022-09-02,CUST3459,East,Guwahati,Clothing,Saree,ReliableGoods,Air,Kolkata WH,15,3320.95,49814.25,6,6,0,On-Time,Not Returned,4
ORD02165,2023-06-11,CUST2279,West,Mumbai,Sports,Yoga Mat,ReliableGoods,Sea,Delhi WH,17,3744.5,63656.5,6,13,7,Delayed,Not Returned,2
ORD02166,2023-01-16,CUST2440,East,Guwahati,Electronics,Tablet,SwiftVendors,Rail,Kolkata WH,8,1592.28,12738.24,7,7,0,On-Time,Not Returned,5
ORD02167,2023-07-12,CUST1424,East,Patna,Electronics,Laptop,SwiftVendors,Rail,Mumbai WH,18,4235.98,76247.64,6,6,0,On-Time,Not Returned,5
ORD02168,2023-07-22,CUST3367,East,Guwahati,Furniture,Bed,MegaSource Inc,Road,Bangalore WH,9,1335.04,12015.36,4,4,0,On-Time,Not Returned,5
ORD02169,2023-02-13,CUST3078,Central,Raipur,Sports,Yoga Mat,SwiftVendors,Air,Hyderabad WH,8,58.14,465.12,9,16,7,Delayed,Not Returned,3
ORD02170,2023-12-02,CUST1871,East,Guwahati,Furniture,Sofa,SwiftVendors,Air,Kolkata WH,14,1913.25,26785.5,3,5,2,Delayed,Not Returned,3
ORD02171,2022-10-13,CUST1633,West,Pune,Furniture,Chair,ReliableGoods,Sea,Delhi WH,18,2875.27,51754.86,4,4,0,On-Time,Not Returned,5
ORD02172,2023-10-06,CUST3689,North,Jaipur,Electronics,Camera,QuickMart Ltd,Road,Kolkata WH,12,2419.59,29035.08,6,9,3,Delayed,Returned,2
ORD02173,2023-12-12,CUST2975,West,Ahmedabad,Sports,Cricket Bat,MegaSource Inc,Road,Kolkata WH,19,4317.28,82028.32,8,8,0,On-Time,Not Returned,5
ORD02174,2022-01-22,CUST1918,North,Jaipur,Furniture,Sofa,FastSupply Co,Air,Delhi WH,14,571.76,8004.64,3,6,3,Delayed,Not Returned,1
ORD02175,2023-11-07,CUST4470,Central,Nagpur,Clothing,T-Shirt,ReliableGoods,Road,Kolkata WH,17,2791.43,47454.31,4,7,3,Delayed,Not Returned,3
ORD02176,2023-04-01,CUST1443,Central,Bhopal,Grocery,Pulses,ReliableGoods,Road,Mumbai WH,3,2589.25,7767.75,9,9,0,On-Time,Not Returned,4
ORD02177,2023-07-01,CUST2434,Central,Indore,Sports,Cycle,SwiftVendors,Rail,Delhi WH,7,1442.9,10100.3,7,9,2,Delayed,Not Returned,4
ORD02178,2023-07-08,CUST4462,North,Lucknow,Furniture,Table,FastSupply Co,Road,Bangalore WH,17,4120.03,70040.51,4,4,0,On-Time,Not Returned,4
ORD02179,2022-01-13,CUST3278,West,Pune,Furniture,Table,ReliableGoods,Sea,Hyderabad WH,12,3776.6,45319.2,8,8,0,On-Time,Not Returned,5
ORD02180,2022-06-05,CUST2505,South,Chennai,Electronics,Laptop,ReliableGoods,Sea,Hyderabad WH,9,3677.65,33098.85,6,6,0,On-Time,Returned,5
ORD02181,2023-02-06,CUST1470,Central,Indore,Electronics,Camera,ReliableGoods,Sea,Kolkata WH,15,4387.15,65807.25,3,5,2,Delayed,Not Returned,3
ORD02182,2022-11-26,CUST4123,North,Delhi,Furniture,Chair,MegaSource Inc,Sea,Hyderabad WH,18,3627.78,65300.04,7,7,0,On-Time,Returned,4
ORD02183,2022-06-11,CUST2141,West,Surat,Clothing,Jeans,FastSupply Co,Rail,Delhi WH,13,1197.61,15568.93,3,3,0,On-Time,Not Returned,5
ORD02184,2023-09-15,CUST3351,Central,Indore,Furniture,Table,QuickMart Ltd,Sea,Delhi WH,8,3542.54,28340.32,7,9,2,Delayed,Returned,3
ORD02185,2023-12-16,CUST1926,East,Kolkata,Clothing,Jacket,QuickMart Ltd,Road,Bangalore WH,14,1573.13,22023.82,9,9,0,On-Time,Not Returned,5
ORD02186,2022-12-13,CUST4306,West,Mumbai,Furniture,Bed,FastSupply Co,Rail,Delhi WH,8,1248.76,9990.08,3,3,0,On-Time,Not Returned,5
ORD02187,2022-04-03,CUST2757,North,Chandigarh,Electronics,Headphones,MegaSource Inc,Air,Hyderabad WH,14,411.37,5759.18,6,6,0,On-Time,Not Returned,4
ORD02188,2023-01-27,CUST4461,South,Kochi,Sports,Yoga Mat,FastSupply Co,Sea,Mumbai WH,7,3732.94,26130.58,9,9,0,On-Time,Not Returned,4
ORD02189,2022-10-17,CUST3297,South,Kochi,Sports,Cycle,FastSupply Co,Air,Mumbai WH,12,3569.45,42833.4,9,9,0,On-Time,Not Returned,4
ORD02190,2023-12-10,CUST4991,South,Chennai,Electronics,Camera,FastSupply Co,Air,Bangalore WH,11,1210.77,13318.47,7,7,0,On-Time,Not Returned,5
ORD02191,2023-03-24,CUST4143,East,Bhubaneswar,Grocery,Oil,MegaSource Inc,Air,Hyderabad WH,11,3759.43,41353.73,5,4,-1,Early,Not Returned,5
ORD02192,2023-12-28,CUST4352,West,Mumbai,Furniture,Wardrobe,FastSupply Co,Road,Bangalore WH,13,4593.31,59713.03,3,5,2,Delayed,Not Returned,4
ORD02193,2023-09-07,CUST3546,Central,Raipur,Sports,Dumbbells,SwiftVendors,Rail,Kolkata WH,18,584.74,10525.32,3,3,0,On-Time,Not Returned,5
ORD02194,2022-07-31,CUST3513,West,Pune,Sports,Cycle,SwiftVendors,Air,Mumbai WH,2,1201.55,2403.1,4,4,0,On-Time,Not Returned,4
ORD02195,2022-07-28,CUST3764,South,Hyderabad,Clothing,T-Shirt,MegaSource Inc,Air,Bangalore WH,15,3763.79,56456.85,7,7,0,On-Time,Not Returned,4
ORD02196,2022-08-31,CUST3632,East,Bhubaneswar,Grocery,Rice,QuickMart Ltd,Rail,Bangalore WH,18,1408.81,25358.58,8,9,1,Delayed,Not Returned,4
ORD02197,2022-12-17,CUST3280,South,Kochi,Clothing,Saree,FastSupply Co,Rail,Kolkata WH,15,3142.09,47131.35,5,5,0,On-Time,Not Returned,5
ORD02198,2023-03-04,CUST1107,North,Delhi,Furniture,Sofa,ReliableGoods,Sea,Delhi WH,19,451.76,8583.44,6,6,0,On-Time,Not Returned,4
ORD02199,2022-05-16,CUST3494,West,Pune,Furniture,Chair,QuickMart Ltd,Air,Mumbai WH,12,2288.4,27460.8,4,7,3,Delayed,Returned,2
ORD02200,2022-07-24,CUST4805,East,Guwahati,Clothing,Jeans,FastSupply Co,Air,Bangalore WH,13,3708.5,48210.5,5,5,0,On-Time,Not Returned,5
ORD02201,2022-02-26,CUST3694,South,Kochi,Sports,Dumbbells,SwiftVendors,Air,Kolkata WH,11,3448.24,37930.64,7,7,0,On-Time,Not Returned,4
ORD02202,2022-07-14,CUST4397,East,Patna,Grocery,Rice,FastSupply Co,Air,Kolkata WH,5,4084.61,20423.05,5,10,5,Delayed,Returned,1
ORD02203,2023-09-12,CUST3840,North,Lucknow,Clothing,Jacket,FastSupply Co,Sea,Delhi WH,1,4393.39,4393.39,9,10,1,Delayed,Not Returned,3
ORD02204,2023-04-25,CUST2095,North,Jaipur,Grocery,Pulses,FastSupply Co,Sea,Hyderabad WH,3,3877.26,11631.78,3,3,0,On-Time,Not Returned,5
ORD02205,2022-11-04,CUST1118,West,Ahmedabad,Clothing,T-Shirt,MegaSource Inc,Sea,Kolkata WH,19,3374.36,64112.84,9,10,1,Delayed,Not Returned,4
ORD02206,2022-09-27,CUST1738,East,Guwahati,Grocery,Sugar,SwiftVendors,Sea,Hyderabad WH,7,207.03,1449.21,3,3,0,On-Time,Not Returned,4
ORD02207,2022-01-22,CUST2119,South,Kochi,Furniture,Sofa,MegaSource Inc,Road,Delhi WH,12,2698.09,32377.08,4,6,2,Delayed,Not Returned,4
ORD02208,2023-05-31,CUST3878,South,Kochi,Clothing,Jacket,MegaSource Inc,Road,Bangalore WH,15,236.6,3549.0,7,7,0,On-Time,Not Returned,4
ORD02209,2023-06-04,CUST4122,Central,Raipur,Grocery,Flour,ReliableGoods,Air,Bangalore WH,5,4049.94,20249.7,7,10,3,Delayed,Returned,1
ORD02210,2022-02-24,CUST2265,South,Bangalore,Electronics,Laptop,QuickMart Ltd,Road,Mumbai WH,15,1637.59,24563.85,5,4,-1,Early,Not Returned,5
ORD02211,2023-03-19,CUST4774,West,Surat,Grocery,Oil,QuickMart Ltd,Rail,Mumbai WH,8,2834.03,22672.24,4,11,7,Delayed,Returned,2
ORD02212,2023-05-15,CUST2391,North,Delhi,Clothing,Saree,QuickMart Ltd,Sea,Kolkata WH,10,1433.25,14332.5,7,12,5,Delayed,Returned,3
ORD02213,2022-02-13,CUST2437,South,Chennai,Grocery,Rice,SwiftVendors,Air,Bangalore WH,16,3923.38,62774.08,8,8,0,On-Time,Not Returned,5
ORD02214,2023-06-02,CUST1025,Central,Raipur,Clothing,Jacket,SwiftVendors,Rail,Delhi WH,8,4438.19,35505.52,8,8,0,On-Time,Not Returned,5
ORD02215,2023-09-12,CUST1743,West,Surat,Clothing,T-Shirt,SwiftVendors,Sea,Kolkata WH,1,2023.28,2023.28,9,9,0,On-Time,Returned,5
ORD02216,2023-07-26,CUST4562,West,Surat,Clothing,Jeans,MegaSource Inc,Road,Hyderabad WH,12,4321.47,51857.64,3,4,1,Delayed,Not Returned,3
ORD02217,2023-05-10,CUST1586,West,Pune,Sports,Dumbbells,SwiftVendors,Sea,Mumbai WH,5,1372.02,6860.1,5,10,5,Delayed,Returned,2
ORD02218,2022-02-13,CUST3319,West,Pune,Grocery,Sugar,MegaSource Inc,Rail,Delhi WH,3,2696.57,8089.71,6,6,0,On-Time,Returned,5
ORD02219,2023-09-03,CUST3692,West,Mumbai,Clothing,Saree,QuickMart Ltd,Road,Hyderabad WH,1,4300.87,4300.87,3,8,5,Delayed,Not Returned,3
ORD02220,2022-06-22,CUST2641,West,Mumbai,Furniture,Wardrobe,QuickMart Ltd,Sea,Delhi WH,4,1663.11,6652.44,4,7,3,Delayed,Returned,2
ORD02221,2022-02-12,CUST1285,North,Delhi,Electronics,Camera,FastSupply Co,Air,Kolkata WH,8,4772.51,38180.08,7,6,-1,Early,Not Returned,5
ORD02222,2023-11-27,CUST1581,North,Delhi,Furniture,Wardrobe,SwiftVendors,Road,Kolkata WH,3,653.3,1959.9,3,8,5,Delayed,Returned,2
ORD02223,2022-05-01,CUST4035,Central,Indore,Clothing,Jeans,SwiftVendors,Air,Delhi WH,10,140.46,1404.6,6,6,0,On-Time,Not Returned,4
ORD02224,2023-09-06,CUST3593,South,Chennai,Clothing,T-Shirt,MegaSource Inc,Road,Kolkata WH,2,4525.47,9050.94,6,6,0,On-Time,Not Returned,4
ORD02225,2023-12-18,CUST4980,East,Bhubaneswar,Grocery,Sugar,QuickMart Ltd,Air,Mumbai WH,11,389.81,4287.91,8,8,0,On-Time,Not Returned,5
ORD02226,2023-09-22,CUST1125,North,Jaipur,Sports,Dumbbells,QuickMart Ltd,Road,Delhi WH,10,4959.85,49598.5,4,4,0,On-Time,Not Returned,4
ORD02227,2022-04-05,CUST1375,East,Patna,Clothing,Jacket,ReliableGoods,Rail,Hyderabad WH,14,4759.41,66631.74,3,4,1,Delayed,Not Returned,4
ORD02228,2023-07-08,CUST4056,Central,Nagpur,Electronics,Mobile,QuickMart Ltd,Road,Hyderabad WH,7,728.25,5097.75,5,8,3,Delayed,Returned,1
ORD02229,2023-12-11,CUST3172,South,Hyderabad,Clothing,Jacket,SwiftVendors,Sea,Kolkata WH,2,2711.04,5422.08,3,8,5,Delayed,Not Returned,1
ORD02230,2023-10-07,CUST1881,North,Delhi,Electronics,Headphones,SwiftVendors,Rail,Kolkata WH,9,965.36,8688.24,8,9,1,Delayed,Not Returned,4
ORD02231,2022-10-16,CUST2540,North,Delhi,Grocery,Oil,FastSupply Co,Road,Kolkata WH,16,2169.37,34709.92,9,9,0,On-Time,Not Returned,4
ORD02232,2022-08-16,CUST2719,South,Kochi,Clothing,Saree,QuickMart Ltd,Sea,Mumbai WH,13,354.05,4602.65,6,6,0,On-Time,Returned,5
ORD02233,2022-03-22,CUST2858,South,Kochi,Grocery,Pulses,FastSupply Co,Rail,Bangalore WH,9,1158.43,10425.87,4,4,0,On-Time,Not Returned,4
ORD02234,2022-04-05,CUST2396,East,Bhubaneswar,Grocery,Rice,SwiftVendors,Sea,Delhi WH,4,1848.2,7392.8,4,4,0,On-Time,Not Returned,5
ORD02235,2022-07-24,CUST1644,East,Patna,Electronics,Camera,SwiftVendors,Air,Bangalore WH,10,2221.31,22213.1,5,5,0,On-Time,Not Returned,5
ORD02236,2023-11-29,CUST2515,South,Kochi,Sports,Cycle,MegaSource Inc,Sea,Delhi WH,12,4888.61,58663.32,4,4,0,On-Time,Not Returned,5
ORD02237,2022-05-29,CUST2276,North,Jaipur,Clothing,Jeans,ReliableGoods,Rail,Hyderabad WH,17,4048.93,68831.81,8,8,0,On-Time,Not Returned,4
ORD02238,2023-02-04,CUST3955,West,Ahmedabad,Electronics,Headphones,FastSupply Co,Road,Mumbai WH,14,3700.18,51802.52,8,8,0,On-Time,Not Returned,4
ORD02239,2023-01-23,CUST2328,Central,Raipur,Sports,Yoga Mat,FastSupply Co,Rail,Kolkata WH,14,2708.35,37916.9,8,9,1,Delayed,Not Returned,3
ORD02240,2022-04-13,CUST4181,Central,Bhopal,Electronics,Laptop,QuickMart Ltd,Rail,Bangalore WH,2,4207.99,8415.98,4,4,0,On-Time,Not Returned,5
ORD02241,2022-04-09,CUST4856,East,Kolkata,Grocery,Flour,ReliableGoods,Road,Bangalore WH,11,1729.65,19026.15,4,4,0,On-Time,Not Returned,5
ORD02242,2022-12-10,CUST3324,South,Kochi,Grocery,Oil,QuickMart Ltd,Rail,Mumbai WH,16,3559.05,56944.8,8,8,0,On-Time,Returned,5
ORD02243,2023-07-05,CUST3442,North,Delhi,Electronics,Laptop,QuickMart Ltd,Road,Kolkata WH,19,4969.23,94415.37,4,3,-1,Early,Returned,4
ORD02244,2022-10-10,CUST1347,North,Jaipur,Electronics,Tablet,ReliableGoods,Air,Mumbai WH,6,1607.41,9644.46,4,4,0,On-Time,Not Returned,5
ORD02245,2023-07-21,CUST4618,East,Guwahati,Electronics,Mobile,SwiftVendors,Road,Mumbai WH,19,3386.39,64341.41,6,6,0,On-Time,Not Returned,4
ORD02246,2022-12-13,CUST1215,East,Patna,Electronics,Headphones,QuickMart Ltd,Rail,Mumbai WH,5,4229.36,21146.8,3,5,2,Delayed,Not Returned,3
ORD02247,2023-07-29,CUST1637,West,Surat,Clothing,Saree,QuickMart Ltd,Rail,Hyderabad WH,4,4583.25,18333.0,7,7,0,On-Time,Not Returned,5
ORD02248,2022-02-18,CUST1644,Central,Indore,Clothing,Jacket,QuickMart Ltd,Rail,Kolkata WH,15,3603.77,54056.55,4,11,7,Delayed,Not Returned,3
ORD02249,2022-12-18,CUST4090,Central,Indore,Electronics,Camera,MegaSource Inc,Rail,Bangalore WH,4,1453.86,5815.44,7,7,0,On-Time,Not Returned,5
ORD02250,2022-06-16,CUST3530,Central,Bhopal,Furniture,Sofa,FastSupply Co,Air,Delhi WH,10,1665.1,16651.0,9,9,0,On-Time,Not Returned,4
ORD02251,2023-02-13,CUST1203,East,Kolkata,Clothing,T-Shirt,FastSupply Co,Air,Bangalore WH,3,152.75,458.25,7,7,0,On-Time,Not Returned,4
ORD02252,2022-09-04,CUST3760,West,Pune,Sports,Football,QuickMart Ltd,Sea,Hyderabad WH,5,3816.39,19081.95,6,7,1,Delayed,Not Returned,4
ORD02253,2022-07-10,CUST1334,South,Hyderabad,Electronics,Mobile,MegaSource Inc,Rail,Bangalore WH,6,261.56,1569.36,4,4,0,On-Time,Not Returned,4
ORD02254,2023-11-05,CUST2114,East,Bhubaneswar,Electronics,Laptop,ReliableGoods,Rail,Kolkata WH,8,4330.03,34640.24,8,8,0,On-Time,Not Returned,4
ORD02255,2022-05-03,CUST2814,West,Surat,Electronics,Headphones,SwiftVendors,Rail,Bangalore WH,7,637.37,4461.59,7,7,0,On-Time,Not Returned,4
ORD02256,2022-04-25,CUST3711,East,Guwahati,Sports,Football,SwiftVendors,Rail,Mumbai WH,10,900.79,9007.9,4,4,0,On-Time,Not Returned,5
ORD02257,2023-09-01,CUST2736,South,Bangalore,Furniture,Chair,ReliableGoods,Sea,Bangalore WH,6,2408.81,14452.86,5,5,0,On-Time,Not Returned,5
ORD02258,2023-11-03,CUST2989,South,Hyderabad,Electronics,Camera,ReliableGoods,Rail,Mumbai WH,14,3702.51,51835.14,9,10,1,Delayed,Not Returned,3
ORD02259,2023-02-17,CUST3486,West,Surat,Clothing,Saree,QuickMart Ltd,Road,Mumbai WH,4,738.06,2952.24,8,9,1,Delayed,Not Returned,4
ORD02260,2022-02-03,CUST2810,North,Jaipur,Clothing,Shoes,QuickMart Ltd,Road,Delhi WH,13,2228.35,28968.55,5,5,0,On-Time,Returned,5
ORD02261,2022-10-30,CUST2696,South,Chennai,Grocery,Flour,FastSupply Co,Air,Hyderabad WH,17,2440.11,41481.87,5,5,0,On-Time,Returned,5
ORD02262,2023-04-11,CUST2118,South,Kochi,Sports,Dumbbells,FastSupply Co,Air,Hyderabad WH,7,1100.81,7705.67,7,9,2,Delayed,Not Returned,4
ORD02263,2023-12-02,CUST1882,South,Kochi,Grocery,Flour,ReliableGoods,Road,Mumbai WH,4,622.01,2488.04,5,5,0,On-Time,Not Returned,4
ORD02264,2023-11-20,CUST4092,South,Kochi,Clothing,Shoes,ReliableGoods,Road,Delhi WH,14,4190.28,58663.92,6,6,0,On-Time,Not Returned,4
ORD02265,2022-06-12,CUST3098,North,Chandigarh,Furniture,Sofa,ReliableGoods,Road,Kolkata WH,3,2537.2,7611.6,6,6,0,On-Time,Returned,4
ORD02266,2022-05-31,CUST1466,Central,Bhopal,Furniture,Wardrobe,QuickMart Ltd,Sea,Delhi WH,5,121.19,605.95,7,8,1,Delayed,Not Returned,3
ORD02267,2022-01-19,CUST2413,Central,Indore,Grocery,Flour,ReliableGoods,Rail,Mumbai WH,16,4024.76,64396.16,4,11,7,Delayed,Not Returned,3
ORD02268,2022-11-18,CUST2760,South,Hyderabad,Clothing,Jacket,SwiftVendors,Sea,Bangalore WH,4,4904.93,19619.72,3,4,1,Delayed,Not Returned,3
ORD02269,2022-08-20,CUST1454,North,Jaipur,Clothing,Shoes,ReliableGoods,Air,Delhi WH,2,3049.33,6098.66,4,4,0,On-Time,Not Returned,4
ORD02270,2023-09-08,CUST2160,East,Guwahati,Electronics,Laptop,FastSupply Co,Sea,Kolkata WH,18,2543.36,45780.48,4,4,0,On-Time,Not Returned,4
ORD02271,2023-04-27,CUST3777,North,Lucknow,Sports,Yoga Mat,SwiftVendors,Sea,Kolkata WH,19,4398.16,83565.04,4,9,5,Delayed,Returned,1
ORD02272,2023-11-26,CUST3779,West,Ahmedabad,Furniture,Sofa,MegaSource Inc,Sea,Delhi WH,19,4764.96,90534.24,4,4,0,On-Time,Not Returned,4
ORD02273,2022-01-08,CUST3429,East,Patna,Sports,Yoga Mat,QuickMart Ltd,Road,Kolkata WH,17,3784.96,64344.32,8,6,-2,Early,Not Returned,5
ORD02274,2023-05-03,CUST2993,Central,Bhopal,Electronics,Headphones,ReliableGoods,Road,Delhi WH,14,2254.99,31569.86,3,10,7,Delayed,Returned,3
ORD02275,2023-05-04,CUST3158,Central,Bhopal,Electronics,Tablet,ReliableGoods,Rail,Hyderabad WH,19,2981.5,56648.5,8,8,0,On-Time,Returned,4
ORD02276,2022-10-07,CUST3732,North,Delhi,Electronics,Mobile,SwiftVendors,Road,Mumbai WH,13,3519.63,45755.19,5,12,7,Delayed,Not Returned,1
ORD02277,2023-01-08,CUST2263,Central,Nagpur,Electronics,Tablet,MegaSource Inc,Sea,Bangalore WH,12,1011.65,12139.8,9,9,0,On-Time,Not Returned,5
ORD02278,2023-12-30,CUST1186,North,Lucknow,Sports,Cycle,MegaSource Inc,Road,Bangalore WH,6,2263.65,13581.9,4,7,3,Delayed,Returned,3
ORD02279,2022-10-13,CUST1903,North,Lucknow,Furniture,Table,FastSupply Co,Air,Bangalore WH,4,4157.62,16630.48,9,9,0,On-Time,Not Returned,4
ORD02280,2022-10-31,CUST2618,North,Delhi,Electronics,Camera,ReliableGoods,Road,Kolkata WH,19,3290.89,62526.91,6,6,0,On-Time,Not Returned,5
ORD02281,2023-05-07,CUST3454,North,Lucknow,Sports,Football,SwiftVendors,Sea,Mumbai WH,16,2085.46,33367.36,7,8,1,Delayed,Not Returned,4
ORD02282,2023-12-16,CUST1224,North,Jaipur,Grocery,Flour,SwiftVendors,Road,Hyderabad WH,13,3333.64,43337.32,7,9,2,Delayed,Not Returned,3
ORD02283,2022-02-28,CUST1031,West,Mumbai,Clothing,Saree,ReliableGoods,Air,Hyderabad WH,4,635.2,2540.8,8,8,0,On-Time,Not Returned,4
ORD02284,2023-06-29,CUST1837,West,Surat,Electronics,Tablet,ReliableGoods,Sea,Delhi WH,17,2037.41,34635.97,8,8,0,On-Time,Not Returned,5
ORD02285,2023-11-27,CUST2234,West,Ahmedabad,Clothing,T-Shirt,SwiftVendors,Rail,Hyderabad WH,1,3975.99,3975.99,6,6,0,On-Time,Not Returned,5
ORD02286,2023-11-27,CUST4872,North,Lucknow,Electronics,Camera,QuickMart Ltd,Air,Bangalore WH,18,1141.52,20547.36,4,4,0,On-Time,Not Returned,4
ORD02287,2022-05-21,CUST1865,Central,Indore,Clothing,T-Shirt,MegaSource Inc,Air,Delhi WH,17,970.51,16498.67,9,9,0,On-Time,Returned,4
ORD02288,2023-10-18,CUST4143,East,Patna,Grocery,Flour,QuickMart Ltd,Air,Mumbai WH,15,4756.55,71348.25,9,9,0,On-Time,Not Returned,4
ORD02289,2022-07-21,CUST1562,West,Mumbai,Grocery,Pulses,FastSupply Co,Sea,Hyderabad WH,11,1088.99,11978.89,3,3,0,On-Time,Not Returned,4
ORD02290,2022-03-23,CUST4130,South,Bangalore,Clothing,Saree,SwiftVendors,Road,Kolkata WH,13,1341.55,17440.15,5,5,0,On-Time,Not Returned,4
ORD02291,2023-03-31,CUST2046,South,Bangalore,Furniture,Chair,ReliableGoods,Air,Hyderabad WH,1,4849.6,4849.6,7,7,0,On-Time,Not Returned,5
ORD02292,2022-03-07,CUST2185,North,Chandigarh,Furniture,Table,QuickMart Ltd,Rail,Mumbai WH,17,3686.81,62675.77,5,5,0,On-Time,Not Returned,4
ORD02293,2022-10-24,CUST2343,East,Patna,Clothing,Shoes,ReliableGoods,Rail,Kolkata WH,6,3513.0,21078.0,3,3,0,On-Time,Returned,4
ORD02294,2023-02-04,CUST1491,West,Mumbai,Grocery,Sugar,QuickMart Ltd,Road,Kolkata WH,4,4271.99,17087.96,8,7,-1,Early,Not Returned,4
ORD02295,2022-03-17,CUST1031,North,Delhi,Electronics,Headphones,QuickMart Ltd,Air,Kolkata WH,16,623.32,9973.12,9,9,0,On-Time,Not Returned,5
ORD02296,2023-09-25,CUST3037,Central,Raipur,Grocery,Sugar,MegaSource Inc,Sea,Bangalore WH,15,3544.48,53167.2,7,14,7,Delayed,Returned,1
ORD02297,2023-08-10,CUST4059,East,Kolkata,Clothing,Saree,MegaSource Inc,Road,Hyderabad WH,15,2543.26,38148.9,5,7,2,Delayed,Not Returned,3
ORD02298,2022-12-14,CUST2763,Central,Raipur,Electronics,Tablet,ReliableGoods,Rail,Mumbai WH,6,4154.3,24925.8,8,9,1,Delayed,Returned,3
ORD02299,2022-09-07,CUST1719,Central,Nagpur,Clothing,Jacket,MegaSource Inc,Road,Hyderabad WH,15,2565.3,38479.5,3,4,1,Delayed,Not Returned,4
ORD02300,2023-08-14,CUST1529,South,Chennai,Electronics,Laptop,QuickMart Ltd,Rail,Delhi WH,14,3120.19,43682.66,5,8,3,Delayed,Returned,3
ORD02301,2022-10-06,CUST2557,West,Ahmedabad,Furniture,Table,MegaSource Inc,Road,Delhi WH,11,2414.82,26563.02,9,9,0,On-Time,Not Returned,4
ORD02302,2023-03-08,CUST3181,North,Delhi,Furniture,Wardrobe,QuickMart Ltd,Rail,Hyderabad WH,7,2416.89,16918.23,4,4,0,On-Time,Not Returned,4
ORD02303,2023-05-13,CUST3882,Central,Indore,Electronics,Camera,ReliableGoods,Road,Hyderabad WH,9,3851.45,34663.05,8,9,1,Delayed,Not Returned,3
ORD02304,2023-02-01,CUST1942,Central,Indore,Sports,Football,SwiftVendors,Rail,Bangalore WH,16,3161.4,50582.4,3,3,0,On-Time,Not Returned,5
ORD02305,2023-02-22,CUST3049,North,Jaipur,Furniture,Wardrobe,ReliableGoods,Air,Hyderabad WH,5,3184.65,15923.25,5,8,3,Delayed,Not Returned,1
ORD02306,2022-05-16,CUST3288,East,Patna,Electronics,Headphones,FastSupply Co,Air,Hyderabad WH,10,2278.9,22789.0,9,9,0,On-Time,Not Returned,5
ORD02307,2023-02-22,CUST4413,North,Delhi,Furniture,Wardrobe,SwiftVendors,Air,Kolkata WH,18,2678.99,48221.82,4,5,1,Delayed,Not Returned,4
ORD02308,2022-07-04,CUST3736,North,Jaipur,Electronics,Tablet,QuickMart Ltd,Air,Bangalore WH,3,3741.3,11223.9,4,4,0,On-Time,Not Returned,4
ORD02309,2022-09-12,CUST4302,West,Mumbai,Electronics,Tablet,FastSupply Co,Sea,Bangalore WH,13,4138.41,53799.33,3,3,0,On-Time,Not Returned,5
ORD02310,2022-12-01,CUST2450,South,Hyderabad,Sports,Cricket Bat,ReliableGoods,Sea,Bangalore WH,11,3497.98,38477.78,6,6,0,On-Time,Not Returned,5
ORD02311,2023-12-21,CUST1295,Central,Indore,Clothing,Saree,FastSupply Co,Sea,Mumbai WH,17,4624.16,78610.72,9,10,1,Delayed,Not Returned,4
ORD02312,2023-08-14,CUST2626,South,Kochi,Clothing,Shoes,ReliableGoods,Rail,Delhi WH,13,4110.6,53437.8,9,14,5,Delayed,Returned,1
ORD02313,2023-01-20,CUST4529,East,Patna,Grocery,Flour,SwiftVendors,Air,Bangalore WH,6,2831.23,16987.38,7,7,0,On-Time,Not Returned,5
ORD02314,2022-01-03,CUST4039,Central,Bhopal,Sports,Football,MegaSource Inc,Sea,Hyderabad WH,17,3373.46,57348.82,3,6,3,Delayed,Returned,3
ORD02315,2023-01-08,CUST1173,South,Kochi,Furniture,Bed,MegaSource Inc,Rail,Kolkata WH,13,4635.23,60257.99,4,4,0,On-Time,Not Returned,5
ORD02316,2022-08-26,CUST2786,East,Kolkata,Sports,Dumbbells,ReliableGoods,Road,Delhi WH,19,3114.88,59182.72,4,4,0,On-Time,Not Returned,4
ORD02317,2022-01-14,CUST1076,West,Pune,Clothing,Jeans,FastSupply Co,Rail,Kolkata WH,19,4132.79,78523.01,3,3,0,On-Time,Not Returned,5
ORD02318,2022-05-22,CUST2883,East,Patna,Grocery,Flour,ReliableGoods,Rail,Mumbai WH,10,3459.61,34596.1,6,6,0,On-Time,Not Returned,5
ORD02319,2023-01-29,CUST4773,South,Kochi,Clothing,Shoes,ReliableGoods,Rail,Kolkata WH,3,2782.08,8346.24,7,7,0,On-Time,Not Returned,4
ORD02320,2022-03-17,CUST1318,North,Lucknow,Furniture,Chair,ReliableGoods,Rail,Bangalore WH,14,1247.1,17459.4,5,5,0,On-Time,Not Returned,5
ORD02321,2023-07-02,CUST4531,Central,Nagpur,Sports,Cricket Bat,ReliableGoods,Rail,Delhi WH,19,2158.69,41015.11,3,5,2,Delayed,Not Returned,4
ORD02322,2022-11-05,CUST2282,West,Ahmedabad,Furniture,Bed,FastSupply Co,Rail,Mumbai WH,5,4840.33,24201.65,7,9,2,Delayed,Not Returned,4
ORD02323,2022-01-17,CUST3358,South,Hyderabad,Furniture,Table,ReliableGoods,Sea,Kolkata WH,5,3305.94,16529.7,9,9,0,On-Time,Not Returned,5
ORD02324,2022-05-13,CUST2758,West,Surat,Electronics,Mobile,MegaSource Inc,Air,Hyderabad WH,17,2843.76,48343.92,7,7,0,On-Time,Not Returned,5
ORD02325,2023-01-18,CUST3348,East,Bhubaneswar,Furniture,Chair,MegaSource Inc,Road,Hyderabad WH,10,4668.14,46681.4,8,8,0,On-Time,Not Returned,5
ORD02326,2023-05-13,CUST2656,South,Kochi,Grocery,Pulses,QuickMart Ltd,Rail,Mumbai WH,5,2953.23,14766.15,4,4,0,On-Time,Not Returned,5
ORD02327,2023-07-23,CUST3906,North,Delhi,Furniture,Sofa,MegaSource Inc,Air,Mumbai WH,4,2654.11,10616.44,5,5,0,On-Time,Not Returned,4
ORD02328,2023-04-05,CUST3622,North,Chandigarh,Furniture,Table,MegaSource Inc,Sea,Kolkata WH,6,3808.59,22851.54,3,3,0,On-Time,Not Returned,5
ORD02329,2022-01-07,CUST2710,North,Lucknow,Electronics,Mobile,MegaSource Inc,Road,Bangalore WH,4,3577.69,14310.76,4,11,7,Delayed,Returned,3
ORD02330,2022-08-10,CUST2185,North,Lucknow,Electronics,Tablet,ReliableGoods,Sea,Mumbai WH,7,1006.14,7042.98,8,11,3,Delayed,Returned,2
ORD02331,2023-02-02,CUST1471,Central,Bhopal,Clothing,Shoes,QuickMart Ltd,Air,Delhi WH,7,2382.98,16680.86,8,8,0,On-Time,Not Returned,4
ORD02332,2023-06-14,CUST2659,West,Ahmedabad,Clothing,Jacket,QuickMart Ltd,Air,Bangalore WH,18,2388.95,43001.1,4,4,0,On-Time,Not Returned,5
ORD02333,2023-02-15,CUST1085,South,Kochi,Furniture,Sofa,QuickMart Ltd,Rail,Delhi WH,3,1922.21,5766.63,6,6,0,On-Time,Not Returned,5
ORD02334,2022-02-19,CUST4957,North,Chandigarh,Clothing,Jeans,SwiftVendors,Road,Hyderabad WH,1,2610.6,2610.6,7,9,2,Delayed,Returned,4
ORD02335,2022-12-05,CUST2330,Central,Bhopal,Grocery,Flour,SwiftVendors,Air,Hyderabad WH,4,2094.88,8379.52,3,3,0,On-Time,Not Returned,5
ORD02336,2022-02-23,CUST1703,North,Delhi,Grocery,Pulses,SwiftVendors,Road,Hyderabad WH,6,1036.76,6220.56,3,3,0,On-Time,Not Returned,4
ORD02337,2023-02-07,CUST4282,North,Lucknow,Grocery,Sugar,SwiftVendors,Sea,Mumbai WH,9,2091.21,18820.89,3,5,2,Delayed,Not Returned,4
ORD02338,2022-08-31,CUST4881,East,Patna,Electronics,Headphones,QuickMart Ltd,Rail,Hyderabad WH,14,407.77,5708.78,4,4,0,On-Time,Not Returned,5
ORD02339,2022-02-12,CUST3531,South,Chennai,Electronics,Headphones,FastSupply Co,Sea,Kolkata WH,12,2900.14,34801.68,9,9,0,On-Time,Not Returned,4
ORD02340,2023-02-10,CUST2884,West,Surat,Sports,Cricket Bat,ReliableGoods,Sea,Delhi WH,4,4275.59,17102.36,6,6,0,On-Time,Not Returned,5
ORD02341,2023-02-10,CUST4407,East,Guwahati,Grocery,Sugar,MegaSource Inc,Road,Hyderabad WH,12,3640.17,43682.04,5,5,0,On-Time,Not Returned,5
ORD02342,2022-09-02,CUST3824,East,Bhubaneswar,Furniture,Wardrobe,FastSupply Co,Air,Kolkata WH,10,1833.95,18339.5,8,8,0,On-Time,Not Returned,5
ORD02343,2023-03-21,CUST4767,West,Ahmedabad,Clothing,Shoes,QuickMart Ltd,Rail,Kolkata WH,7,481.0,3367.0,4,4,0,On-Time,Not Returned,5
ORD02344,2022-01-09,CUST2482,North,Delhi,Electronics,Camera,FastSupply Co,Rail,Bangalore WH,3,1050.64,3151.92,9,9,0,On-Time,Not Returned,5
ORD02345,2023-01-15,CUST1360,North,Lucknow,Furniture,Bed,QuickMart Ltd,Sea,Hyderabad WH,14,2750.18,38502.52,5,5,0,On-Time,Not Returned,4
ORD02346,2022-02-15,CUST2788,South,Hyderabad,Clothing,Jeans,FastSupply Co,Road,Delhi WH,10,1074.93,10749.3,8,10,2,Delayed,Not Returned,4
ORD02347,2022-05-13,CUST4459,North,Jaipur,Clothing,Jacket,SwiftVendors,Sea,Delhi WH,16,2742.67,43882.72,8,8,0,On-Time,Not Returned,4
ORD02348,2023-06-28,CUST1433,East,Patna,Grocery,Flour,SwiftVendors,Air,Delhi WH,16,1196.42,19142.72,6,6,0,On-Time,Not Returned,5
ORD02349,2023-10-19,CUST1996,East,Bhubaneswar,Furniture,Bed,FastSupply Co,Rail,Kolkata WH,10,4252.17,42521.7,7,8,1,Delayed,Not Returned,3
ORD02350,2022-03-31,CUST2784,East,Guwahati,Furniture,Sofa,MegaSource Inc,Sea,Bangalore WH,13,2016.49,26214.37,3,5,2,Delayed,Not Returned,4
ORD02351,2023-10-25,CUST3412,West,Surat,Grocery,Flour,FastSupply Co,Road,Kolkata WH,6,1265.48,7592.88,5,8,3,Delayed,Not Returned,3
ORD02352,2023-10-11,CUST2640,North,Lucknow,Grocery,Oil,SwiftVendors,Rail,Kolkata WH,12,4071.01,48852.12,4,4,0,On-Time,Not Returned,5
ORD02353,2023-03-16,CUST3146,North,Jaipur,Grocery,Oil,MegaSource Inc,Sea,Mumbai WH,9,1747.05,15723.45,5,5,0,On-Time,Not Returned,4
ORD02354,2022-09-30,CUST1322,North,Chandigarh,Grocery,Flour,ReliableGoods,Road,Bangalore WH,13,601.86,7824.18,7,9,2,Delayed,Not Returned,4
ORD02355,2022-01-09,CUST2621,North,Delhi,Sports,Yoga Mat,QuickMart Ltd,Air,Mumbai WH,4,2873.53,11494.12,3,4,1,Delayed,Not Returned,4
ORD02356,2023-10-01,CUST4565,South,Bangalore,Furniture,Chair,MegaSource Inc,Air,Delhi WH,11,2928.74,32216.14,5,5,0,On-Time,Not Returned,4
ORD02357,2023-07-13,CUST2270,South,Kochi,Clothing,Shoes,QuickMart Ltd,Sea,Mumbai WH,18,3587.74,64579.32,7,12,5,Delayed,Returned,2
ORD02358,2023-08-25,CUST4054,East,Bhubaneswar,Clothing,Saree,ReliableGoods,Rail,Hyderabad WH,11,1239.09,13629.99,4,4,0,On-Time,Not Returned,5
ORD02359,2022-05-04,CUST2390,East,Guwahati,Grocery,Flour,MegaSource Inc,Road,Mumbai WH,4,2246.67,8986.68,6,4,-2,Early,Not Returned,5
ORD02360,2022-01-12,CUST1907,West,Ahmedabad,Grocery,Oil,QuickMart Ltd,Rail,Hyderabad WH,18,1447.72,26058.96,9,12,3,Delayed,Not Returned,3
ORD02361,2022-08-10,CUST2364,Central,Indore,Sports,Cricket Bat,QuickMart Ltd,Road,Mumbai WH,1,450.72,450.72,8,9,1,Delayed,Not Returned,4
ORD02362,2023-08-24,CUST4191,East,Kolkata,Grocery,Flour,ReliableGoods,Road,Bangalore WH,7,4389.24,30724.68,4,11,7,Delayed,Returned,1
ORD02363,2022-02-14,CUST1688,North,Chandigarh,Sports,Dumbbells,MegaSource Inc,Road,Delhi WH,6,3657.91,21947.46,3,5,2,Delayed,Not Returned,3
ORD02364,2023-08-30,CUST1312,East,Patna,Sports,Cycle,QuickMart Ltd,Sea,Hyderabad WH,15,1542.24,23133.6,8,8,0,On-Time,Not Returned,4
ORD02365,2022-05-02,CUST3090,East,Guwahati,Grocery,Flour,SwiftVendors,Road,Kolkata WH,18,3016.9,54304.2,9,9,0,On-Time,Not Returned,5
ORD02366,2022-06-18,CUST3593,South,Bangalore,Sports,Cycle,FastSupply Co,Road,Mumbai WH,11,1046.26,11508.86,4,4,0,On-Time,Not Returned,5
ORD02367,2022-03-02,CUST1467,North,Chandigarh,Sports,Football,QuickMart Ltd,Road,Delhi WH,15,4456.67,66850.05,4,4,0,On-Time,Not Returned,5
ORD02368,2022-08-31,CUST3173,West,Pune,Clothing,T-Shirt,FastSupply Co,Air,Hyderabad WH,16,618.79,9900.64,4,6,2,Delayed,Not Returned,4
ORD02369,2023-10-17,CUST3088,West,Ahmedabad,Grocery,Pulses,SwiftVendors,Road,Delhi WH,7,68.99,482.93,4,4,0,On-Time,Not Returned,4
ORD02370,2022-01-30,CUST1794,West,Surat,Electronics,Mobile,FastSupply Co,Air,Kolkata WH,10,2534.94,25349.4,8,8,0,On-Time,Not Returned,5
ORD02371,2022-05-27,CUST4710,East,Guwahati,Sports,Football,SwiftVendors,Sea,Delhi WH,12,2936.48,35237.76,3,3,0,On-Time,Not Returned,4
ORD02372,2023-01-09,CUST4179,West,Ahmedabad,Grocery,Pulses,QuickMart Ltd,Air,Bangalore WH,14,2915.88,40822.32,9,14,5,Delayed,Not Returned,1
ORD02373,2022-05-19,CUST2431,West,Mumbai,Sports,Dumbbells,MegaSource Inc,Sea,Bangalore WH,5,319.83,1599.15,7,7,0,On-Time,Not Returned,5
ORD02374,2022-01-24,CUST2438,West,Pune,Sports,Dumbbells,SwiftVendors,Road,Delhi WH,18,1604.52,28881.36,5,5,0,On-Time,Not Returned,4
ORD02375,2023-09-15,CUST3979,South,Kochi,Clothing,T-Shirt,ReliableGoods,Road,Mumbai WH,5,2521.03,12605.15,6,6,0,On-Time,Not Returned,5
ORD02376,2022-09-26,CUST4924,North,Lucknow,Electronics,Camera,ReliableGoods,Road,Bangalore WH,3,1122.07,3366.21,9,10,1,Delayed,Not Returned,4
ORD02377,2022-12-14,CUST4354,South,Hyderabad,Clothing,Shoes,QuickMart Ltd,Air,Mumbai WH,5,4369.5,21847.5,5,5,0,On-Time,Not Returned,4
ORD02378,2022-06-11,CUST3643,North,Chandigarh,Furniture,Bed,QuickMart Ltd,Road,Delhi WH,17,481.19,8180.23,5,6,1,Delayed,Not Returned,4
ORD02379,2023-12-07,CUST4338,South,Hyderabad,Electronics,Laptop,FastSupply Co,Road,Delhi WH,19,2462.55,46788.45,6,6,0,On-Time,Not Returned,5
ORD02380,2022-07-24,CUST1604,North,Chandigarh,Clothing,Saree,QuickMart Ltd,Road,Mumbai WH,19,3472.51,65977.69,9,9,0,On-Time,Returned,4
ORD02381,2023-04-17,CUST1967,West,Surat,Electronics,Camera,SwiftVendors,Air,Hyderabad WH,12,1345.67,16148.04,8,15,7,Delayed,Not Returned,2
ORD02382,2023-01-15,CUST1421,Central,Nagpur,Furniture,Table,FastSupply Co,Air,Mumbai WH,9,3139.99,28259.91,3,3,0,On-Time,Returned,4
ORD02383,2023-08-06,CUST1599,West,Mumbai,Sports,Football,FastSupply Co,Air,Bangalore WH,1,4155.46,4155.46,6,6,0,On-Time,Not Returned,5
ORD02384,2023-04-24,CUST2048,Central,Nagpur,Grocery,Pulses,FastSupply Co,Air,Kolkata WH,18,992.17,17859.06,3,3,0,On-Time,Not Returned,5
ORD02385,2023-12-14,CUST1808,West,Pune,Clothing,Jacket,MegaSource Inc,Road,Kolkata WH,4,4590.24,18360.96,8,8,0,On-Time,Not Returned,4
ORD02386,2023-09-04,CUST1710,South,Chennai,Electronics,Laptop,QuickMart Ltd,Road,Delhi WH,10,2790.11,27901.1,5,5,0,On-Time,Not Returned,5
ORD02387,2023-01-11,CUST3467,Central,Nagpur,Electronics,Headphones,SwiftVendors,Road,Mumbai WH,7,1531.2,10718.4,3,3,0,On-Time,Not Returned,4
ORD02388,2022-08-25,CUST1626,West,Ahmedabad,Furniture,Chair,FastSupply Co,Air,Bangalore WH,1,2182.75,2182.75,8,8,0,On-Time,Not Returned,4
ORD02389,2022-04-25,CUST4113,East,Guwahati,Furniture,Wardrobe,ReliableGoods,Air,Bangalore WH,17,1595.35,27120.95,8,8,0,On-Time,Not Returned,5
ORD02390,2023-08-12,CUST4109,Central,Indore,Clothing,Jacket,SwiftVendors,Air,Mumbai WH,2,3639.3,7278.6,7,8,1,Delayed,Not Returned,4
ORD02391,2023-10-27,CUST3684,North,Jaipur,Furniture,Wardrobe,MegaSource Inc,Sea,Mumbai WH,11,3991.69,43908.59,6,8,2,Delayed,Not Returned,4
ORD02392,2022-07-11,CUST1308,South,Kochi,Grocery,Pulses,QuickMart Ltd,Sea,Mumbai WH,9,4173.04,37557.36,7,7,0,On-Time,Not Returned,4
ORD02393,2023-02-06,CUST1725,West,Mumbai,Clothing,Jeans,QuickMart Ltd,Sea,Kolkata WH,7,4929.55,34506.85,5,5,0,On-Time,Not Returned,4
ORD02394,2022-02-12,CUST4896,West,Pune,Sports,Football,SwiftVendors,Sea,Hyderabad WH,17,3966.86,67436.62,6,6,0,On-Time,Not Returned,4
ORD02395,2022-02-20,CUST4165,North,Chandigarh,Grocery,Flour,QuickMart Ltd,Air,Bangalore WH,17,3026.85,51456.45,5,5,0,On-Time,Returned,5
ORD02396,2023-10-01,CUST3572,West,Ahmedabad,Clothing,Saree,QuickMart Ltd,Air,Mumbai WH,2,1729.14,3458.28,7,7,0,On-Time,Not Returned,4
ORD02397,2023-07-01,CUST3023,West,Pune,Clothing,Jeans,FastSupply Co,Air,Hyderabad WH,6,2745.75,16474.5,9,9,0,On-Time,Not Returned,5
ORD02398,2023-03-17,CUST2900,North,Delhi,Clothing,Jeans,MegaSource Inc,Sea,Delhi WH,14,253.29,3546.06,8,8,0,On-Time,Not Returned,4
ORD02399,2022-02-14,CUST4090,North,Lucknow,Electronics,Tablet,QuickMart Ltd,Sea,Delhi WH,6,3736.88,22421.28,5,5,0,On-Time,Not Returned,4
ORD02400,2022-05-17,CUST3309,East,Patna,Clothing,Jeans,MegaSource Inc,Air,Bangalore WH,2,2257.48,4514.96,6,6,0,On-Time,Not Returned,4
ORD02401,2023-04-20,CUST4112,East,Bhubaneswar,Electronics,Headphones,SwiftVendors,Air,Bangalore WH,1,149.11,149.11,6,13,7,Delayed,Not Returned,3
ORD02402,2022-12-24,CUST3373,North,Delhi,Clothing,Jeans,FastSupply Co,Air,Delhi WH,10,359.41,3594.1,5,5,0,On-Time,Not Returned,5
ORD02403,2023-05-20,CUST2838,Central,Indore,Grocery,Sugar,SwiftVendors,Rail,Hyderabad WH,5,1967.96,9839.8,6,7,1,Delayed,Not Returned,4
ORD02404,2022-10-30,CUST3789,Central,Bhopal,Electronics,Laptop,SwiftVendors,Road,Mumbai WH,2,2937.94,5875.88,8,11,3,Delayed,Not Returned,1
ORD02405,2023-11-09,CUST4785,Central,Bhopal,Grocery,Rice,FastSupply Co,Rail,Mumbai WH,16,2347.81,37564.96,9,9,0,On-Time,Not Returned,5
ORD02406,2022-11-26,CUST4612,South,Chennai,Furniture,Table,ReliableGoods,Sea,Hyderabad WH,2,3115.06,6230.12,8,8,0,On-Time,Not Returned,4
ORD02407,2022-09-21,CUST3312,East,Patna,Electronics,Camera,QuickMart Ltd,Air,Kolkata WH,10,2427.46,24274.6,6,6,0,On-Time,Not Returned,5
ORD02408,2022-10-07,CUST3633,Central,Raipur,Electronics,Tablet,QuickMart Ltd,Rail,Hyderabad WH,2,3325.43,6650.86,5,5,0,On-Time,Not Returned,5
ORD02409,2023-10-08,CUST3602,Central,Bhopal,Sports,Cycle,FastSupply Co,Air,Bangalore WH,16,1134.67,18154.72,7,7,0,On-Time,Not Returned,5
ORD02410,2023-08-28,CUST3558,Central,Indore,Electronics,Mobile,ReliableGoods,Road,Mumbai WH,16,608.57,9737.12,6,8,2,Delayed,Not Returned,3
ORD02411,2022-05-21,CUST2323,North,Lucknow,Grocery,Pulses,QuickMart Ltd,Rail,Delhi WH,19,3002.35,57044.65,6,6,0,On-Time,Not Returned,4
ORD02412,2022-02-14,CUST4539,West,Mumbai,Sports,Cycle,QuickMart Ltd,Rail,Delhi WH,7,2449.21,17144.47,6,6,0,On-Time,Returned,4
ORD02413,2022-11-23,CUST4977,South,Kochi,Clothing,Jeans,QuickMart Ltd,Road,Bangalore WH,12,182.99,2195.88,6,8,2,Delayed,Not Returned,3
ORD02414,2022-10-20,CUST3569,West,Pune,Electronics,Mobile,SwiftVendors,Air,Hyderabad WH,15,1933.39,29000.85,5,7,2,Delayed,Returned,4
ORD02415,2023-07-25,CUST2294,East,Bhubaneswar,Clothing,Jacket,MegaSource Inc,Air,Kolkata WH,8,575.32,4602.56,7,7,0,On-Time,Not Returned,4
ORD02416,2023-09-12,CUST1618,West,Mumbai,Furniture,Wardrobe,SwiftVendors,Sea,Mumbai WH,6,2680.22,16081.32,7,8,1,Delayed,Not Returned,4
ORD02417,2022-10-16,CUST2801,South,Chennai,Clothing,T-Shirt,MegaSource Inc,Rail,Hyderabad WH,10,2009.1,20091.0,3,3,0,On-Time,Not Returned,5
ORD02418,2023-12-12,CUST1279,Central,Raipur,Electronics,Camera,ReliableGoods,Sea,Hyderabad WH,3,3085.1,9255.3,6,6,0,On-Time,Not Returned,4
ORD02419,2022-10-20,CUST2920,Central,Indore,Clothing,Saree,QuickMart Ltd,Road,Kolkata WH,19,4037.73,76716.87,6,6,0,On-Time,Not Returned,5
ORD02420,2022-12-04,CUST2811,North,Delhi,Electronics,Mobile,ReliableGoods,Road,Delhi WH,17,1533.36,26067.12,3,3,0,On-Time,Not Returned,4
ORD02421,2022-08-19,CUST3586,North,Chandigarh,Electronics,Mobile,QuickMart Ltd,Rail,Kolkata WH,7,4812.41,33686.87,7,14,7,Delayed,Returned,3
ORD02422,2023-06-11,CUST2240,South,Chennai,Sports,Cycle,FastSupply Co,Rail,Bangalore WH,4,2701.39,10805.56,4,4,0,On-Time,Not Returned,4
ORD02423,2022-04-03,CUST4261,Central,Raipur,Grocery,Rice,QuickMart Ltd,Sea,Hyderabad WH,14,3110.54,43547.56,8,8,0,On-Time,Not Returned,4
ORD02424,2022-05-08,CUST2125,West,Ahmedabad,Clothing,T-Shirt,QuickMart Ltd,Rail,Kolkata WH,15,3419.33,51289.95,4,4,0,On-Time,Not Returned,5
ORD02425,2023-07-25,CUST3422,West,Surat,Clothing,T-Shirt,SwiftVendors,Air,Delhi WH,8,3350.32,26802.56,7,7,0,On-Time,Not Returned,5
ORD02426,2022-01-17,CUST1230,South,Bangalore,Grocery,Flour,FastSupply Co,Air,Delhi WH,15,2579.31,38689.65,9,9,0,On-Time,Returned,4
ORD02427,2023-10-08,CUST2441,North,Jaipur,Clothing,Shoes,FastSupply Co,Air,Delhi WH,14,2172.38,30413.32,6,6,0,On-Time,Returned,4
ORD02428,2023-07-29,CUST3078,West,Pune,Sports,Cycle,ReliableGoods,Road,Bangalore WH,9,316.22,2845.98,4,7,3,Delayed,Returned,3
ORD02429,2022-05-04,CUST1303,East,Bhubaneswar,Furniture,Bed,QuickMart Ltd,Air,Mumbai WH,8,159.32,1274.56,5,5,0,On-Time,Not Returned,4
ORD02430,2023-07-16,CUST2271,South,Chennai,Grocery,Rice,FastSupply Co,Sea,Kolkata WH,17,1821.91,30972.47,5,5,0,On-Time,Not Returned,5
ORD02431,2023-09-02,CUST2891,East,Bhubaneswar,Grocery,Flour,MegaSource Inc,Sea,Bangalore WH,2,1701.62,3403.24,3,3,0,On-Time,Not Returned,4
ORD02432,2023-02-03,CUST2851,East,Bhubaneswar,Furniture,Sofa,ReliableGoods,Road,Delhi WH,3,1969.09,5907.27,7,7,0,On-Time,Not Returned,5
ORD02433,2022-12-23,CUST1154,North,Lucknow,Grocery,Pulses,SwiftVendors,Air,Delhi WH,8,734.92,5879.36,7,7,0,On-Time,Not Returned,4
ORD02434,2023-10-07,CUST1233,Central,Indore,Electronics,Laptop,ReliableGoods,Rail,Bangalore WH,12,3703.93,44447.16,4,7,3,Delayed,Returned,1
ORD02435,2022-12-25,CUST2510,South,Kochi,Furniture,Wardrobe,ReliableGoods,Rail,Mumbai WH,1,4291.97,4291.97,6,5,-1,Early,Not Returned,4
ORD02436,2023-06-27,CUST4406,Central,Raipur,Electronics,Camera,SwiftVendors,Rail,Bangalore WH,10,4696.64,46966.4,7,7,0,On-Time,Not Returned,5
ORD02437,2022-08-05,CUST2175,West,Mumbai,Clothing,T-Shirt,SwiftVendors,Sea,Delhi WH,3,2487.19,7461.57,4,4,0,On-Time,Not Returned,5
ORD02438,2022-10-18,CUST1314,West,Surat,Electronics,Tablet,ReliableGoods,Sea,Delhi WH,6,3519.29,21115.74,4,7,3,Delayed,Not Returned,3
ORD02439,2022-10-17,CUST3640,South,Hyderabad,Electronics,Tablet,SwiftVendors,Air,Kolkata WH,7,4284.98,29994.86,8,8,0,On-Time,Not Returned,4
ORD02440,2022-12-05,CUST4539,North,Delhi,Sports,Cricket Bat,ReliableGoods,Rail,Mumbai WH,18,2120.54,38169.72,8,8,0,On-Time,Not Returned,4
ORD02441,2023-02-12,CUST4503,West,Ahmedabad,Clothing,Saree,SwiftVendors,Air,Mumbai WH,11,1581.59,17397.49,7,7,0,On-Time,Not Returned,5
ORD02442,2023-02-20,CUST1369,West,Surat,Sports,Cycle,MegaSource Inc,Air,Hyderabad WH,19,4686.79,89049.01,4,6,2,Delayed,Not Returned,4
ORD02443,2022-06-10,CUST3519,Central,Indore,Clothing,T-Shirt,SwiftVendors,Sea,Hyderabad WH,5,2602.6,13013.0,3,3,0,On-Time,Not Returned,4
ORD02444,2022-06-21,CUST3433,West,Pune,Electronics,Headphones,SwiftVendors,Sea,Mumbai WH,19,2511.41,47716.79,3,6,3,Delayed,Returned,1
ORD02445,2023-09-04,CUST3076,North,Lucknow,Grocery,Flour,ReliableGoods,Sea,Mumbai WH,11,933.16,10264.76,8,10,2,Delayed,Not Returned,3
ORD02446,2023-12-04,CUST2574,West,Pune,Grocery,Pulses,MegaSource Inc,Sea,Delhi WH,12,585.37,7024.44,7,7,0,On-Time,Not Returned,4
ORD02447,2023-01-15,CUST2895,West,Ahmedabad,Grocery,Flour,SwiftVendors,Rail,Bangalore WH,10,4218.43,42184.3,6,8,2,Delayed,Not Returned,3
ORD02448,2022-06-02,CUST3377,East,Guwahati,Sports,Cycle,ReliableGoods,Air,Kolkata WH,8,3089.96,24719.68,9,12,3,Delayed,Not Returned,1
ORD02449,2022-05-07,CUST3270,North,Lucknow,Furniture,Chair,QuickMart Ltd,Air,Hyderabad WH,9,1662.83,14965.47,3,3,0,On-Time,Not Returned,5
ORD02450,2023-05-21,CUST4908,West,Ahmedabad,Sports,Cricket Bat,SwiftVendors,Air,Kolkata WH,4,999.09,3996.36,3,3,0,On-Time,Not Returned,4
ORD02451,2023-09-24,CUST4243,North,Delhi,Sports,Football,ReliableGoods,Sea,Mumbai WH,5,2799.71,13998.55,8,8,0,On-Time,Not Returned,5
ORD02452,2023-05-22,CUST4026,North,Delhi,Furniture,Sofa,QuickMart Ltd,Rail,Kolkata WH,8,2940.4,23523.2,8,8,0,On-Time,Returned,4
ORD02453,2022-02-23,CUST4669,West,Mumbai,Clothing,Shoes,FastSupply Co,Rail,Delhi WH,9,1074.62,9671.58,7,7,0,On-Time,Not Returned,5
ORD02454,2022-11-19,CUST1168,West,Pune,Grocery,Rice,QuickMart Ltd,Air,Mumbai WH,15,4264.46,63966.9,8,8,0,On-Time,Not Returned,5
ORD02455,2023-12-18,CUST2842,North,Lucknow,Clothing,Jeans,FastSupply Co,Air,Kolkata WH,15,467.11,7006.65,5,5,0,On-Time,Returned,4
ORD02456,2023-02-22,CUST4723,Central,Indore,Furniture,Sofa,SwiftVendors,Road,Mumbai WH,16,1812.66,29002.56,9,12,3,Delayed,Returned,2
ORD02457,2023-01-25,CUST4317,Central,Raipur,Electronics,Tablet,MegaSource Inc,Rail,Delhi WH,14,3417.9,47850.6,4,4,0,On-Time,Returned,5
ORD02458,2022-01-13,CUST3341,North,Lucknow,Sports,Yoga Mat,MegaSource Inc,Air,Hyderabad WH,8,1406.9,11255.2,3,3,0,On-Time,Not Returned,4
ORD02459,2022-08-29,CUST3669,North,Delhi,Grocery,Oil,FastSupply Co,Sea,Kolkata WH,18,4146.99,74645.82,5,5,0,On-Time,Returned,5
ORD02460,2023-02-23,CUST1771,Central,Nagpur,Clothing,Jeans,SwiftVendors,Rail,Kolkata WH,10,3712.35,37123.5,6,6,0,On-Time,Not Returned,5
ORD02461,2022-04-16,CUST2316,Central,Indore,Clothing,Jacket,ReliableGoods,Air,Delhi WH,6,3955.66,23733.96,5,5,0,On-Time,Returned,4
ORD02462,2023-03-07,CUST3478,East,Guwahati,Grocery,Oil,ReliableGoods,Sea,Mumbai WH,12,639.58,7674.96,7,7,0,On-Time,Not Returned,5
ORD02463,2022-05-23,CUST2948,Central,Bhopal,Sports,Yoga Mat,ReliableGoods,Rail,Delhi WH,2,745.71,1491.42,6,6,0,On-Time,Not Returned,4
ORD02464,2022-11-14,CUST3053,Central,Indore,Electronics,Laptop,MegaSource Inc,Sea,Mumbai WH,7,1468.05,10276.35,6,8,2,Delayed,Not Returned,3
ORD02465,2023-07-09,CUST1617,South,Hyderabad,Clothing,Saree,MegaSource Inc,Air,Mumbai WH,16,2614.48,41831.68,8,10,2,Delayed,Not Returned,4
ORD02466,2023-03-10,CUST4922,West,Ahmedabad,Grocery,Rice,FastSupply Co,Air,Hyderabad WH,3,3752.68,11258.04,5,5,0,On-Time,Returned,5
ORD02467,2022-02-01,CUST1253,East,Kolkata,Clothing,Jacket,MegaSource Inc,Rail,Bangalore WH,13,4190.83,54480.79,7,9,2,Delayed,Not Returned,3
ORD02468,2023-04-04,CUST2845,East,Bhubaneswar,Sports,Cycle,ReliableGoods,Road,Delhi WH,3,3536.46,10609.38,3,5,2,Delayed,Returned,3
ORD02469,2022-01-11,CUST1423,North,Lucknow,Sports,Football,QuickMart Ltd,Sea,Kolkata WH,18,4646.55,83637.9,9,9,0,On-Time,Not Returned,5
ORD02470,2022-10-31,CUST4321,South,Bangalore,Electronics,Headphones,FastSupply Co,Sea,Kolkata WH,11,3706.78,40774.58,8,7,-1,Early,Returned,5
ORD02471,2023-04-05,CUST4682,West,Pune,Grocery,Sugar,QuickMart Ltd,Road,Delhi WH,8,1566.03,12528.24,5,8,3,Delayed,Not Returned,2
ORD02472,2023-10-18,CUST4429,East,Guwahati,Grocery,Sugar,ReliableGoods,Rail,Mumbai WH,6,1362.15,8172.9,3,3,0,On-Time,Not Returned,5
ORD02473,2022-06-07,CUST2406,Central,Raipur,Furniture,Bed,QuickMart Ltd,Road,Hyderabad WH,1,3496.15,3496.15,5,5,0,On-Time,Not Returned,4
ORD02474,2023-03-08,CUST3925,Central,Indore,Grocery,Sugar,ReliableGoods,Sea,Bangalore WH,1,1004.71,1004.71,8,8,0,On-Time,Not Returned,5
ORD02475,2023-02-20,CUST1345,Central,Bhopal,Grocery,Flour,SwiftVendors,Sea,Delhi WH,8,508.94,4071.52,3,3,0,On-Time,Not Returned,5
ORD02476,2022-01-17,CUST3066,West,Ahmedabad,Clothing,Saree,QuickMart Ltd,Road,Kolkata WH,5,2684.5,13422.5,8,10,2,Delayed,Not Returned,3
ORD02477,2022-05-15,CUST3646,East,Kolkata,Electronics,Camera,MegaSource Inc,Sea,Hyderabad WH,16,4117.13,65874.08,5,5,0,On-Time,Not Returned,4
ORD02478,2022-07-21,CUST1706,West,Surat,Furniture,Sofa,ReliableGoods,Sea,Hyderabad WH,11,551.83,6070.13,6,8,2,Delayed,Not Returned,3
ORD02479,2022-12-28,CUST1160,North,Jaipur,Grocery,Pulses,QuickMart Ltd,Air,Mumbai WH,5,3969.86,19849.3,9,11,2,Delayed,Not Returned,4
ORD02480,2022-03-06,CUST2014,North,Jaipur,Clothing,T-Shirt,QuickMart Ltd,Road,Mumbai WH,4,4067.28,16269.12,4,5,1,Delayed,Not Returned,3
ORD02481,2023-01-10,CUST3898,South,Hyderabad,Furniture,Table,FastSupply Co,Sea,Bangalore WH,6,2437.26,14623.56,9,10,1,Delayed,Not Returned,3
ORD02482,2023-06-01,CUST2793,North,Jaipur,Electronics,Mobile,QuickMart Ltd,Air,Kolkata WH,14,333.69,4671.66,6,6,0,On-Time,Not Returned,5
ORD02483,2023-01-09,CUST2799,East,Kolkata,Electronics,Camera,ReliableGoods,Sea,Kolkata WH,19,914.22,17370.18,8,8,0,On-Time,Not Returned,5
ORD02484,2022-01-28,CUST3146,East,Bhubaneswar,Electronics,Headphones,MegaSource Inc,Sea,Hyderabad WH,9,3551.76,31965.84,9,10,1,Delayed,Not Returned,4
ORD02485,2022-03-14,CUST3141,East,Patna,Furniture,Chair,ReliableGoods,Air,Bangalore WH,12,3573.3,42879.6,8,8,0,On-Time,Not Returned,5
ORD02486,2023-01-19,CUST3497,Central,Bhopal,Sports,Football,ReliableGoods,Rail,Mumbai WH,11,4496.86,49465.46,8,8,0,On-Time,Not Returned,5
ORD02487,2022-07-23,CUST1650,Central,Raipur,Furniture,Sofa,ReliableGoods,Air,Mumbai WH,14,2934.3,41080.2,3,6,3,Delayed,Returned,3
ORD02488,2023-11-29,CUST2490,East,Guwahati,Electronics,Camera,ReliableGoods,Rail,Mumbai WH,16,664.33,10629.28,7,8,1,Delayed,Not Returned,3
ORD02489,2022-01-05,CUST2527,North,Lucknow,Clothing,Saree,MegaSource Inc,Sea,Kolkata WH,1,651.0,651.0,8,8,0,On-Time,Not Returned,5
ORD02490,2022-03-11,CUST4759,North,Jaipur,Furniture,Sofa,QuickMart Ltd,Road,Delhi WH,13,3619.61,47054.93,9,10,1,Delayed,Not Returned,3
ORD02491,2023-03-28,CUST2158,South,Chennai,Clothing,Saree,ReliableGoods,Rail,Delhi WH,13,959.73,12476.49,9,11,2,Delayed,Not Returned,4
ORD02492,2022-08-24,CUST2586,West,Mumbai,Sports,Football,QuickMart Ltd,Sea,Bangalore WH,2,1675.51,3351.02,9,9,0,On-Time,Returned,4
ORD02493,2023-11-27,CUST2674,South,Bangalore,Electronics,Camera,ReliableGoods,Air,Hyderabad WH,4,2461.7,9846.8,6,6,0,On-Time,Returned,5
ORD02494,2023-10-13,CUST4172,West,Surat,Electronics,Headphones,FastSupply Co,Sea,Mumbai WH,6,172.59,1035.54,4,11,7,Delayed,Returned,1
ORD02495,2022-04-03,CUST2385,North,Chandigarh,Clothing,Jacket,QuickMart Ltd,Sea,Mumbai WH,5,1281.65,6408.25,8,8,0,On-Time,Not Returned,4
ORD02496,2023-03-10,CUST3780,East,Kolkata,Sports,Cycle,QuickMart Ltd,Air,Kolkata WH,3,2069.05,6207.15,8,8,0,On-Time,Not Returned,5
ORD02497,2023-05-24,CUST3448,Central,Indore,Electronics,Headphones,FastSupply Co,Road,Delhi WH,1,1434.2,1434.2,8,8,0,On-Time,Not Returned,5
ORD02498,2022-04-07,CUST1214,South,Bangalore,Furniture,Table,MegaSource Inc,Road,Hyderabad WH,4,725.03,2900.12,3,5,2,Delayed,Not Returned,3
ORD02499,2022-11-20,CUST4232,South,Hyderabad,Clothing,Jeans,MegaSource Inc,Air,Kolkata WH,2,3653.66,7307.32,8,8,0,On-Time,Not Returned,4
ORD02500,2023-03-10,CUST3584,North,Lucknow,Sports,Football,FastSupply Co,Air,Mumbai WH,5,4075.08,20375.4,6,6,0,On-Time,Not Returned,5
ORD02501,2022-02-25,CUST3651,West,Mumbai,Clothing,Shoes,MegaSource Inc,Road,Delhi WH,3,1324.52,3973.56,5,5,0,On-Time,Not Returned,5
ORD02502,2022-12-22,CUST2370,South,Chennai,Electronics,Headphones,ReliableGoods,Sea,Mumbai WH,9,3883.38,34950.42,7,5,-2,Early,Not Returned,5
ORD02503,2023-06-24,CUST1269,West,Pune,Clothing,Jacket,ReliableGoods,Rail,Kolkata WH,6,1958.49,11750.94,9,9,0,On-Time,Not Returned,4
ORD02504,2023-03-27,CUST2350,South,Bangalore,Furniture,Sofa,ReliableGoods,Sea,Delhi WH,18,2558.09,46045.62,8,8,0,On-Time,Returned,4
ORD02505,2023-08-09,CUST1387,East,Bhubaneswar,Electronics,Mobile,FastSupply Co,Road,Delhi WH,6,4287.21,25723.26,3,10,7,Delayed,Returned,1
ORD02506,2022-03-05,CUST3285,North,Jaipur,Sports,Cricket Bat,SwiftVendors,Sea,Mumbai WH,19,3762.27,71483.13,6,6,0,On-Time,Not Returned,5
ORD02507,2023-01-18,CUST3778,West,Ahmedabad,Sports,Football,MegaSource Inc,Air,Mumbai WH,12,4035.33,48423.96,8,7,-1,Early,Not Returned,5
ORD02508,2022-05-13,CUST2583,North,Jaipur,Electronics,Camera,MegaSource Inc,Rail,Delhi WH,11,727.38,8001.18,3,10,7,Delayed,Not Returned,2
ORD02509,2022-07-03,CUST2163,Central,Indore,Sports,Yoga Mat,SwiftVendors,Air,Hyderabad WH,2,395.11,790.22,5,10,5,Delayed,Not Returned,2
ORD02510,2022-09-19,CUST2032,North,Chandigarh,Grocery,Oil,SwiftVendors,Air,Kolkata WH,15,4472.35,67085.25,4,4,0,On-Time,Not Returned,4
ORD02511,2022-11-06,CUST3964,West,Ahmedabad,Electronics,Camera,ReliableGoods,Rail,Hyderabad WH,12,1969.78,23637.36,8,9,1,Delayed,Not Returned,4
ORD02512,2022-03-18,CUST4488,West,Pune,Electronics,Laptop,FastSupply Co,Road,Mumbai WH,12,1475.0,17700.0,6,8,2,Delayed,Not Returned,4
ORD02513,2022-08-03,CUST3689,Central,Raipur,Furniture,Sofa,ReliableGoods,Air,Hyderabad WH,9,3637.25,32735.25,3,1,-2,Early,Not Returned,4
ORD02514,2022-09-09,CUST4950,Central,Raipur,Electronics,Headphones,FastSupply Co,Sea,Kolkata WH,2,4190.26,8380.52,3,3,0,On-Time,Not Returned,4
ORD02515,2023-08-28,CUST4712,South,Bangalore,Furniture,Wardrobe,MegaSource Inc,Rail,Mumbai WH,3,4319.32,12957.96,8,10,2,Delayed,Not Returned,4
ORD02516,2022-12-01,CUST3468,West,Mumbai,Electronics,Camera,MegaSource Inc,Rail,Kolkata WH,12,1614.19,19370.28,3,3,0,On-Time,Returned,4
ORD02517,2022-11-11,CUST4576,North,Jaipur,Furniture,Bed,QuickMart Ltd,Rail,Kolkata WH,16,4268.45,68295.2,4,4,0,On-Time,Not Returned,5
ORD02518,2023-03-29,CUST1615,Central,Raipur,Furniture,Bed,MegaSource Inc,Air,Delhi WH,1,252.62,252.62,3,3,0,On-Time,Not Returned,4
ORD02519,2023-08-04,CUST2365,North,Chandigarh,Grocery,Pulses,SwiftVendors,Sea,Delhi WH,3,295.82,887.46,9,11,2,Delayed,Not Returned,4
ORD02520,2022-09-29,CUST1333,Central,Indore,Sports,Football,QuickMart Ltd,Sea,Mumbai WH,2,3136.42,6272.84,7,7,0,On-Time,Not Returned,5
ORD02521,2022-02-27,CUST3386,West,Surat,Clothing,Saree,FastSupply Co,Sea,Mumbai WH,9,362.38,3261.42,9,9,0,On-Time,Not Returned,4
ORD02522,2023-12-28,CUST3718,Central,Nagpur,Furniture,Table,FastSupply Co,Rail,Bangalore WH,19,1656.82,31479.58,7,5,-2,Early,Not Returned,4
ORD02523,2023-01-20,CUST1579,West,Mumbai,Grocery,Pulses,QuickMart Ltd,Air,Bangalore WH,15,3380.14,50702.1,3,3,0,On-Time,Returned,4
ORD02524,2022-09-28,CUST4754,Central,Bhopal,Furniture,Wardrobe,SwiftVendors,Road,Bangalore WH,18,1719.47,30950.46,8,9,1,Delayed,Not Returned,4
ORD02525,2023-01-10,CUST2432,South,Bangalore,Clothing,Saree,MegaSource Inc,Sea,Kolkata WH,11,939.02,10329.22,7,7,0,On-Time,Returned,4
ORD02526,2022-08-07,CUST2270,Central,Bhopal,Electronics,Camera,FastSupply Co,Rail,Mumbai WH,16,1442.69,23083.04,6,6,0,On-Time,Not Returned,4
ORD02527,2022-04-10,CUST4963,South,Kochi,Furniture,Sofa,FastSupply Co,Sea,Kolkata WH,17,2315.0,39355.0,7,8,1,Delayed,Not Returned,4
ORD02528,2023-11-28,CUST3687,South,Bangalore,Grocery,Flour,SwiftVendors,Road,Mumbai WH,5,2403.16,12015.8,9,16,7,Delayed,Returned,1
ORD02529,2022-11-24,CUST3860,North,Lucknow,Sports,Cycle,QuickMart Ltd,Air,Hyderabad WH,12,3925.85,47110.2,3,3,0,On-Time,Not Returned,4
ORD02530,2023-12-13,CUST3712,West,Pune,Electronics,Mobile,SwiftVendors,Air,Delhi WH,11,3763.26,41395.86,8,10,2,Delayed,Not Returned,3
ORD02531,2023-04-24,CUST2605,Central,Bhopal,Sports,Dumbbells,MegaSource Inc,Road,Hyderabad WH,15,2311.25,34668.75,5,5,0,On-Time,Not Returned,5
ORD02532,2023-08-21,CUST1528,Central,Indore,Clothing,Jacket,FastSupply Co,Rail,Mumbai WH,3,4236.05,12708.15,8,8,0,On-Time,Not Returned,4
ORD02533,2022-02-25,CUST3437,East,Guwahati,Electronics,Mobile,ReliableGoods,Air,Kolkata WH,1,615.47,615.47,8,8,0,On-Time,Not Returned,5
ORD02534,2022-11-23,CUST3903,Central,Raipur,Sports,Cycle,ReliableGoods,Sea,Mumbai WH,16,1314.0,21024.0,8,8,0,On-Time,Not Returned,5
ORD02535,2023-04-17,CUST4842,West,Pune,Grocery,Flour,MegaSource Inc,Road,Kolkata WH,2,4148.48,8296.96,6,6,0,On-Time,Not Returned,4
ORD02536,2022-05-07,CUST1347,West,Mumbai,Grocery,Rice,SwiftVendors,Sea,Bangalore WH,2,1921.07,3842.14,4,4,0,On-Time,Not Returned,5
ORD02537,2023-08-10,CUST2268,Central,Raipur,Sports,Cricket Bat,ReliableGoods,Rail,Bangalore WH,3,4906.85,14720.55,9,9,0,On-Time,Not Returned,5
ORD02538,2022-03-23,CUST3289,South,Bangalore,Electronics,Headphones,MegaSource Inc,Road,Delhi WH,8,2357.95,18863.6,3,3,0,On-Time,Not Returned,4
ORD02539,2023-10-21,CUST2542,East,Kolkata,Furniture,Table,SwiftVendors,Road,Kolkata WH,15,3970.08,59551.2,4,4,0,On-Time,Not Returned,5
ORD02540,2023-06-22,CUST3635,West,Mumbai,Clothing,Saree,MegaSource Inc,Road,Mumbai WH,7,2041.42,14289.94,5,5,0,On-Time,Not Returned,4
ORD02541,2023-10-15,CUST4242,East,Guwahati,Clothing,Jeans,MegaSource Inc,Sea,Delhi WH,6,2153.52,12921.12,4,11,7,Delayed,Not Returned,1
ORD02542,2023-08-13,CUST2345,East,Guwahati,Grocery,Oil,MegaSource Inc,Rail,Delhi WH,9,1945.27,17507.43,3,4,1,Delayed,Not Returned,4
ORD02543,2023-06-29,CUST4330,West,Surat,Electronics,Mobile,FastSupply Co,Air,Bangalore WH,1,3609.42,3609.42,9,9,0,On-Time,Not Returned,5
ORD02544,2023-02-12,CUST1523,South,Chennai,Electronics,Headphones,SwiftVendors,Sea,Bangalore WH,8,2760.21,22081.68,9,16,7,Delayed,Returned,1
ORD02545,2023-03-22,CUST3744,South,Bangalore,Clothing,Shoes,SwiftVendors,Air,Delhi WH,3,4721.7,14165.1,3,5,2,Delayed,Not Returned,3
ORD02546,2022-11-04,CUST3878,West,Pune,Clothing,T-Shirt,FastSupply Co,Rail,Delhi WH,4,1291.91,5167.64,5,5,0,On-Time,Not Returned,4
ORD02547,2023-02-19,CUST4395,Central,Nagpur,Clothing,Jeans,ReliableGoods,Rail,Bangalore WH,15,547.79,8216.85,3,3,0,On-Time,Not Returned,4
ORD02548,2023-08-18,CUST4879,Central,Raipur,Clothing,Saree,ReliableGoods,Rail,Delhi WH,6,1996.64,11979.84,5,6,1,Delayed,Not Returned,4
ORD02549,2022-08-08,CUST4026,East,Patna,Sports,Cycle,ReliableGoods,Road,Mumbai WH,15,3102.73,46540.95,5,5,0,On-Time,Not Returned,4
ORD02550,2023-03-16,CUST3807,Central,Indore,Sports,Cycle,SwiftVendors,Air,Kolkata WH,3,4310.95,12932.85,3,5,2,Delayed,Not Returned,3
ORD02551,2022-12-05,CUST4737,East,Guwahati,Sports,Dumbbells,FastSupply Co,Rail,Mumbai WH,14,1763.67,24691.38,7,9,2,Delayed,Not Returned,4
ORD02552,2023-02-02,CUST3156,Central,Nagpur,Sports,Cricket Bat,SwiftVendors,Rail,Delhi WH,14,3286.24,46007.36,9,10,1,Delayed,Not Returned,4
ORD02553,2022-05-07,CUST1382,South,Kochi,Furniture,Wardrobe,SwiftVendors,Rail,Bangalore WH,4,1783.48,7133.92,5,3,-2,Early,Not Returned,4
ORD02554,2023-07-22,CUST3646,South,Bangalore,Grocery,Oil,SwiftVendors,Sea,Delhi WH,12,3105.24,37262.88,3,3,0,On-Time,Not Returned,5
ORD02555,2022-08-29,CUST3746,South,Bangalore,Clothing,Jeans,FastSupply Co,Air,Delhi WH,17,4429.8,75306.6,7,7,0,On-Time,Not Returned,4
ORD02556,2022-07-19,CUST2734,Central,Raipur,Furniture,Sofa,QuickMart Ltd,Rail,Hyderabad WH,7,1195.22,8366.54,9,12,3,Delayed,Returned,1
ORD02557,2022-11-27,CUST3082,East,Bhubaneswar,Furniture,Chair,ReliableGoods,Sea,Bangalore WH,9,2051.0,18459.0,5,5,0,On-Time,Not Returned,4
ORD02558,2024-01-01,CUST2482,East,Guwahati,Furniture,Bed,MegaSource Inc,Road,Mumbai WH,3,4966.66,14899.98,9,11,2,Delayed,Not Returned,4
ORD02559,2023-09-14,CUST1074,South,Bangalore,Sports,Cricket Bat,ReliableGoods,Air,Delhi WH,13,4349.36,56541.68,7,6,-1,Early,Not Returned,4
ORD02560,2023-05-22,CUST2485,South,Kochi,Grocery,Sugar,MegaSource Inc,Road,Mumbai WH,15,2844.97,42674.55,9,10,1,Delayed,Not Returned,4
ORD02561,2022-09-28,CUST2265,Central,Nagpur,Electronics,Camera,QuickMart Ltd,Road,Hyderabad WH,18,2607.31,46931.58,6,6,0,On-Time,Not Returned,5
ORD02562,2023-10-05,CUST1738,Central,Bhopal,Grocery,Rice,QuickMart Ltd,Rail,Bangalore WH,19,1458.77,27716.63,8,8,0,On-Time,Not Returned,5
ORD02563,2023-11-18,CUST4895,East,Patna,Clothing,Saree,QuickMart Ltd,Sea,Bangalore WH,1,2610.19,2610.19,6,6,0,On-Time,Returned,4
ORD02564,2023-07-27,CUST1877,North,Lucknow,Clothing,Shoes,FastSupply Co,Air,Kolkata WH,6,4248.5,25491.0,7,7,0,On-Time,Not Returned,4
ORD02565,2023-04-17,CUST2399,East,Bhubaneswar,Sports,Dumbbells,SwiftVendors,Air,Kolkata WH,2,3441.61,6883.22,5,6,1,Delayed,Returned,3
ORD02566,2023-02-10,CUST4881,Central,Indore,Sports,Dumbbells,ReliableGoods,Air,Delhi WH,14,1485.72,20800.08,3,5,2,Delayed,Not Returned,3
ORD02567,2023-07-15,CUST4138,West,Pune,Electronics,Laptop,MegaSource Inc,Air,Kolkata WH,6,1047.25,6283.5,4,5,1,Delayed,Not Returned,3
ORD02568,2022-01-08,CUST2991,Central,Raipur,Clothing,T-Shirt,ReliableGoods,Sea,Hyderabad WH,14,1362.78,19078.92,3,3,0,On-Time,Not Returned,4
ORD02569,2023-01-19,CUST1786,Central,Indore,Sports,Cycle,QuickMart Ltd,Road,Mumbai WH,4,890.31,3561.24,9,9,0,On-Time,Returned,5
ORD02570,2023-12-05,CUST1927,West,Mumbai,Grocery,Pulses,FastSupply Co,Rail,Delhi WH,8,523.42,4187.36,4,6,2,Delayed,Not Returned,3
ORD02571,2023-04-25,CUST1563,Central,Bhopal,Electronics,Camera,FastSupply Co,Sea,Delhi WH,3,2124.72,6374.16,4,4,0,On-Time,Not Returned,5
ORD02572,2022-02-20,CUST1634,East,Guwahati,Electronics,Mobile,MegaSource Inc,Rail,Kolkata WH,19,610.83,11605.77,9,9,0,On-Time,Not Returned,5
ORD02573,2022-07-10,CUST1316,West,Pune,Clothing,Jeans,FastSupply Co,Air,Bangalore WH,14,900.97,12613.58,9,11,2,Delayed,Not Returned,4
ORD02574,2022-09-06,CUST2211,North,Lucknow,Furniture,Sofa,QuickMart Ltd,Sea,Bangalore WH,17,2759.26,46907.42,5,6,1,Delayed,Returned,4
ORD02575,2023-12-12,CUST4458,Central,Indore,Sports,Football,QuickMart Ltd,Road,Mumbai WH,8,864.77,6918.16,7,7,0,On-Time,Not Returned,5
ORD02576,2023-05-05,CUST4228,North,Chandigarh,Electronics,Mobile,ReliableGoods,Road,Delhi WH,14,366.2,5126.8,3,8,5,Delayed,Returned,2
ORD02577,2023-05-01,CUST1414,North,Jaipur,Grocery,Oil,SwiftVendors,Road,Delhi WH,6,1621.07,9726.42,7,7,0,On-Time,Not Returned,4
ORD02578,2022-04-01,CUST3079,West,Surat,Electronics,Tablet,QuickMart Ltd,Rail,Kolkata WH,16,1140.58,18249.28,6,4,-2,Early,Not Returned,4
ORD02579,2023-07-10,CUST4157,South,Hyderabad,Grocery,Oil,ReliableGoods,Sea,Kolkata WH,19,2600.76,49414.44,5,5,0,On-Time,Not Returned,4
ORD02580,2022-09-29,CUST3210,North,Delhi,Furniture,Chair,QuickMart Ltd,Road,Mumbai WH,14,556.72,7794.08,5,5,0,On-Time,Not Returned,5
ORD02581,2022-09-08,CUST4420,North,Delhi,Clothing,Shoes,ReliableGoods,Road,Kolkata WH,19,3771.27,71654.13,6,11,5,Delayed,Not Returned,2
ORD02582,2022-01-07,CUST4025,South,Chennai,Furniture,Sofa,SwiftVendors,Rail,Hyderabad WH,3,4535.86,13607.58,3,3,0,On-Time,Not Returned,4
ORD02583,2023-10-20,CUST4619,East,Kolkata,Clothing,Shoes,SwiftVendors,Rail,Bangalore WH,10,3730.0,37300.0,8,10,2,Delayed,Not Returned,4
ORD02584,2022-04-13,CUST3156,South,Hyderabad,Electronics,Headphones,MegaSource Inc,Air,Hyderabad WH,19,2687.49,51062.31,6,9,3,Delayed,Returned,3
ORD02585,2023-08-01,CUST1154,East,Bhubaneswar,Furniture,Chair,QuickMart Ltd,Air,Mumbai WH,9,4310.31,38792.79,3,6,3,Delayed,Not Returned,2
ORD02586,2022-07-10,CUST3711,East,Guwahati,Sports,Football,FastSupply Co,Air,Delhi WH,13,3489.85,45368.05,4,2,-2,Early,Not Returned,4
ORD02587,2022-06-17,CUST2379,South,Hyderabad,Furniture,Chair,FastSupply Co,Sea,Bangalore WH,7,102.23,715.61,9,9,0,On-Time,Not Returned,4
ORD02588,2022-01-27,CUST4589,North,Delhi,Furniture,Table,QuickMart Ltd,Road,Bangalore WH,14,2000.75,28010.5,5,7,2,Delayed,Not Returned,3
ORD02589,2023-09-10,CUST4138,East,Kolkata,Electronics,Camera,FastSupply Co,Road,Bangalore WH,9,4262.21,38359.89,3,3,0,On-Time,Returned,5
ORD02590,2023-01-04,CUST3531,South,Hyderabad,Electronics,Headphones,MegaSource Inc,Rail,Hyderabad WH,19,1762.0,33478.0,7,7,0,On-Time,Not Returned,4
ORD02591,2023-03-19,CUST1536,Central,Indore,Clothing,T-Shirt,ReliableGoods,Sea,Hyderabad WH,15,224.32,3364.8,9,12,3,Delayed,Not Returned,2
ORD02592,2023-05-16,CUST3446,North,Lucknow,Grocery,Oil,FastSupply Co,Road,Bangalore WH,14,3743.59,52410.26,7,7,0,On-Time,Not Returned,5
ORD02593,2022-09-05,CUST2543,East,Guwahati,Furniture,Table,QuickMart Ltd,Air,Mumbai WH,6,4020.09,24120.54,9,9,0,On-Time,Not Returned,4
ORD02594,2022-08-11,CUST1631,West,Ahmedabad,Grocery,Oil,ReliableGoods,Road,Kolkata WH,4,844.94,3379.76,5,5,0,On-Time,Not Returned,4
ORD02595,2022-07-14,CUST1664,North,Chandigarh,Furniture,Wardrobe,QuickMart Ltd,Sea,Mumbai WH,8,2709.84,21678.72,6,7,1,Delayed,Not Returned,3
ORD02596,2022-05-28,CUST1740,Central,Bhopal,Grocery,Pulses,ReliableGoods,Air,Delhi WH,17,1000.18,17003.06,8,7,-1,Early,Not Returned,4
ORD02597,2023-12-08,CUST4405,Central,Nagpur,Clothing,Jacket,FastSupply Co,Sea,Mumbai WH,9,3610.21,32491.89,6,6,0,On-Time,Not Returned,5
ORD02598,2023-12-25,CUST3837,South,Hyderabad,Electronics,Tablet,FastSupply Co,Rail,Mumbai WH,1,1394.17,1394.17,3,3,0,On-Time,Not Returned,5
ORD02599,2023-09-11,CUST4158,Central,Nagpur,Sports,Cricket Bat,ReliableGoods,Air,Hyderabad WH,14,1615.26,22613.64,6,9,3,Delayed,Returned,1
ORD02600,2023-12-17,CUST3558,West,Surat,Grocery,Pulses,MegaSource Inc,Sea,Mumbai WH,11,4232.61,46558.71,5,5,0,On-Time,Not Returned,4
ORD02601,2023-05-06,CUST4313,South,Hyderabad,Electronics,Laptop,SwiftVendors,Air,Bangalore WH,3,2407.8,7223.4,3,3,0,On-Time,Not Returned,5
ORD02602,2022-08-06,CUST4697,Central,Indore,Furniture,Sofa,MegaSource Inc,Air,Hyderabad WH,9,3365.28,30287.52,4,4,0,On-Time,Not Returned,4
ORD02603,2023-11-30,CUST1678,East,Bhubaneswar,Furniture,Chair,ReliableGoods,Rail,Hyderabad WH,14,2041.75,28584.5,6,6,0,On-Time,Returned,5
ORD02604,2022-05-17,CUST3953,North,Delhi,Grocery,Oil,MegaSource Inc,Air,Mumbai WH,9,1525.13,13726.17,6,6,0,On-Time,Not Returned,4
ORD02605,2022-08-04,CUST2792,West,Ahmedabad,Grocery,Flour,SwiftVendors,Air,Delhi WH,4,3146.12,12584.48,8,11,3,Delayed,Returned,3
ORD02606,2023-08-03,CUST1178,West,Surat,Sports,Cricket Bat,SwiftVendors,Air,Kolkata WH,4,816.54,3266.16,3,3,0,On-Time,Not Returned,4
ORD02607,2023-02-19,CUST2682,West,Pune,Clothing,Jacket,SwiftVendors,Rail,Hyderabad WH,8,1896.35,15170.8,7,14,7,Delayed,Returned,3
ORD02608,2022-10-24,CUST2492,East,Patna,Grocery,Rice,MegaSource Inc,Air,Kolkata WH,2,1084.73,2169.46,6,9,3,Delayed,Returned,2
ORD02609,2022-09-23,CUST3770,Central,Bhopal,Furniture,Bed,MegaSource Inc,Road,Bangalore WH,9,3494.19,31447.71,5,6,1,Delayed,Not Returned,3
ORD02610,2022-02-10,CUST3947,North,Lucknow,Sports,Football,SwiftVendors,Sea,Hyderabad WH,14,4723.83,66133.62,6,6,0,On-Time,Returned,5
ORD02611,2022-07-10,CUST1972,North,Delhi,Sports,Cricket Bat,QuickMart Ltd,Air,Hyderabad WH,9,4977.78,44800.02,8,8,0,On-Time,Not Returned,5
ORD02612,2023-07-29,CUST4971,East,Bhubaneswar,Furniture,Wardrobe,SwiftVendors,Air,Kolkata WH,16,2278.87,36461.92,4,4,0,On-Time,Not Returned,4
ORD02613,2022-05-17,CUST2819,South,Kochi,Furniture,Wardrobe,SwiftVendors,Rail,Bangalore WH,17,1300.03,22100.51,8,13,5,Delayed,Returned,2
ORD02614,2022-11-26,CUST3500,Central,Raipur,Electronics,Mobile,MegaSource Inc,Road,Kolkata WH,16,2242.01,35872.16,6,6,0,On-Time,Not Returned,4
ORD02615,2022-09-03,CUST2167,West,Ahmedabad,Grocery,Pulses,SwiftVendors,Sea,Hyderabad WH,12,4243.98,50927.76,7,7,0,On-Time,Not Returned,4
ORD02616,2022-06-17,CUST4081,South,Kochi,Sports,Cycle,QuickMart Ltd,Air,Kolkata WH,3,1069.73,3209.19,9,9,0,On-Time,Returned,4
ORD02617,2023-02-09,CUST4066,East,Patna,Grocery,Sugar,QuickMart Ltd,Air,Hyderabad WH,11,4762.87,52391.57,6,6,0,On-Time,Not Returned,5
ORD02618,2023-04-17,CUST4210,Central,Raipur,Furniture,Wardrobe,FastSupply Co,Rail,Kolkata WH,14,1742.24,24391.36,3,3,0,On-Time,Not Returned,4
ORD02619,2023-01-21,CUST2838,Central,Raipur,Electronics,Laptop,ReliableGoods,Road,Delhi WH,18,4929.73,88735.14,6,6,0,On-Time,Not Returned,4
ORD02620,2023-09-25,CUST1958,Central,Raipur,Sports,Dumbbells,ReliableGoods,Sea,Delhi WH,5,4201.11,21005.55,7,7,0,On-Time,Not Returned,4
ORD02621,2023-08-31,CUST3187,South,Kochi,Electronics,Tablet,MegaSource Inc,Air,Kolkata WH,16,4052.42,64838.72,3,3,0,On-Time,Not Returned,5
ORD02622,2023-10-31,CUST1979,South,Bangalore,Clothing,T-Shirt,MegaSource Inc,Road,Kolkata WH,5,1623.63,8118.15,5,5,0,On-Time,Returned,4
ORD02623,2022-07-11,CUST2267,East,Patna,Sports,Cycle,SwiftVendors,Road,Mumbai WH,3,93.45,280.35,3,5,2,Delayed,Returned,3
ORD02624,2022-09-22,CUST4955,West,Surat,Electronics,Mobile,MegaSource Inc,Air,Mumbai WH,12,1941.56,23298.72,8,8,0,On-Time,Not Returned,4
ORD02625,2022-06-19,CUST4312,South,Bangalore,Clothing,Shoes,ReliableGoods,Air,Hyderabad WH,1,1543.96,1543.96,4,4,0,On-Time,Returned,4
ORD02626,2023-03-26,CUST4212,North,Jaipur,Electronics,Camera,ReliableGoods,Sea,Hyderabad WH,9,235.12,2116.08,8,8,0,On-Time,Not Returned,4
ORD02627,2023-04-30,CUST2921,South,Chennai,Furniture,Bed,FastSupply Co,Air,Bangalore WH,9,2551.56,22964.04,9,9,0,On-Time,Not Returned,5
ORD02628,2022-08-31,CUST4702,South,Bangalore,Grocery,Rice,SwiftVendors,Sea,Bangalore WH,4,2045.0,8180.0,3,10,7,Delayed,Returned,3
ORD02629,2023-09-29,CUST4420,Central,Nagpur,Clothing,Saree,MegaSource Inc,Rail,Kolkata WH,3,3191.05,9573.15,5,5,0,On-Time,Not Returned,4
ORD02630,2023-12-28,CUST1794,North,Delhi,Sports,Cycle,MegaSource Inc,Air,Bangalore WH,17,3124.87,53122.79,6,7,1,Delayed,Not Returned,4
ORD02631,2022-06-13,CUST2506,West,Pune,Grocery,Pulses,FastSupply Co,Air,Mumbai WH,2,647.7,1295.4,3,8,5,Delayed,Returned,2
ORD02632,2022-08-18,CUST3778,North,Chandigarh,Electronics,Headphones,QuickMart Ltd,Sea,Hyderabad WH,1,4885.98,4885.98,8,11,3,Delayed,Returned,1
ORD02633,2023-07-02,CUST4879,West,Mumbai,Clothing,Jacket,SwiftVendors,Rail,Delhi WH,8,975.31,7802.48,3,3,0,On-Time,Not Returned,5
ORD02634,2022-12-13,CUST3336,East,Guwahati,Grocery,Oil,QuickMart Ltd,Air,Kolkata WH,13,2254.11,29303.43,3,3,0,On-Time,Not Returned,5
ORD02635,2023-10-30,CUST2804,Central,Raipur,Grocery,Sugar,QuickMart Ltd,Rail,Hyderabad WH,15,2466.18,36992.7,3,5,2,Delayed,Returned,4
ORD02636,2022-05-25,CUST2891,East,Bhubaneswar,Electronics,Camera,QuickMart Ltd,Rail,Mumbai WH,8,4074.66,32597.28,5,5,0,On-Time,Not Returned,4
ORD02637,2022-02-17,CUST4151,South,Kochi,Furniture,Bed,ReliableGoods,Rail,Hyderabad WH,12,541.19,6494.28,7,10,3,Delayed,Returned,1
ORD02638,2022-05-20,CUST2154,South,Kochi,Grocery,Pulses,QuickMart Ltd,Road,Mumbai WH,12,2171.79,26061.48,7,9,2,Delayed,Not Returned,4
ORD02639,2022-09-02,CUST4187,Central,Bhopal,Grocery,Sugar,FastSupply Co,Road,Hyderabad WH,14,3161.09,44255.26,3,5,2,Delayed,Not Returned,3
ORD02640,2023-12-04,CUST2564,East,Guwahati,Sports,Yoga Mat,SwiftVendors,Sea,Mumbai WH,15,1115.02,16725.3,5,5,0,On-Time,Not Returned,5
ORD02641,2022-07-06,CUST3059,North,Delhi,Grocery,Sugar,SwiftVendors,Sea,Kolkata WH,15,3155.97,47339.55,5,7,2,Delayed,Not Returned,4
ORD02642,2022-01-23,CUST3160,East,Guwahati,Electronics,Camera,MegaSource Inc,Road,Bangalore WH,9,4622.14,41599.26,9,10,1,Delayed,Not Returned,3
ORD02643,2023-08-13,CUST2714,West,Ahmedabad,Electronics,Mobile,ReliableGoods,Sea,Hyderabad WH,19,4987.71,94766.49,3,6,3,Delayed,Not Returned,2
ORD02644,2022-04-07,CUST4957,South,Kochi,Clothing,Saree,ReliableGoods,Rail,Hyderabad WH,8,210.63,1685.04,8,8,0,On-Time,Returned,5
ORD02645,2022-09-15,CUST1663,North,Jaipur,Electronics,Headphones,ReliableGoods,Road,Delhi WH,19,1216.16,23107.04,8,8,0,On-Time,Not Returned,5
ORD02646,2023-12-07,CUST4345,South,Kochi,Grocery,Pulses,SwiftVendors,Rail,Mumbai WH,6,1586.02,9516.12,4,4,0,On-Time,Not Returned,4
ORD02647,2022-01-01,CUST1817,East,Kolkata,Grocery,Pulses,MegaSource Inc,Rail,Kolkata WH,19,2025.67,38487.73,3,3,0,On-Time,Not Returned,5
ORD02648,2022-03-08,CUST4281,Central,Nagpur,Clothing,Saree,MegaSource Inc,Sea,Bangalore WH,4,1249.17,4996.68,4,4,0,On-Time,Not Returned,4
ORD02649,2023-03-10,CUST3476,North,Delhi,Grocery,Flour,FastSupply Co,Air,Mumbai WH,7,1057.27,7400.89,8,13,5,Delayed,Not Returned,1
ORD02650,2023-09-24,CUST1566,Central,Raipur,Furniture,Chair,QuickMart Ltd,Sea,Mumbai WH,4,4775.04,19100.16,8,8,0,On-Time,Not Returned,5
ORD02651,2022-07-13,CUST4575,East,Kolkata,Electronics,Mobile,QuickMart Ltd,Air,Kolkata WH,12,4596.68,55160.16,3,6,3,Delayed,Returned,2
ORD02652,2022-08-22,CUST2024,West,Pune,Furniture,Bed,SwiftVendors,Road,Hyderabad WH,13,282.61,3673.93,4,4,0,On-Time,Not Returned,5
ORD02653,2022-06-29,CUST1213,Central,Raipur,Furniture,Chair,ReliableGoods,Sea,Hyderabad WH,3,1727.12,5181.36,4,4,0,On-Time,Not Returned,4
ORD02654,2023-06-13,CUST3626,Central,Nagpur,Sports,Yoga Mat,FastSupply Co,Road,Delhi WH,12,2055.49,24665.88,3,3,0,On-Time,Not Returned,4
ORD02655,2022-10-13,CUST2968,East,Bhubaneswar,Grocery,Pulses,MegaSource Inc,Rail,Kolkata WH,2,1233.12,2466.24,9,9,0,On-Time,Not Returned,4
ORD02656,2022-10-28,CUST4580,North,Lucknow,Clothing,Jacket,FastSupply Co,Air,Hyderabad WH,2,3162.92,6325.84,4,9,5,Delayed,Not Returned,1
ORD02657,2022-05-22,CUST2520,East,Bhubaneswar,Grocery,Flour,ReliableGoods,Road,Delhi WH,9,3219.88,28978.92,9,9,0,On-Time,Not Returned,4
ORD02658,2022-08-06,CUST3271,Central,Bhopal,Electronics,Mobile,ReliableGoods,Air,Delhi WH,1,4260.0,4260.0,6,7,1,Delayed,Not Returned,4
ORD02659,2022-11-01,CUST4826,South,Bangalore,Furniture,Table,ReliableGoods,Air,Bangalore WH,8,3717.3,29738.4,8,8,0,On-Time,Not Returned,4
ORD02660,2023-05-22,CUST1420,South,Kochi,Grocery,Rice,QuickMart Ltd,Rail,Delhi WH,6,2735.74,16414.44,7,14,7,Delayed,Returned,3
ORD02661,2023-11-07,CUST3913,Central,Bhopal,Electronics,Tablet,ReliableGoods,Rail,Bangalore WH,6,3285.25,19711.5,9,9,0,On-Time,Not Returned,5
ORD02662,2022-03-14,CUST4464,North,Chandigarh,Sports,Yoga Mat,ReliableGoods,Air,Hyderabad WH,18,1406.24,25312.32,9,9,0,On-Time,Not Returned,4
ORD02663,2023-09-12,CUST3113,Central,Indore,Clothing,T-Shirt,FastSupply Co,Road,Bangalore WH,17,2985.63,50755.71,9,9,0,On-Time,Not Returned,4
ORD02664,2023-08-29,CUST4486,South,Chennai,Grocery,Flour,MegaSource Inc,Rail,Hyderabad WH,12,2471.67,29660.04,5,5,0,On-Time,Not Returned,5
ORD02665,2023-06-22,CUST1510,West,Ahmedabad,Clothing,Saree,MegaSource Inc,Sea,Kolkata WH,6,710.06,4260.36,4,4,0,On-Time,Not Returned,5
ORD02666,2022-06-02,CUST2167,Central,Bhopal,Clothing,Shoes,FastSupply Co,Road,Bangalore WH,8,1250.59,10004.72,4,7,3,Delayed,Returned,1
ORD02667,2023-09-15,CUST1343,Central,Raipur,Furniture,Table,MegaSource Inc,Road,Kolkata WH,19,1493.88,28383.72,5,6,1,Delayed,Not Returned,3
ORD02668,2022-01-10,CUST4125,West,Mumbai,Sports,Football,QuickMart Ltd,Air,Mumbai WH,10,4625.33,46253.3,4,5,1,Delayed,Not Returned,4
ORD02669,2023-11-20,CUST1656,North,Jaipur,Electronics,Laptop,ReliableGoods,Sea,Hyderabad WH,1,1190.41,1190.41,5,5,0,On-Time,Returned,5
ORD02670,2023-05-10,CUST2117,East,Patna,Sports,Football,ReliableGoods,Rail,Delhi WH,13,1481.76,19262.88,9,9,0,On-Time,Not Returned,5
ORD02671,2022-12-06,CUST2840,South,Chennai,Grocery,Oil,ReliableGoods,Road,Mumbai WH,17,1878.3,31931.1,3,3,0,On-Time,Not Returned,5
ORD02672,2022-11-25,CUST4708,South,Hyderabad,Electronics,Headphones,SwiftVendors,Rail,Delhi WH,3,3335.53,10006.59,6,4,-2,Early,Not Returned,4
ORD02673,2022-03-28,CUST3102,East,Bhubaneswar,Furniture,Wardrobe,QuickMart Ltd,Sea,Hyderabad WH,8,635.28,5082.24,9,12,3,Delayed,Not Returned,1
ORD02674,2022-12-03,CUST1603,East,Kolkata,Grocery,Sugar,ReliableGoods,Rail,Hyderabad WH,14,4772.03,66808.42,6,11,5,Delayed,Not Returned,3
ORD02675,2022-10-03,CUST4403,East,Kolkata,Grocery,Sugar,ReliableGoods,Road,Kolkata WH,3,4334.58,13003.74,8,11,3,Delayed,Returned,1
ORD02676,2023-12-08,CUST2791,East,Guwahati,Clothing,Shoes,QuickMart Ltd,Rail,Bangalore WH,16,2907.22,46515.52,9,9,0,On-Time,Not Returned,5
ORD02677,2022-12-17,CUST1375,South,Kochi,Electronics,Tablet,MegaSource Inc,Road,Bangalore WH,13,3386.49,44024.37,7,7,0,On-Time,Not Returned,4
ORD02678,2022-05-10,CUST4876,Central,Indore,Clothing,T-Shirt,QuickMart Ltd,Sea,Kolkata WH,17,132.47,2251.99,4,4,0,On-Time,Returned,4
ORD02679,2023-02-03,CUST4729,Central,Raipur,Electronics,Headphones,SwiftVendors,Air,Delhi WH,13,1727.78,22461.14,7,7,0,On-Time,Not Returned,5
ORD02680,2022-02-28,CUST1909,West,Mumbai,Grocery,Pulses,QuickMart Ltd,Sea,Delhi WH,6,3988.52,23931.12,3,3,0,On-Time,Returned,5
ORD02681,2023-03-30,CUST4345,Central,Raipur,Furniture,Table,MegaSource Inc,Rail,Mumbai WH,17,433.54,7370.18,6,6,0,On-Time,Not Returned,5
ORD02682,2022-11-28,CUST2847,North,Delhi,Furniture,Wardrobe,QuickMart Ltd,Sea,Delhi WH,14,1447.45,20264.3,9,10,1,Delayed,Not Returned,4
ORD02683,2023-03-23,CUST4623,North,Jaipur,Clothing,Jeans,SwiftVendors,Air,Mumbai WH,17,2947.22,50102.74,3,8,5,Delayed,Returned,2
ORD02684,2023-08-06,CUST2431,East,Patna,Electronics,Headphones,MegaSource Inc,Sea,Delhi WH,8,1319.24,10553.92,3,5,2,Delayed,Not Returned,3
ORD02685,2023-12-08,CUST4811,West,Pune,Clothing,Jeans,SwiftVendors,Sea,Delhi WH,11,4673.19,51405.09,4,11,7,Delayed,Returned,3
ORD02686,2023-09-16,CUST1109,South,Bangalore,Electronics,Mobile,ReliableGoods,Road,Kolkata WH,1,698.74,698.74,3,3,0,On-Time,Not Returned,4
ORD02687,2023-09-30,CUST2699,Central,Bhopal,Furniture,Bed,FastSupply Co,Road,Delhi WH,7,3997.1,27979.7,9,9,0,On-Time,Not Returned,4
ORD02688,2022-03-13,CUST1218,Central,Raipur,Grocery,Oil,FastSupply Co,Rail,Mumbai WH,17,2564.35,43593.95,9,10,1,Delayed,Not Returned,4
ORD02689,2022-07-26,CUST2623,South,Hyderabad,Electronics,Mobile,FastSupply Co,Rail,Bangalore WH,10,3764.14,37641.4,6,6,0,On-Time,Not Returned,4
ORD02690,2023-07-19,CUST3056,North,Delhi,Furniture,Wardrobe,FastSupply Co,Road,Bangalore WH,11,1588.04,17468.44,9,9,0,On-Time,Not Returned,4
ORD02691,2022-08-15,CUST2531,East,Kolkata,Grocery,Oil,FastSupply Co,Rail,Mumbai WH,9,2596.72,23370.48,7,7,0,On-Time,Not Returned,4
ORD02692,2022-05-08,CUST1965,West,Surat,Grocery,Sugar,QuickMart Ltd,Road,Delhi WH,9,4291.33,38621.97,6,6,0,On-Time,Not Returned,4
ORD02693,2022-01-31,CUST2581,North,Delhi,Sports,Dumbbells,SwiftVendors,Rail,Delhi WH,5,2361.05,11805.25,4,4,0,On-Time,Not Returned,4
ORD02694,2022-01-04,CUST1334,West,Surat,Clothing,Jacket,ReliableGoods,Road,Mumbai WH,17,1830.61,31120.37,6,6,0,On-Time,Not Returned,5
ORD02695,2023-02-07,CUST2535,East,Patna,Furniture,Wardrobe,ReliableGoods,Sea,Mumbai WH,9,2703.97,24335.73,5,5,0,On-Time,Not Returned,4
ORD02696,2022-10-19,CUST1919,Central,Nagpur,Clothing,Jacket,FastSupply Co,Rail,Mumbai WH,17,3600.95,61216.15,7,8,1,Delayed,Not Returned,3
ORD02697,2022-09-09,CUST1115,East,Bhubaneswar,Electronics,Headphones,QuickMart Ltd,Sea,Mumbai WH,19,2245.64,42667.16,5,5,0,On-Time,Not Returned,4
ORD02698,2022-08-07,CUST2305,North,Jaipur,Electronics,Mobile,FastSupply Co,Road,Hyderabad WH,7,4697.44,32882.08,5,5,0,On-Time,Not Returned,5
ORD02699,2023-11-21,CUST4812,Central,Bhopal,Grocery,Sugar,FastSupply Co,Air,Hyderabad WH,9,1509.98,13589.82,8,8,0,On-Time,Not Returned,4
ORD02700,2022-06-08,CUST1405,East,Kolkata,Furniture,Bed,ReliableGoods,Rail,Kolkata WH,7,2403.54,16824.78,9,9,0,On-Time,Not Returned,4
ORD02701,2022-07-08,CUST4437,Central,Nagpur,Furniture,Sofa,QuickMart Ltd,Rail,Delhi WH,13,3796.79,49358.27,4,6,2,Delayed,Not Returned,3
ORD02702,2023-03-19,CUST3927,Central,Nagpur,Clothing,Saree,FastSupply Co,Air,Bangalore WH,11,3461.15,38072.65,3,5,2,Delayed,Not Returned,4
ORD02703,2023-10-03,CUST3662,West,Surat,Clothing,Jeans,QuickMart Ltd,Sea,Kolkata WH,14,4325.02,60550.28,5,6,1,Delayed,Not Returned,4
ORD02704,2022-06-04,CUST2373,West,Surat,Furniture,Sofa,MegaSource Inc,Sea,Kolkata WH,19,4984.21,94699.99,6,6,0,On-Time,Returned,4
ORD02705,2022-05-12,CUST4241,North,Lucknow,Grocery,Sugar,MegaSource Inc,Rail,Delhi WH,11,2162.95,23792.45,3,3,0,On-Time,Not Returned,4
ORD02706,2023-05-20,CUST1598,East,Bhubaneswar,Grocery,Sugar,MegaSource Inc,Air,Hyderabad WH,13,600.2,7802.6,6,6,0,On-Time,Not Returned,5
ORD02707,2023-04-06,CUST1563,South,Chennai,Grocery,Sugar,SwiftVendors,Sea,Mumbai WH,14,200.56,2807.84,6,6,0,On-Time,Not Returned,4
ORD02708,2023-04-24,CUST1156,East,Patna,Sports,Cycle,FastSupply Co,Rail,Hyderabad WH,13,3648.04,47424.52,3,3,0,On-Time,Not Returned,4
ORD02709,2023-04-24,CUST2175,Central,Indore,Clothing,Saree,FastSupply Co,Sea,Mumbai WH,1,4376.37,4376.37,3,3,0,On-Time,Not Returned,4
ORD02710,2022-08-12,CUST4757,North,Jaipur,Grocery,Flour,QuickMart Ltd,Rail,Mumbai WH,8,1142.53,9140.24,9,9,0,On-Time,Not Returned,4
ORD02711,2022-07-28,CUST4398,North,Lucknow,Furniture,Wardrobe,MegaSource Inc,Rail,Hyderabad WH,12,834.32,10011.84,6,8,2,Delayed,Not Returned,3
ORD02712,2022-03-19,CUST2935,South,Bangalore,Sports,Cycle,MegaSource Inc,Air,Hyderabad WH,19,357.92,6800.48,4,4,0,On-Time,Not Returned,4
ORD02713,2023-03-01,CUST3851,Central,Raipur,Grocery,Flour,FastSupply Co,Rail,Hyderabad WH,12,4122.38,49468.56,9,11,2,Delayed,Not Returned,4
ORD02714,2023-06-03,CUST4404,Central,Bhopal,Electronics,Laptop,FastSupply Co,Sea,Hyderabad WH,8,1591.34,12730.72,7,7,0,On-Time,Not Returned,4
ORD02715,2023-12-18,CUST1568,North,Lucknow,Sports,Cycle,SwiftVendors,Road,Mumbai WH,8,2038.4,16307.2,8,8,0,On-Time,Not Returned,4
ORD02716,2022-02-04,CUST4108,North,Chandigarh,Sports,Cricket Bat,FastSupply Co,Road,Mumbai WH,13,2538.61,33001.93,7,6,-1,Early,Returned,4
ORD02717,2023-02-12,CUST3889,South,Kochi,Clothing,Jacket,FastSupply Co,Road,Bangalore WH,12,4205.29,50463.48,4,3,-1,Early,Not Returned,4
ORD02718,2023-02-16,CUST2921,South,Kochi,Electronics,Headphones,SwiftVendors,Air,Mumbai WH,16,3271.62,52345.92,9,9,0,On-Time,Not Returned,4
ORD02719,2022-11-02,CUST2837,West,Surat,Sports,Football,FastSupply Co,Air,Kolkata WH,1,3094.57,3094.57,8,8,0,On-Time,Not Returned,5
ORD02720,2023-05-05,CUST3520,North,Jaipur,Sports,Cycle,QuickMart Ltd,Rail,Mumbai WH,13,919.58,11954.54,9,9,0,On-Time,Not Returned,4
ORD02721,2022-01-29,CUST1021,South,Hyderabad,Clothing,Saree,QuickMart Ltd,Rail,Mumbai WH,7,2590.29,18132.03,3,3,0,On-Time,Not Returned,5
ORD02722,2023-03-30,CUST4710,Central,Indore,Furniture,Chair,ReliableGoods,Air,Hyderabad WH,5,3591.14,17955.7,8,11,3,Delayed,Returned,1
ORD02723,2022-01-04,CUST1324,West,Mumbai,Furniture,Table,ReliableGoods,Air,Mumbai WH,8,4867.64,38941.12,6,5,-1,Early,Not Returned,5
ORD02724,2022-08-01,CUST1077,North,Jaipur,Electronics,Mobile,FastSupply Co,Sea,Kolkata WH,14,1046.96,14657.44,7,8,1,Delayed,Not Returned,3
ORD02725,2023-07-26,CUST2048,South,Hyderabad,Clothing,Saree,MegaSource Inc,Rail,Hyderabad WH,13,97.24,1264.12,8,8,0,On-Time,Not Returned,4
ORD02726,2023-01-06,CUST1883,North,Chandigarh,Grocery,Sugar,SwiftVendors,Air,Delhi WH,15,422.74,6341.1,6,7,1,Delayed,Not Returned,3
ORD02727,2022-02-23,CUST4420,West,Surat,Clothing,Saree,MegaSource Inc,Air,Delhi WH,17,1910.47,32477.99,9,9,0,On-Time,Not Returned,5
ORD02728,2022-09-01,CUST1612,East,Guwahati,Grocery,Rice,SwiftVendors,Road,Delhi WH,15,4111.7,61675.5,4,9,5,Delayed,Not Returned,1
ORD02729,2023-01-23,CUST3247,North,Delhi,Furniture,Sofa,SwiftVendors,Air,Kolkata WH,18,85.35,1536.3,8,13,5,Delayed,Returned,3
ORD02730,2022-02-05,CUST4851,North,Delhi,Electronics,Tablet,FastSupply Co,Air,Delhi WH,18,2310.82,41594.76,6,6,0,On-Time,Not Returned,5
ORD02731,2022-12-10,CUST3978,North,Lucknow,Grocery,Flour,SwiftVendors,Air,Kolkata WH,2,1679.69,3359.38,9,9,0,On-Time,Not Returned,4
ORD02732,2023-09-22,CUST3493,North,Jaipur,Furniture,Sofa,MegaSource Inc,Sea,Hyderabad WH,4,309.78,1239.12,9,9,0,On-Time,Not Returned,5
ORD02733,2022-11-17,CUST3161,South,Bangalore,Sports,Dumbbells,QuickMart Ltd,Sea,Hyderabad WH,1,2278.67,2278.67,9,9,0,On-Time,Not Returned,5
ORD02734,2022-06-23,CUST2733,East,Bhubaneswar,Electronics,Camera,FastSupply Co,Air,Hyderabad WH,4,1311.01,5244.04,4,7,3,Delayed,Returned,3
ORD02735,2023-10-01,CUST1455,Central,Indore,Grocery,Oil,ReliableGoods,Air,Kolkata WH,18,1791.83,32252.94,3,3,0,On-Time,Not Returned,5
ORD02736,2023-05-31,CUST4179,North,Delhi,Clothing,Jeans,SwiftVendors,Road,Hyderabad WH,5,3542.8,17714.0,4,4,0,On-Time,Not Returned,5
ORD02737,2022-11-08,CUST2180,Central,Raipur,Grocery,Pulses,MegaSource Inc,Rail,Mumbai WH,19,2631.68,50001.92,4,4,0,On-Time,Not Returned,5
ORD02738,2022-05-19,CUST1973,South,Kochi,Sports,Dumbbells,QuickMart Ltd,Rail,Kolkata WH,15,667.0,10005.0,7,10,3,Delayed,Returned,1
ORD02739,2023-10-08,CUST2233,East,Guwahati,Electronics,Tablet,SwiftVendors,Sea,Mumbai WH,8,4809.0,38472.0,9,9,0,On-Time,Not Returned,4
ORD02740,2022-10-22,CUST1499,West,Mumbai,Electronics,Headphones,FastSupply Co,Sea,Hyderabad WH,17,3197.76,54361.92,6,9,3,Delayed,Not Returned,1
ORD02741,2022-03-28,CUST1195,West,Surat,Clothing,T-Shirt,ReliableGoods,Air,Bangalore WH,1,3841.05,3841.05,8,13,5,Delayed,Not Returned,1
ORD02742,2022-02-08,CUST1976,West,Ahmedabad,Clothing,T-Shirt,SwiftVendors,Road,Bangalore WH,12,442.11,5305.32,7,14,7,Delayed,Not Returned,2
ORD02743,2023-10-18,CUST2719,West,Pune,Grocery,Oil,QuickMart Ltd,Road,Hyderabad WH,19,282.94,5375.86,9,9,0,On-Time,Not Returned,4
ORD02744,2023-04-30,CUST3617,West,Pune,Sports,Football,MegaSource Inc,Air,Mumbai WH,15,146.27,2194.05,5,5,0,On-Time,Not Returned,4
ORD02745,2023-12-27,CUST4251,East,Patna,Clothing,Saree,FastSupply Co,Sea,Hyderabad WH,9,984.53,8860.77,4,4,0,On-Time,Returned,5
ORD02746,2022-11-01,CUST3551,North,Chandigarh,Sports,Cycle,ReliableGoods,Rail,Kolkata WH,7,2101.32,14709.24,5,5,0,On-Time,Returned,4
ORD02747,2022-02-24,CUST2872,West,Surat,Grocery,Pulses,MegaSource Inc,Road,Kolkata WH,2,4682.34,9364.68,9,9,0,On-Time,Not Returned,4
ORD02748,2022-05-16,CUST1257,North,Lucknow,Clothing,Jacket,QuickMart Ltd,Rail,Bangalore WH,9,2312.45,20812.05,7,8,1,Delayed,Returned,4
ORD02749,2023-05-23,CUST1454,Central,Bhopal,Furniture,Chair,ReliableGoods,Rail,Kolkata WH,10,1486.76,14867.6,6,6,0,On-Time,Not Returned,4
ORD02750,2022-10-04,CUST4427,North,Delhi,Clothing,Jacket,ReliableGoods,Air,Delhi WH,2,2831.58,5663.16,7,10,3,Delayed,Not Returned,2
ORD02751,2022-01-19,CUST4707,Central,Bhopal,Clothing,Jacket,MegaSource Inc,Road,Mumbai WH,19,604.08,11477.52,6,6,0,On-Time,Not Returned,4
ORD02752,2023-11-23,CUST3047,North,Delhi,Sports,Football,SwiftVendors,Air,Mumbai WH,11,3067.05,33737.55,6,7,1,Delayed,Returned,4
ORD02753,2023-10-26,CUST3444,Central,Indore,Electronics,Headphones,MegaSource Inc,Air,Mumbai WH,13,2863.74,37228.62,9,11,2,Delayed,Not Returned,3
ORD02754,2023-03-21,CUST3195,North,Jaipur,Furniture,Wardrobe,MegaSource Inc,Road,Hyderabad WH,10,3970.37,39703.7,3,5,2,Delayed,Not Returned,4
ORD02755,2023-04-30,CUST1067,North,Delhi,Furniture,Wardrobe,ReliableGoods,Road,Hyderabad WH,14,4934.1,69077.4,9,14,5,Delayed,Returned,3
ORD02756,2023-01-11,CUST3588,East,Guwahati,Electronics,Tablet,ReliableGoods,Sea,Hyderabad WH,18,1291.82,23252.76,4,6,2,Delayed,Not Returned,4
ORD02757,2023-06-03,CUST3110,Central,Raipur,Furniture,Chair,QuickMart Ltd,Rail,Bangalore WH,19,2572.8,48883.2,7,14,7,Delayed,Not Returned,1
ORD02758,2022-06-21,CUST3355,North,Lucknow,Furniture,Chair,MegaSource Inc,Rail,Delhi WH,9,4548.88,40939.92,6,6,0,On-Time,Not Returned,5
ORD02759,2023-03-15,CUST1990,East,Patna,Sports,Cricket Bat,MegaSource Inc,Air,Delhi WH,7,3936.69,27556.83,9,9,0,On-Time,Not Returned,4
ORD02760,2023-04-10,CUST3943,East,Kolkata,Electronics,Headphones,QuickMart Ltd,Air,Kolkata WH,3,2462.66,7387.98,9,9,0,On-Time,Not Returned,4
ORD02761,2023-03-07,CUST1588,Central,Bhopal,Grocery,Sugar,QuickMart Ltd,Road,Mumbai WH,6,4729.59,28377.54,7,7,0,On-Time,Not Returned,4
ORD02762,2022-05-22,CUST2193,North,Delhi,Grocery,Pulses,ReliableGoods,Sea,Mumbai WH,2,333.32,666.64,7,7,0,On-Time,Not Returned,5
ORD02763,2023-01-16,CUST2758,East,Guwahati,Grocery,Sugar,QuickMart Ltd,Air,Delhi WH,6,4658.44,27950.64,6,6,0,On-Time,Not Returned,4
ORD02764,2023-08-06,CUST1006,West,Pune,Grocery,Flour,QuickMart Ltd,Air,Kolkata WH,3,300.01,900.03,8,8,0,On-Time,Not Returned,5
ORD02765,2022-01-03,CUST3518,West,Pune,Furniture,Sofa,FastSupply Co,Rail,Mumbai WH,16,2759.16,44146.56,5,5,0,On-Time,Not Returned,4
ORD02766,2023-03-17,CUST2445,West,Surat,Furniture,Chair,FastSupply Co,Air,Mumbai WH,8,4457.68,35661.44,4,4,0,On-Time,Not Returned,4
ORD02767,2022-06-13,CUST1985,North,Delhi,Sports,Cycle,FastSupply Co,Rail,Hyderabad WH,2,1350.47,2700.94,4,9,5,Delayed,Not Returned,3
ORD02768,2022-01-15,CUST3337,West,Mumbai,Grocery,Oil,SwiftVendors,Road,Mumbai WH,17,2387.63,40589.71,8,8,0,On-Time,Not Returned,4
ORD02769,2022-02-10,CUST2706,South,Kochi,Sports,Cricket Bat,FastSupply Co,Road,Bangalore WH,9,1655.43,14898.87,3,5,2,Delayed,Not Returned,4
ORD02770,2022-09-08,CUST1767,Central,Raipur,Furniture,Sofa,QuickMart Ltd,Rail,Mumbai WH,12,4763.11,57157.32,8,8,0,On-Time,Not Returned,5
ORD02771,2023-12-25,CUST3721,South,Hyderabad,Electronics,Tablet,FastSupply Co,Rail,Hyderabad WH,3,4127.05,12381.15,3,8,5,Delayed,Returned,2
ORD02772,2023-02-19,CUST3737,South,Kochi,Clothing,Jeans,ReliableGoods,Sea,Hyderabad WH,11,3559.56,39155.16,3,8,5,Delayed,Returned,2
ORD02773,2022-07-15,CUST1350,West,Surat,Grocery,Oil,QuickMart Ltd,Rail,Bangalore WH,1,2958.75,2958.75,8,9,1,Delayed,Not Returned,4
ORD02774,2023-06-05,CUST3144,Central,Raipur,Grocery,Pulses,QuickMart Ltd,Air,Bangalore WH,13,4111.93,53455.09,4,5,1,Delayed,Not Returned,4
ORD02775,2023-11-10,CUST4992,East,Patna,Furniture,Sofa,FastSupply Co,Sea,Bangalore WH,15,1991.72,29875.8,5,5,0,On-Time,Not Returned,5
ORD02776,2023-01-01,CUST2477,South,Bangalore,Clothing,Shoes,MegaSource Inc,Rail,Hyderabad WH,5,2265.38,11326.9,4,2,-2,Early,Not Returned,4
ORD02777,2023-10-12,CUST1277,East,Bhubaneswar,Sports,Football,MegaSource Inc,Air,Delhi WH,17,3663.51,62279.67,9,14,5,Delayed,Returned,3
ORD02778,2023-02-18,CUST4905,East,Bhubaneswar,Sports,Dumbbells,MegaSource Inc,Sea,Hyderabad WH,6,1820.89,10925.34,4,9,5,Delayed,Returned,2
ORD02779,2022-09-26,CUST3154,North,Delhi,Clothing,T-Shirt,SwiftVendors,Air,Bangalore WH,11,366.31,4029.41,4,5,1,Delayed,Not Returned,4
ORD02780,2023-02-26,CUST3228,Central,Raipur,Sports,Cycle,QuickMart Ltd,Sea,Delhi WH,18,417.96,7523.28,8,8,0,On-Time,Not Returned,5
ORD02781,2022-03-14,CUST3078,Central,Bhopal,Grocery,Oil,ReliableGoods,Road,Mumbai WH,4,621.05,2484.2,8,13,5,Delayed,Returned,2
ORD02782,2022-10-17,CUST4221,South,Kochi,Grocery,Sugar,ReliableGoods,Road,Delhi WH,3,4354.92,13064.76,9,9,0,On-Time,Not Returned,4
ORD02783,2023-08-11,CUST3079,North,Delhi,Furniture,Wardrobe,ReliableGoods,Sea,Bangalore WH,13,2387.52,31037.76,9,9,0,On-Time,Not Returned,4
ORD02784,2023-04-04,CUST3269,North,Delhi,Grocery,Pulses,FastSupply Co,Air,Mumbai WH,9,3578.77,32208.93,8,8,0,On-Time,Not Returned,5
ORD02785,2022-10-01,CUST1083,North,Jaipur,Furniture,Sofa,SwiftVendors,Rail,Mumbai WH,6,1994.9,11969.4,4,11,7,Delayed,Returned,2
ORD02786,2022-11-19,CUST2599,Central,Bhopal,Sports,Dumbbells,SwiftVendors,Rail,Bangalore WH,12,1330.62,15967.44,5,5,0,On-Time,Not Returned,5
ORD02787,2023-09-02,CUST4577,Central,Bhopal,Electronics,Camera,MegaSource Inc,Air,Delhi WH,2,1768.6,3537.2,3,3,0,On-Time,Returned,4
ORD02788,2023-05-13,CUST2925,West,Pune,Electronics,Headphones,QuickMart Ltd,Road,Bangalore WH,3,3981.2,11943.6,7,7,0,On-Time,Not Returned,4
ORD02789,2023-10-24,CUST1178,Central,Indore,Electronics,Laptop,ReliableGoods,Air,Delhi WH,3,3144.82,9434.46,3,5,2,Delayed,Not Returned,4
ORD02790,2023-08-24,CUST3603,Central,Indore,Electronics,Mobile,FastSupply Co,Air,Bangalore WH,12,4691.32,56295.84,9,10,1,Delayed,Not Returned,4
ORD02791,2022-08-02,CUST2584,North,Jaipur,Electronics,Laptop,MegaSource Inc,Air,Kolkata WH,15,3414.54,51218.1,9,9,0,On-Time,Not Returned,4
ORD02792,2022-04-17,CUST2529,East,Guwahati,Sports,Yoga Mat,QuickMart Ltd,Sea,Kolkata WH,9,2872.4,25851.6,3,3,0,On-Time,Not Returned,5
ORD02793,2023-06-20,CUST2038,South,Hyderabad,Grocery,Sugar,ReliableGoods,Rail,Mumbai WH,8,3070.47,24563.76,7,9,2,Delayed,Not Returned,3
ORD02794,2022-08-11,CUST4061,East,Patna,Electronics,Tablet,QuickMart Ltd,Road,Kolkata WH,11,4714.74,51862.14,4,2,-2,Early,Not Returned,5
ORD02795,2023-08-25,CUST1066,South,Kochi,Grocery,Oil,MegaSource Inc,Rail,Bangalore WH,16,3951.59,63225.44,5,8,3,Delayed,Not Returned,1
ORD02796,2023-12-17,CUST2462,West,Ahmedabad,Sports,Football,FastSupply Co,Air,Kolkata WH,4,169.0,676.0,5,5,0,On-Time,Not Returned,5
ORD02797,2023-08-08,CUST4229,Central,Bhopal,Sports,Yoga Mat,FastSupply Co,Road,Hyderabad WH,1,2693.99,2693.99,3,8,5,Delayed,Not Returned,2
ORD02798,2023-11-27,CUST1276,South,Bangalore,Electronics,Tablet,FastSupply Co,Air,Hyderabad WH,7,3457.28,24200.96,7,7,0,On-Time,Not Returned,4
ORD02799,2023-05-12,CUST2412,South,Bangalore,Grocery,Oil,MegaSource Inc,Air,Hyderabad WH,2,3756.06,7512.12,9,9,0,On-Time,Not Returned,4
ORD02800,2023-08-12,CUST1987,South,Chennai,Sports,Cycle,ReliableGoods,Rail,Bangalore WH,5,1105.05,5525.25,6,6,0,On-Time,Not Returned,5
ORD02801,2023-07-09,CUST4002,South,Bangalore,Sports,Yoga Mat,QuickMart Ltd,Rail,Bangalore WH,7,4342.53,30397.71,4,4,0,On-Time,Not Returned,5
ORD02802,2023-12-27,CUST3691,Central,Bhopal,Electronics,Headphones,ReliableGoods,Road,Hyderabad WH,4,4781.42,19125.68,3,5,2,Delayed,Not Returned,4
ORD02803,2022-10-12,CUST3573,East,Kolkata,Furniture,Table,ReliableGoods,Air,Bangalore WH,5,1221.74,6108.7,5,5,0,On-Time,Not Returned,4
ORD02804,2023-09-05,CUST1424,South,Bangalore,Grocery,Sugar,ReliableGoods,Road,Kolkata WH,1,4418.95,4418.95,9,9,0,On-Time,Returned,4
ORD02805,2022-03-21,CUST4160,North,Delhi,Clothing,Saree,MegaSource Inc,Sea,Kolkata WH,1,530.04,530.04,8,8,0,On-Time,Not Returned,5
ORD02806,2022-09-21,CUST3383,South,Bangalore,Clothing,Shoes,ReliableGoods,Air,Kolkata WH,15,325.75,4886.25,8,8,0,On-Time,Not Returned,5
ORD02807,2023-09-06,CUST4011,Central,Indore,Grocery,Rice,QuickMart Ltd,Rail,Delhi WH,19,689.66,13103.54,7,7,0,On-Time,Not Returned,5
ORD02808,2023-12-25,CUST4099,North,Chandigarh,Sports,Football,MegaSource Inc,Air,Mumbai WH,10,335.82,3358.2,7,7,0,On-Time,Not Returned,4
ORD02809,2023-06-03,CUST2361,Central,Nagpur,Grocery,Rice,ReliableGoods,Air,Mumbai WH,18,4232.81,76190.58,3,3,0,On-Time,Returned,5
ORD02810,2023-03-14,CUST1546,West,Surat,Electronics,Tablet,MegaSource Inc,Rail,Mumbai WH,3,342.3,1026.9,6,7,1,Delayed,Not Returned,3
ORD02811,2022-02-05,CUST1181,Central,Nagpur,Clothing,Jacket,SwiftVendors,Air,Hyderabad WH,11,1394.74,15342.14,5,6,1,Delayed,Returned,3
ORD02812,2023-08-27,CUST2443,North,Delhi,Grocery,Flour,QuickMart Ltd,Road,Delhi WH,15,563.59,8453.85,3,5,2,Delayed,Not Returned,4
ORD02813,2023-09-28,CUST3236,East,Patna,Electronics,Tablet,FastSupply Co,Rail,Bangalore WH,11,1512.34,16635.74,6,6,0,On-Time,Returned,5
ORD02814,2022-11-19,CUST2386,North,Jaipur,Furniture,Chair,QuickMart Ltd,Road,Mumbai WH,17,498.27,8470.59,9,14,5,Delayed,Not Returned,1
ORD02815,2022-11-18,CUST4332,East,Bhubaneswar,Grocery,Pulses,MegaSource Inc,Rail,Delhi WH,17,3356.62,57062.54,7,14,7,Delayed,Returned,1
ORD02816,2022-01-15,CUST3632,North,Jaipur,Grocery,Rice,ReliableGoods,Rail,Hyderabad WH,6,709.97,4259.82,8,11,3,Delayed,Not Returned,3
ORD02817,2022-10-16,CUST1717,South,Kochi,Grocery,Pulses,FastSupply Co,Road,Mumbai WH,5,4266.64,21333.2,4,5,1,Delayed,Not Returned,3
ORD02818,2023-09-04,CUST4401,Central,Bhopal,Electronics,Headphones,ReliableGoods,Rail,Hyderabad WH,8,4095.1,32760.8,9,9,0,On-Time,Not Returned,4
ORD02819,2023-12-21,CUST4191,West,Mumbai,Furniture,Chair,MegaSource Inc,Rail,Delhi WH,2,117.63,235.26,8,6,-2,Early,Not Returned,5
ORD02820,2023-11-09,CUST3804,East,Bhubaneswar,Clothing,Shoes,QuickMart Ltd,Road,Delhi WH,16,4483.85,71741.6,5,5,0,On-Time,Not Returned,5
ORD02821,2022-08-01,CUST2903,East,Bhubaneswar,Sports,Cycle,FastSupply Co,Air,Delhi WH,12,193.27,2319.24,5,5,0,On-Time,Not Returned,4
ORD02822,2022-05-27,CUST3848,South,Kochi,Furniture,Chair,QuickMart Ltd,Rail,Hyderabad WH,6,1236.25,7417.5,8,8,0,On-Time,Returned,5
ORD02823,2023-03-03,CUST2960,South,Kochi,Furniture,Wardrobe,QuickMart Ltd,Sea,Kolkata WH,1,210.33,210.33,9,9,0,On-Time,Not Returned,5
ORD02824,2023-03-23,CUST3587,North,Jaipur,Furniture,Sofa,SwiftVendors,Air,Hyderabad WH,4,1712.43,6849.72,8,7,-1,Early,Returned,5
ORD02825,2022-10-31,CUST1746,East,Kolkata,Furniture,Wardrobe,SwiftVendors,Air,Bangalore WH,17,2593.64,44091.88,6,6,0,On-Time,Not Returned,5
ORD02826,2022-08-10,CUST4323,Central,Indore,Grocery,Flour,ReliableGoods,Air,Mumbai WH,13,3993.39,51914.07,3,3,0,On-Time,Not Returned,4
ORD02827,2022-05-11,CUST1552,North,Chandigarh,Clothing,Saree,MegaSource Inc,Sea,Delhi WH,18,1723.01,31014.18,7,8,1,Delayed,Not Returned,4
ORD02828,2022-05-15,CUST1258,South,Bangalore,Electronics,Camera,QuickMart Ltd,Sea,Kolkata WH,5,3542.18,17710.9,6,6,0,On-Time,Not Returned,5
ORD02829,2022-08-16,CUST3932,East,Patna,Grocery,Sugar,QuickMart Ltd,Air,Delhi WH,3,978.15,2934.45,4,4,0,On-Time,Not Returned,4
ORD02830,2023-08-28,CUST4179,West,Surat,Electronics,Laptop,ReliableGoods,Air,Mumbai WH,11,3765.46,41420.06,8,9,1,Delayed,Not Returned,3
ORD02831,2022-09-21,CUST4865,West,Mumbai,Electronics,Laptop,FastSupply Co,Sea,Hyderabad WH,13,1218.18,15836.34,4,6,2,Delayed,Not Returned,3
ORD02832,2023-01-26,CUST2874,East,Patna,Electronics,Camera,FastSupply Co,Sea,Bangalore WH,4,760.55,3042.2,4,4,0,On-Time,Not Returned,5
ORD02833,2022-04-14,CUST1151,Central,Bhopal,Clothing,T-Shirt,MegaSource Inc,Air,Hyderabad WH,14,967.77,13548.78,6,8,2,Delayed,Not Returned,3
ORD02834,2022-05-14,CUST2201,East,Kolkata,Furniture,Wardrobe,MegaSource Inc,Air,Mumbai WH,11,951.21,10463.31,7,7,0,On-Time,Not Returned,4
ORD02835,2022-04-14,CUST1825,Central,Indore,Sports,Cricket Bat,SwiftVendors,Sea,Kolkata WH,10,2588.67,25886.7,9,9,0,On-Time,Not Returned,5
ORD02836,2022-06-10,CUST1179,South,Kochi,Sports,Dumbbells,MegaSource Inc,Sea,Bangalore WH,19,4231.75,80403.25,5,5,0,On-Time,Not Returned,5
ORD02837,2023-07-16,CUST4240,Central,Indore,Furniture,Table,MegaSource Inc,Sea,Bangalore WH,18,444.05,7992.9,3,3,0,On-Time,Not Returned,4
ORD02838,2023-08-23,CUST1817,Central,Raipur,Furniture,Wardrobe,FastSupply Co,Rail,Delhi WH,6,3549.43,21296.58,5,8,3,Delayed,Returned,3
ORD02839,2023-12-22,CUST4628,East,Kolkata,Clothing,T-Shirt,FastSupply Co,Air,Kolkata WH,15,3289.01,49335.15,7,10,3,Delayed,Not Returned,2
ORD02840,2023-07-01,CUST1171,East,Guwahati,Sports,Dumbbells,ReliableGoods,Road,Delhi WH,10,4368.97,43689.7,5,5,0,On-Time,Not Returned,4
ORD02841,2023-10-29,CUST2292,West,Surat,Grocery,Flour,SwiftVendors,Sea,Bangalore WH,5,1258.53,6292.65,8,8,0,On-Time,Not Returned,4
ORD02842,2022-03-18,CUST4823,South,Kochi,Clothing,Shoes,QuickMart Ltd,Rail,Delhi WH,5,2278.04,11390.2,8,10,2,Delayed,Not Returned,4
ORD02843,2023-11-08,CUST2270,North,Jaipur,Sports,Football,QuickMart Ltd,Road,Kolkata WH,10,4632.85,46328.5,6,6,0,On-Time,Not Returned,4
ORD02844,2022-04-17,CUST3111,East,Bhubaneswar,Grocery,Rice,QuickMart Ltd,Road,Bangalore WH,5,3316.97,16584.85,4,4,0,On-Time,Not Returned,5
ORD02845,2022-12-04,CUST2631,South,Chennai,Clothing,Jacket,MegaSource Inc,Road,Delhi WH,3,1974.4,5923.2,7,6,-1,Early,Not Returned,4
ORD02846,2023-09-23,CUST4339,South,Chennai,Sports,Yoga Mat,SwiftVendors,Rail,Delhi WH,6,700.49,4202.94,7,8,1,Delayed,Returned,3
ORD02847,2022-10-23,CUST3224,West,Surat,Grocery,Flour,MegaSource Inc,Rail,Bangalore WH,4,1349.3,5397.2,5,3,-2,Early,Not Returned,5
ORD02848,2023-07-30,CUST2939,East,Patna,Electronics,Tablet,SwiftVendors,Rail,Kolkata WH,18,2927.02,52686.36,6,6,0,On-Time,Returned,5
ORD02849,2022-12-14,CUST2037,East,Kolkata,Sports,Football,ReliableGoods,Road,Mumbai WH,9,3604.93,32444.37,5,7,2,Delayed,Not Returned,3
ORD02850,2022-08-22,CUST1149,South,Hyderabad,Grocery,Sugar,SwiftVendors,Air,Mumbai WH,17,665.89,11320.13,5,5,0,On-Time,Not Returned,5
ORD02851,2022-09-15,CUST4085,East,Guwahati,Clothing,T-Shirt,SwiftVendors,Air,Bangalore WH,13,3018.01,39234.13,7,7,0,On-Time,Not Returned,5
ORD02852,2022-01-17,CUST3649,West,Surat,Grocery,Oil,SwiftVendors,Sea,Mumbai WH,15,2774.24,41613.6,5,5,0,On-Time,Not Returned,5
ORD02853,2022-01-05,CUST1782,West,Mumbai,Clothing,Shoes,SwiftVendors,Sea,Delhi WH,17,2594.08,44099.36,4,4,0,On-Time,Returned,4
ORD02854,2023-12-18,CUST2171,West,Surat,Grocery,Sugar,QuickMart Ltd,Sea,Hyderabad WH,13,3466.11,45059.43,5,5,0,On-Time,Not Returned,5
ORD02855,2022-03-16,CUST2462,East,Patna,Furniture,Bed,ReliableGoods,Sea,Mumbai WH,16,4195.38,67126.08,4,4,0,On-Time,Not Returned,5
ORD02856,2022-07-06,CUST4531,East,Guwahati,Sports,Dumbbells,FastSupply Co,Road,Hyderabad WH,4,1648.8,6595.2,7,7,0,On-Time,Not Returned,5
ORD02857,2023-12-03,CUST4198,West,Surat,Clothing,Jacket,ReliableGoods,Rail,Delhi WH,5,4450.61,22253.05,6,8,2,Delayed,Not Returned,4
ORD02858,2023-04-07,CUST1195,Central,Bhopal,Grocery,Rice,SwiftVendors,Rail,Hyderabad WH,5,845.14,4225.7,8,8,0,On-Time,Not Returned,5
ORD02859,2023-03-24,CUST4546,North,Chandigarh,Clothing,Jacket,SwiftVendors,Air,Bangalore WH,9,906.47,8158.23,4,4,0,On-Time,Not Returned,5
ORD02860,2023-12-17,CUST3685,South,Hyderabad,Electronics,Camera,MegaSource Inc,Road,Mumbai WH,17,1370.52,23298.84,6,6,0,On-Time,Not Returned,4
ORD02861,2022-06-17,CUST2359,Central,Nagpur,Clothing,Saree,SwiftVendors,Road,Hyderabad WH,13,641.68,8341.84,6,6,0,On-Time,Not Returned,4
ORD02862,2022-05-21,CUST2119,North,Jaipur,Sports,Cricket Bat,ReliableGoods,Rail,Mumbai WH,2,1190.08,2380.16,4,5,1,Delayed,Not Returned,4
ORD02863,2022-07-17,CUST1509,East,Patna,Electronics,Camera,FastSupply Co,Air,Kolkata WH,13,576.74,7497.62,7,7,0,On-Time,Not Returned,4
ORD02864,2023-08-29,CUST4274,South,Kochi,Sports,Cycle,MegaSource Inc,Air,Mumbai WH,19,4117.67,78235.73,3,5,2,Delayed,Not Returned,3
ORD02865,2023-06-28,CUST2507,Central,Nagpur,Grocery,Rice,MegaSource Inc,Sea,Delhi WH,3,737.9,2213.7,6,6,0,On-Time,Not Returned,4
ORD02866,2023-12-22,CUST2789,South,Bangalore,Furniture,Chair,FastSupply Co,Road,Bangalore WH,10,3749.12,37491.2,6,6,0,On-Time,Not Returned,5
ORD02867,2022-11-08,CUST4643,East,Patna,Sports,Football,ReliableGoods,Sea,Bangalore WH,2,287.17,574.34,7,12,5,Delayed,Returned,3
ORD02868,2023-05-25,CUST2638,North,Jaipur,Clothing,Saree,SwiftVendors,Rail,Hyderabad WH,13,4745.18,61687.34,7,9,2,Delayed,Not Returned,3
ORD02869,2022-11-04,CUST4044,North,Chandigarh,Furniture,Bed,FastSupply Co,Rail,Mumbai WH,19,3570.24,67834.56,5,5,0,On-Time,Not Returned,5
ORD02870,2022-06-26,CUST2801,North,Lucknow,Clothing,Jeans,ReliableGoods,Road,Bangalore WH,17,83.64,1421.88,7,10,3,Delayed,Returned,3
ORD02871,2023-10-15,CUST4664,Central,Indore,Electronics,Headphones,ReliableGoods,Sea,Kolkata WH,14,3831.09,53635.26,6,6,0,On-Time,Not Returned,4
ORD02872,2022-06-15,CUST4917,North,Jaipur,Electronics,Mobile,ReliableGoods,Road,Mumbai WH,12,2594.71,31136.52,4,7,3,Delayed,Returned,2
ORD02873,2022-12-16,CUST2583,Central,Raipur,Electronics,Camera,SwiftVendors,Rail,Mumbai WH,12,3907.86,46894.32,3,4,1,Delayed,Not Returned,3
ORD02874,2023-02-12,CUST2388,Central,Indore,Grocery,Sugar,SwiftVendors,Air,Mumbai WH,11,2636.36,28999.96,9,10,1,Delayed,Not Returned,3
ORD02875,2023-04-18,CUST4988,West,Pune,Electronics,Camera,QuickMart Ltd,Sea,Kolkata WH,7,3223.07,22561.49,5,3,-2,Early,Not Returned,5
ORD02876,2023-06-01,CUST1765,Central,Nagpur,Sports,Cycle,MegaSource Inc,Rail,Hyderabad WH,4,3942.34,15769.36,9,9,0,On-Time,Not Returned,4
ORD02877,2023-12-14,CUST3032,South,Hyderabad,Clothing,Jeans,SwiftVendors,Road,Delhi WH,19,2055.28,39050.32,4,5,1,Delayed,Not Returned,3
ORD02878,2023-05-19,CUST3834,North,Delhi,Electronics,Camera,QuickMart Ltd,Air,Delhi WH,1,63.41,63.41,3,3,0,On-Time,Returned,4
ORD02879,2022-03-07,CUST3037,Central,Indore,Sports,Yoga Mat,ReliableGoods,Road,Mumbai WH,3,4257.24,12771.72,3,3,0,On-Time,Not Returned,4
ORD02880,2023-06-10,CUST2504,East,Bhubaneswar,Sports,Dumbbells,MegaSource Inc,Road,Bangalore WH,13,1935.41,25160.33,3,3,0,On-Time,Not Returned,5
ORD02881,2023-05-29,CUST4785,Central,Nagpur,Electronics,Mobile,MegaSource Inc,Road,Kolkata WH,15,2505.41,37581.15,8,8,0,On-Time,Not Returned,4
ORD02882,2023-06-23,CUST4265,Central,Nagpur,Sports,Football,FastSupply Co,Road,Kolkata WH,2,88.44,176.88,4,5,1,Delayed,Not Returned,4
ORD02883,2022-05-25,CUST3126,West,Pune,Grocery,Oil,QuickMart Ltd,Rail,Mumbai WH,11,2485.86,27344.46,5,5,0,On-Time,Not Returned,5
ORD02884,2022-05-12,CUST2092,South,Kochi,Electronics,Mobile,SwiftVendors,Rail,Mumbai WH,4,4933.11,19732.44,5,5,0,On-Time,Not Returned,4
ORD02885,2022-07-29,CUST4281,East,Kolkata,Clothing,Saree,MegaSource Inc,Air,Mumbai WH,19,1427.42,27120.98,3,3,0,On-Time,Not Returned,5
ORD02886,2023-04-07,CUST1338,West,Surat,Grocery,Oil,ReliableGoods,Air,Delhi WH,17,2007.32,34124.44,4,4,0,On-Time,Not Returned,4
ORD02887,2023-06-23,CUST3978,South,Kochi,Furniture,Chair,MegaSource Inc,Air,Hyderabad WH,3,3451.59,10354.77,8,15,7,Delayed,Returned,1
ORD02888,2023-10-21,CUST2738,Central,Raipur,Clothing,T-Shirt,FastSupply Co,Air,Delhi WH,18,4083.23,73498.14,3,3,0,On-Time,Not Returned,5
ORD02889,2023-07-14,CUST1323,East,Bhubaneswar,Clothing,Shoes,SwiftVendors,Air,Hyderabad WH,8,2116.09,16928.72,7,8,1,Delayed,Not Returned,3
ORD02890,2023-10-27,CUST2763,South,Bangalore,Clothing,Shoes,QuickMart Ltd,Sea,Delhi WH,19,1582.86,30074.34,9,11,2,Delayed,Not Returned,4
ORD02891,2023-05-10,CUST3467,West,Mumbai,Furniture,Chair,FastSupply Co,Air,Kolkata WH,5,4692.24,23461.2,5,7,2,Delayed,Not Returned,3
ORD02892,2022-03-01,CUST4368,Central,Bhopal,Clothing,Jeans,QuickMart Ltd,Rail,Mumbai WH,7,3401.87,23813.09,9,9,0,On-Time,Not Returned,4
ORD02893,2022-12-04,CUST1739,Central,Raipur,Sports,Dumbbells,ReliableGoods,Road,Mumbai WH,8,639.16,5113.28,6,9,3,Delayed,Not Returned,1
ORD02894,2023-11-05,CUST3234,North,Lucknow,Clothing,Saree,QuickMart Ltd,Air,Mumbai WH,5,391.19,1955.95,3,3,0,On-Time,Not Returned,5
ORD02895,2023-07-14,CUST2203,West,Ahmedabad,Grocery,Rice,ReliableGoods,Sea,Delhi WH,17,2443.57,41540.69,7,12,5,Delayed,Returned,1
ORD02896,2022-10-25,CUST2315,East,Bhubaneswar,Furniture,Sofa,FastSupply Co,Rail,Delhi WH,5,1139.45,5697.25,5,5,0,On-Time,Not Returned,4
ORD02897,2022-03-11,CUST1420,Central,Nagpur,Electronics,Headphones,ReliableGoods,Road,Delhi WH,4,1307.22,5228.88,9,9,0,On-Time,Not Returned,4
ORD02898,2023-02-02,CUST1327,North,Delhi,Furniture,Table,FastSupply Co,Air,Hyderabad WH,19,4394.58,83497.02,8,8,0,On-Time,Not Returned,5
ORD02899,2023-06-19,CUST2343,South,Chennai,Electronics,Mobile,FastSupply Co,Road,Kolkata WH,2,493.35,986.7,4,6,2,Delayed,Not Returned,4
ORD02900,2022-02-20,CUST3707,Central,Raipur,Clothing,Jeans,MegaSource Inc,Air,Mumbai WH,11,3591.05,39501.55,5,5,0,On-Time,Not Returned,4
ORD02901,2023-01-29,CUST2210,South,Kochi,Electronics,Headphones,SwiftVendors,Air,Bangalore WH,13,1392.15,18097.95,9,9,0,On-Time,Not Returned,4
ORD02902,2023-12-16,CUST2255,Central,Bhopal,Sports,Football,SwiftVendors,Sea,Mumbai WH,15,3813.62,57204.3,4,4,0,On-Time,Returned,4
ORD02903,2022-03-20,CUST2826,South,Bangalore,Electronics,Tablet,ReliableGoods,Sea,Delhi WH,12,3625.94,43511.28,9,14,5,Delayed,Not Returned,1
ORD02904,2022-07-24,CUST3468,West,Mumbai,Electronics,Headphones,FastSupply Co,Sea,Mumbai WH,11,86.59,952.49,4,7,3,Delayed,Returned,3
ORD02905,2023-12-16,CUST3939,South,Bangalore,Grocery,Oil,SwiftVendors,Road,Bangalore WH,7,2570.22,17991.54,8,8,0,On-Time,Not Returned,4
ORD02906,2022-09-19,CUST2745,South,Kochi,Sports,Football,MegaSource Inc,Road,Hyderabad WH,5,739.63,3698.15,8,9,1,Delayed,Not Returned,4
ORD02907,2023-08-13,CUST1682,Central,Raipur,Electronics,Headphones,SwiftVendors,Air,Bangalore WH,17,4337.82,73742.94,3,3,0,On-Time,Not Returned,5
ORD02908,2023-10-20,CUST3825,Central,Raipur,Electronics,Laptop,FastSupply Co,Rail,Mumbai WH,9,4364.35,39279.15,3,3,0,On-Time,Not Returned,4
ORD02909,2023-01-14,CUST2818,South,Hyderabad,Clothing,Jeans,ReliableGoods,Rail,Kolkata WH,14,2120.81,29691.34,5,10,5,Delayed,Returned,2
ORD02910,2023-02-15,CUST2439,West,Mumbai,Furniture,Bed,SwiftVendors,Sea,Kolkata WH,12,2249.76,26997.12,8,8,0,On-Time,Not Returned,5
ORD02911,2022-11-10,CUST2831,East,Patna,Furniture,Chair,QuickMart Ltd,Rail,Kolkata WH,6,1551.25,9307.5,7,7,0,On-Time,Not Returned,5
ORD02912,2023-04-24,CUST1173,North,Chandigarh,Clothing,Jacket,SwiftVendors,Sea,Bangalore WH,17,3597.2,61152.4,9,9,0,On-Time,Not Returned,5
ORD02913,2023-08-12,CUST3977,South,Chennai,Electronics,Laptop,SwiftVendors,Rail,Delhi WH,19,1825.37,34682.03,9,9,0,On-Time,Not Returned,5
ORD02914,2023-09-06,CUST4563,West,Mumbai,Electronics,Tablet,MegaSource Inc,Road,Bangalore WH,19,1375.57,26135.83,9,9,0,On-Time,Not Returned,5
ORD02915,2023-07-04,CUST4733,South,Kochi,Grocery,Oil,FastSupply Co,Air,Bangalore WH,16,2189.54,35032.64,5,5,0,On-Time,Returned,5
ORD02916,2022-10-05,CUST2444,North,Jaipur,Furniture,Bed,QuickMart Ltd,Road,Kolkata WH,12,502.86,6034.32,9,9,0,On-Time,Not Returned,4
ORD02917,2023-02-05,CUST3518,East,Kolkata,Clothing,T-Shirt,ReliableGoods,Sea,Mumbai WH,12,3745.69,44948.28,6,6,0,On-Time,Not Returned,5
ORD02918,2022-01-26,CUST2781,East,Kolkata,Grocery,Flour,SwiftVendors,Rail,Bangalore WH,6,112.35,674.1,4,4,0,On-Time,Not Returned,4
ORD02919,2023-11-27,CUST2124,South,Chennai,Electronics,Tablet,MegaSource Inc,Road,Delhi WH,4,3240.2,12960.8,9,9,0,On-Time,Not Returned,4
ORD02920,2022-11-29,CUST3619,North,Delhi,Grocery,Flour,QuickMart Ltd,Sea,Delhi WH,6,955.18,5731.08,4,4,0,On-Time,Not Returned,4
ORD02921,2023-06-12,CUST4241,South,Chennai,Electronics,Mobile,SwiftVendors,Air,Kolkata WH,11,1200.4,13204.4,3,5,2,Delayed,Not Returned,4
ORD02922,2023-03-15,CUST4882,Central,Nagpur,Grocery,Oil,QuickMart Ltd,Road,Kolkata WH,1,3196.38,3196.38,9,9,0,On-Time,Not Returned,4
ORD02923,2023-12-05,CUST1234,East,Kolkata,Electronics,Tablet,FastSupply Co,Road,Delhi WH,15,4965.07,74476.05,7,8,1,Delayed,Not Returned,3
ORD02924,2023-03-31,CUST1307,West,Pune,Grocery,Pulses,ReliableGoods,Sea,Bangalore WH,11,3899.7,42896.7,8,10,2,Delayed,Not Returned,4
ORD02925,2023-10-01,CUST3749,West,Ahmedabad,Electronics,Laptop,FastSupply Co,Road,Kolkata WH,19,1167.91,22190.29,8,9,1,Delayed,Not Returned,4
ORD02926,2022-10-03,CUST3611,West,Pune,Clothing,T-Shirt,MegaSource Inc,Air,Mumbai WH,18,921.32,16583.76,3,3,0,On-Time,Not Returned,5
ORD02927,2023-08-04,CUST2663,North,Lucknow,Grocery,Oil,QuickMart Ltd,Road,Mumbai WH,17,4337.85,73743.45,6,6,0,On-Time,Not Returned,5
ORD02928,2023-02-01,CUST2488,North,Jaipur,Grocery,Pulses,ReliableGoods,Sea,Hyderabad WH,19,2248.71,42725.49,5,5,0,On-Time,Not Returned,5
ORD02929,2022-07-17,CUST3101,East,Guwahati,Furniture,Wardrobe,FastSupply Co,Rail,Mumbai WH,14,728.41,10197.74,5,6,1,Delayed,Not Returned,3
ORD02930,2023-11-26,CUST4281,North,Delhi,Grocery,Pulses,FastSupply Co,Rail,Bangalore WH,18,4317.95,77723.1,7,7,0,On-Time,Not Returned,4
ORD02931,2023-07-09,CUST4071,Central,Nagpur,Clothing,T-Shirt,QuickMart Ltd,Road,Delhi WH,19,4089.66,77703.54,3,6,3,Delayed,Returned,1
ORD02932,2022-09-05,CUST3782,East,Patna,Clothing,Jeans,MegaSource Inc,Air,Mumbai WH,15,4920.34,73805.1,3,8,5,Delayed,Not Returned,2
ORD02933,2022-01-04,CUST1655,East,Patna,Furniture,Table,QuickMart Ltd,Rail,Bangalore WH,15,4553.23,68298.45,6,6,0,On-Time,Not Returned,4
ORD02934,2023-09-28,CUST4902,Central,Nagpur,Electronics,Laptop,MegaSource Inc,Sea,Kolkata WH,4,4266.36,17065.44,9,9,0,On-Time,Not Returned,5
ORD02935,2023-04-01,CUST1127,Central,Bhopal,Clothing,Jacket,MegaSource Inc,Sea,Delhi WH,7,310.24,2171.68,5,6,1,Delayed,Not Returned,3
ORD02936,2022-06-07,CUST1584,Central,Nagpur,Sports,Dumbbells,ReliableGoods,Air,Bangalore WH,13,566.86,7369.18,9,9,0,On-Time,Returned,5
ORD02937,2022-07-26,CUST4476,South,Kochi,Sports,Yoga Mat,QuickMart Ltd,Road,Kolkata WH,3,2866.47,8599.41,3,3,0,On-Time,Not Returned,5
ORD02938,2023-02-09,CUST3488,West,Surat,Electronics,Headphones,ReliableGoods,Air,Delhi WH,16,2680.82,42893.12,9,14,5,Delayed,Returned,1
ORD02939,2022-05-03,CUST3777,West,Mumbai,Electronics,Tablet,QuickMart Ltd,Sea,Bangalore WH,9,2316.92,20852.28,8,8,0,On-Time,Not Returned,4
ORD02940,2022-02-21,CUST4200,East,Bhubaneswar,Furniture,Table,QuickMart Ltd,Air,Delhi WH,8,2014.11,16112.88,7,14,7,Delayed,Not Returned,2
ORD02941,2023-07-11,CUST2794,Central,Indore,Furniture,Table,MegaSource Inc,Air,Bangalore WH,13,2184.49,28398.37,5,7,2,Delayed,Not Returned,3
ORD02942,2022-03-02,CUST1142,North,Lucknow,Grocery,Rice,FastSupply Co,Rail,Hyderabad WH,17,2868.02,48756.34,6,8,2,Delayed,Returned,3
ORD02943,2023-08-11,CUST1517,Central,Raipur,Sports,Dumbbells,MegaSource Inc,Road,Kolkata WH,17,60.28,1024.76,7,7,0,On-Time,Not Returned,4
ORD02944,2022-05-25,CUST1275,East,Bhubaneswar,Sports,Yoga Mat,MegaSource Inc,Road,Mumbai WH,17,1340.51,22788.67,4,4,0,On-Time,Not Returned,5
ORD02945,2023-03-04,CUST1966,West,Mumbai,Sports,Cycle,SwiftVendors,Air,Kolkata WH,1,2615.48,2615.48,8,8,0,On-Time,Not Returned,5
ORD02946,2022-03-27,CUST4188,South,Hyderabad,Electronics,Headphones,SwiftVendors,Road,Kolkata WH,8,3624.97,28999.76,6,6,0,On-Time,Not Returned,5
ORD02947,2023-01-29,CUST3642,Central,Raipur,Clothing,Shoes,FastSupply Co,Road,Hyderabad WH,19,912.08,17329.52,7,7,0,On-Time,Not Returned,5
ORD02948,2023-02-15,CUST2500,West,Surat,Sports,Cricket Bat,FastSupply Co,Sea,Delhi WH,6,2757.06,16542.36,3,3,0,On-Time,Not Returned,4
ORD02949,2022-05-16,CUST2483,East,Patna,Furniture,Bed,QuickMart Ltd,Road,Delhi WH,3,3586.58,10759.74,4,4,0,On-Time,Not Returned,5
ORD02950,2022-01-08,CUST2568,East,Bhubaneswar,Electronics,Laptop,FastSupply Co,Air,Bangalore WH,5,2250.91,11254.55,6,6,0,On-Time,Returned,4
ORD02951,2022-04-12,CUST4889,West,Pune,Clothing,T-Shirt,FastSupply Co,Road,Mumbai WH,13,184.05,2392.65,3,5,2,Delayed,Not Returned,4
ORD02952,2023-03-05,CUST3323,West,Surat,Sports,Cycle,QuickMart Ltd,Air,Delhi WH,15,2273.88,34108.2,8,8,0,On-Time,Not Returned,5
ORD02953,2022-11-27,CUST1132,Central,Nagpur,Electronics,Tablet,FastSupply Co,Rail,Kolkata WH,14,1517.4,21243.6,4,4,0,On-Time,Not Returned,5
ORD02954,2022-12-31,CUST3478,North,Chandigarh,Sports,Cycle,MegaSource Inc,Air,Delhi WH,16,4651.77,74428.32,5,6,1,Delayed,Not Returned,3
ORD02955,2022-11-23,CUST1628,Central,Indore,Electronics,Laptop,QuickMart Ltd,Sea,Kolkata WH,18,666.84,12003.12,3,2,-1,Early,Not Returned,5
ORD02956,2023-04-06,CUST3781,South,Kochi,Sports,Yoga Mat,FastSupply Co,Air,Kolkata WH,11,3279.76,36077.36,7,7,0,On-Time,Not Returned,4
ORD02957,2023-12-02,CUST2842,West,Surat,Sports,Yoga Mat,ReliableGoods,Rail,Mumbai WH,3,310.96,932.88,9,9,0,On-Time,Not Returned,4
ORD02958,2023-06-03,CUST4886,South,Kochi,Clothing,Saree,MegaSource Inc,Air,Hyderabad WH,10,2258.54,22585.4,6,6,0,On-Time,Not Returned,4
ORD02959,2023-02-21,CUST2519,South,Hyderabad,Clothing,T-Shirt,FastSupply Co,Sea,Kolkata WH,10,2792.2,27922.0,4,9,5,Delayed,Returned,3
ORD02960,2022-10-12,CUST2523,North,Delhi,Furniture,Bed,SwiftVendors,Air,Kolkata WH,16,1524.88,24398.08,3,5,2,Delayed,Not Returned,3
ORD02961,2022-12-05,CUST2818,Central,Indore,Electronics,Headphones,SwiftVendors,Air,Kolkata WH,12,2302.62,27631.44,5,6,1,Delayed,Not Returned,4
ORD02962,2023-05-27,CUST4125,East,Bhubaneswar,Clothing,Jeans,ReliableGoods,Sea,Bangalore WH,2,859.59,1719.18,9,9,0,On-Time,Not Returned,4
ORD02963,2023-11-13,CUST1314,South,Chennai,Electronics,Laptop,SwiftVendors,Road,Kolkata WH,9,1555.41,13998.69,6,6,0,On-Time,Not Returned,4
ORD02964,2023-06-20,CUST3350,South,Chennai,Furniture,Bed,FastSupply Co,Rail,Delhi WH,3,3124.48,9373.44,6,6,0,On-Time,Not Returned,4
ORD02965,2023-02-13,CUST1563,South,Chennai,Clothing,Jacket,ReliableGoods,Rail,Delhi WH,15,1543.91,23158.65,3,4,1,Delayed,Not Returned,3
ORD02966,2022-11-27,CUST3168,South,Hyderabad,Clothing,T-Shirt,SwiftVendors,Air,Bangalore WH,3,4503.73,13511.19,5,7,2,Delayed,Not Returned,3
ORD02967,2022-12-02,CUST2503,East,Patna,Electronics,Headphones,MegaSource Inc,Rail,Mumbai WH,19,3160.61,60051.59,8,7,-1,Early,Not Returned,5
ORD02968,2023-01-03,CUST2630,Central,Indore,Clothing,Saree,FastSupply Co,Sea,Hyderabad WH,18,2221.31,39983.58,9,9,0,On-Time,Not Returned,4
ORD02969,2023-05-21,CUST2287,North,Chandigarh,Furniture,Chair,MegaSource Inc,Sea,Kolkata WH,8,241.85,1934.8,8,8,0,On-Time,Returned,5
ORD02970,2022-12-27,CUST3660,South,Kochi,Furniture,Table,FastSupply Co,Road,Kolkata WH,17,2522.76,42886.92,4,4,0,On-Time,Not Returned,5
ORD02971,2022-04-13,CUST2141,West,Mumbai,Grocery,Oil,MegaSource Inc,Air,Hyderabad WH,8,3835.64,30685.12,3,5,2,Delayed,Not Returned,4
ORD02972,2022-06-26,CUST2022,East,Guwahati,Clothing,Jeans,QuickMart Ltd,Sea,Kolkata WH,7,1364.51,9551.57,9,11,2,Delayed,Not Returned,3
ORD02973,2022-09-18,CUST4934,North,Delhi,Electronics,Camera,ReliableGoods,Air,Hyderabad WH,7,4043.53,28304.71,4,4,0,On-Time,Returned,4
ORD02974,2023-04-27,CUST1464,West,Pune,Furniture,Chair,QuickMart Ltd,Air,Bangalore WH,3,1296.44,3889.32,8,8,0,On-Time,Not Returned,4
ORD02975,2023-03-18,CUST1106,West,Mumbai,Sports,Football,SwiftVendors,Rail,Hyderabad WH,1,4127.54,4127.54,9,9,0,On-Time,Not Returned,5
ORD02976,2022-10-09,CUST4013,West,Ahmedabad,Furniture,Wardrobe,MegaSource Inc,Road,Bangalore WH,4,472.08,1888.32,6,6,0,On-Time,Returned,4
ORD02977,2022-01-06,CUST1762,South,Kochi,Grocery,Oil,FastSupply Co,Sea,Kolkata WH,5,4337.61,21688.05,4,7,3,Delayed,Not Returned,3
ORD02978,2022-01-08,CUST3044,Central,Indore,Grocery,Oil,SwiftVendors,Road,Kolkata WH,1,2520.97,2520.97,5,5,0,On-Time,Not Returned,4
ORD02979,2022-02-23,CUST3120,South,Hyderabad,Grocery,Flour,FastSupply Co,Air,Mumbai WH,15,1517.86,22767.9,7,9,2,Delayed,Not Returned,4
ORD02980,2023-01-31,CUST2585,West,Ahmedabad,Sports,Cricket Bat,FastSupply Co,Sea,Delhi WH,5,1362.31,6811.55,8,8,0,On-Time,Not Returned,4
ORD02981,2023-06-21,CUST4741,North,Lucknow,Grocery,Rice,QuickMart Ltd,Road,Hyderabad WH,13,2188.45,28449.85,8,10,2,Delayed,Not Returned,3
ORD02982,2023-04-03,CUST3300,South,Chennai,Clothing,Shoes,QuickMart Ltd,Sea,Mumbai WH,8,4995.3,39962.4,5,5,0,On-Time,Not Returned,4
ORD02983,2022-12-12,CUST1482,North,Lucknow,Furniture,Table,MegaSource Inc,Road,Delhi WH,8,1140.62,9124.96,9,12,3,Delayed,Not Returned,2
ORD02984,2023-06-18,CUST2072,South,Bangalore,Clothing,Saree,QuickMart Ltd,Rail,Bangalore WH,5,560.92,2804.6,9,9,0,On-Time,Not Returned,5
ORD02985,2023-03-01,CUST4174,Central,Indore,Clothing,Saree,SwiftVendors,Rail,Mumbai WH,9,2945.92,26513.28,9,9,0,On-Time,Not Returned,5
ORD02986,2023-06-28,CUST2066,Central,Indore,Furniture,Wardrobe,SwiftVendors,Rail,Mumbai WH,1,2468.29,2468.29,4,4,0,On-Time,Not Returned,4
ORD02987,2022-05-16,CUST3883,South,Bangalore,Grocery,Flour,QuickMart Ltd,Air,Kolkata WH,4,2644.77,10579.08,3,3,0,On-Time,Not Returned,4
ORD02988,2022-10-26,CUST2827,South,Kochi,Electronics,Mobile,ReliableGoods,Air,Mumbai WH,3,3351.33,10053.99,6,6,0,On-Time,Not Returned,5
ORD02989,2023-12-01,CUST1878,Central,Raipur,Sports,Cycle,MegaSource Inc,Road,Hyderabad WH,2,1372.36,2744.72,7,7,0,On-Time,Not Returned,4
ORD02990,2022-02-28,CUST3506,North,Jaipur,Sports,Football,FastSupply Co,Road,Bangalore WH,8,4557.79,36462.32,3,2,-1,Early,Not Returned,4
ORD02991,2023-01-01,CUST2169,Central,Nagpur,Furniture,Table,MegaSource Inc,Sea,Hyderabad WH,9,2206.58,19859.22,3,3,0,On-Time,Not Returned,5
ORD02992,2022-03-15,CUST3842,South,Hyderabad,Clothing,Shoes,ReliableGoods,Road,Hyderabad WH,2,688.98,1377.96,5,7,2,Delayed,Not Returned,3
ORD02993,2023-03-01,CUST4753,North,Delhi,Clothing,Jeans,ReliableGoods,Air,Kolkata WH,14,3724.38,52141.32,4,2,-2,Early,Not Returned,5
ORD02994,2023-01-27,CUST3011,South,Chennai,Grocery,Oil,FastSupply Co,Air,Bangalore WH,14,3233.37,45267.18,8,8,0,On-Time,Returned,5
ORD02995,2022-12-28,CUST1819,East,Patna,Grocery,Sugar,SwiftVendors,Road,Delhi WH,4,1612.93,6451.72,8,9,1,Delayed,Not Returned,4
ORD02996,2022-09-19,CUST1502,South,Kochi,Grocery,Rice,ReliableGoods,Road,Delhi WH,6,3126.52,18759.12,5,5,0,On-Time,Not Returned,5
ORD02997,2022-11-29,CUST1555,Central,Nagpur,Grocery,Oil,QuickMart Ltd,Rail,Delhi WH,11,1138.32,12521.52,4,4,0,On-Time,Returned,4
ORD02998,2022-04-20,CUST4493,West,Ahmedabad,Sports,Cricket Bat,QuickMart Ltd,Road,Bangalore WH,3,2251.95,6755.85,5,5,0,On-Time,Not Returned,5
ORD02999,2022-06-07,CUST1303,Central,Nagpur,Furniture,Bed,QuickMart Ltd,Road,Bangalore WH,8,4502.09,36016.72,8,15,7,Delayed,Returned,3
ORD03000,2022-06-29,CUST2851,Central,Bhopal,Furniture,Table,SwiftVendors,Road,Delhi WH,3,710.99,2132.97,3,3,0,On-Time,Not Returned,5
